Event Date,Number of Shows,Headliner,Promoter,Avg. Tickets Sold,Avg. Gross USD,Avg. Event Capacity,Avg. Capacity Sold,Ticket Price Min USD,Ticket Price Max USD,Ticket Price Avg. USD,Venue Type,Tickets Sold,Total Gross,Venue Address
1/2/2026,1,Keith Barry,Live Nation / Gaiety Investments (MCD Productions),336,17142.64,400.0,0.84,51.02,51.02,51.02,Theater ,336,17142.64,"National Opera House (Wexford), Wexford, Ireland"
1/2/2026,7,"""Harry Potter: Visions of Magic""",OCESA,1482,117441.19,1482.0,1.0,44.51,222.55,79.24,Theater ,10375,822088.32,"Gran Carpa Santa Fe, Mexico City, Mexico"
1/2/2026,7,"""The Lion King""",OCESA,558,44231.1,1400.0,0.39,55.64,278.18,79.23,Theater ,3908,309617.68,"Teatro Telcel, Mexico City, Mexico"
1/2/2026,7,"""The Phantom Of The Opera""",OCESA,567,57507.46,1400.0,0.4,44.51,222.55,101.4,Theater ,3970,402552.23,"Teatro de los Insurgentes, Mexico City, Mexico"
1/2/2026,1,Backstreet Boys,Live Nation,16751,2926472.0,16751.0,1.0,85.0,375.0,174.7,Arena,16751,2926472.0,"Sphere, Las Vegas, United States"
1/3/2026,1,Keith Barry,Live Nation / Gaiety Investments (MCD Productions),500,25445.59,500.0,1.0,50.89,50.89,50.89,Other,500,25445.59,"Mullingar Park Hotel, Mullingar, Ireland"
1/3/2026,1,Backstreet Boys,Live Nation,16751,2859349.5,16751.0,1.0,85.0,375.0,170.7,Arena,16751,2859349.5,"Sphere, Las Vegas, United States"
1/5/2026,1,Duran Duran,Live Nation,8980,976223.0,10010.0,0.89,54.5,754.5,108.71,Arena,8980,976223.0,"Mortgage Matchup Center, Phoenix, United States"
1/6/2026,7,"""The Lion King""",OCESA,567,45197.07,1400.0,0.4,55.89,279.44,79.59,Theater ,3975,316379.49,"Teatro Telcel, Mexico City, Mexico"
1/6/2026,7,"""The Phantom Of The Opera""",OCESA,577,58837.16,1400.0,0.41,44.71,223.55,101.87,Theater ,4043,411860.14,"Teatro de los Insurgentes, Mexico City, Mexico"
1/6/2026,1,Xavier Naidoo,Live Nation,12500,1765920.47,13000.0,0.96,107.44,158.01,141.27,Arena,12500,1765920.47,"Hallenstadion Zurich, Zurich, Switzerland"
1/6/2026,1,The Lumineers,"Frontier Touring, Live Nation",5733,338991.4,6185.0,0.92,69.01,69.01,59.13,Arena,5733,338991.4,"Spark Arena, Auckland, New Zealand"
1/7/2026,2,Blue Man Group,Live Nation,868,54969.88,1090.0,0.79,43.0,113.0,63.33,Theater ,1736,109939.75,"BJCC Concert Hall, Birmingham, United States"
1/8/2026,3,Joanne McNally,Live Nation / Gaiety Investments (MCD Productions),1235,67605.65,1298.0,0.95,54.66,54.66,54.73,Theater ,3706,202816.95,"3Olympia Theatre, Dublin, Ireland"
1/9/2026,1,Keith Barry,Live Nation / Gaiety Investments (MCD Productions),400,20231.9,400.0,1.0,50.58,50.58,50.58,Other,400,20231.9,"Langtons Hotel, Kilkenny, Ireland"
1/9/2026,1,Bad Bunny,"Bizarro Live Entertainment, Live Nation",55743,6679969.38,55743.0,1.0,55.5,388.5,119.84,Stadium,55743,6679969.38,"Estadio Nacional, Santiago, Chile"
1/9/2026,1,Daniel Tosh,"Live Nation, Seattle Theatre Group",2811,194463.5,2838.0,0.99,49.5,95.0,69.18,Theater ,2811,194463.5,"Paramount Theatre, Seattle, United States"
1/9/2026,1,Biffy Clyro,Live Nation / Gaiety Investments (MCD Productions),6019,563091.25,7500.0,0.8,93.51,93.51,93.55,Arena,6019,563091.25,"The SSE Arena, Belfast, Belfast, United Kingdom"
1/10/2026,1,Keith Barry,Live Nation / Gaiety Investments (MCD Productions),352,17774.7,420.0,0.83,50.5,50.5,50.5,Other,352,17774.7,"Hillgrove Hotel, Monaghan, Ireland"
1/10/2026,1,"""K Pop Demon Hunters Dance Party""","Live Nation, Marathon Live",396,6248.0,650.0,0.6,16.0,20.0,15.78,Club,396,6248.0,"The Signal, Chattanooga, United States"
1/10/2026,1,Club 90s 2000s Night,"Live Nation, Marathon Live",629,11198.0,650.0,0.96,16.0,24.0,17.8,Club,629,11198.0,"The Signal, Chattanooga, United States"
1/10/2026,7,"""The Lion King""",OCESA,577,45745.43,1400.0,0.41,55.62,278.12,79.22,Theater ,4042,320217.98,"Teatro Telcel, Mexico City, Mexico"
1/10/2026,7,"""The Phantom Of The Opera""",OCESA,588,59623.19,1400.0,0.42,44.5,222.49,101.38,Theater ,4117,417362.32,"Teatro de los Insurgentes, Mexico City, Mexico"
1/10/2026,1,"""Manizales Grita Rock""",OCESA,11447,883365.22,34422.0,0.33,38.56,262.4,77.17,Arena,11447,883365.22,"Movistar Arena, Bogota, Colombia"
1/10/2026,1,Patrick Miller,OCESA,10106,263620.8,10544.0,0.95,11.12,89.0,26.09,Arena,10106,263620.8,"Palacio de los Deportes, Mexico City, Mexico"
1/10/2026,1,Bad Bunny,"Bizarro Live Entertainment, Live Nation",56041,6759631.41,56041.0,1.0,55.86,391.0,120.62,Stadium,56041,6759631.41,"Estadio Nacional, Santiago, Chile"
1/10/2026,1,Biffy Clyro,Live Nation / Gaiety Investments (MCD Productions),6077,547491.72,6680.0,0.9,90.06,90.06,90.09,Arena,6077,547491.72,"3Arena, Dublin, Ireland"
1/11/2026,1,Yacht Rock Revue,"(In-House Promotion), Live Nation",1679,71384.85,2425.0,0.69,39.5,54.5,42.52,Club,1679,71384.85,"Citizens House of Blues Boston, Boston, United States"
1/11/2026,1,Bad Bunny,"Bizarro Live Entertainment, Live Nation",57677,7150812.55,57677.0,1.0,55.86,391.0,123.98,Stadium,57677,7150812.55,"Estadio Nacional, Santiago, Chile"
1/12/2026,1,"""World Wrestling Entertainment""",Live Nation,10575,2043375.34,11851.0,0.89,46.62,874.2,193.23,Arena,10575,2043375.34,"PSD Bank Dome, Dusseldorf, Germany"
1/12/2026,1,Biffy Clyro,"Live Nation, SJM Concerts",7773,666140.05,7773.0,1.0,58.39,95.3,85.7,Arena,7773,666140.05,"The Motorpoint Arena Nottingham, Nottingham, United Kingdom"
1/12/2026,1,Paleface Swiss,Live Nation / Gaiety Investments (MCD Productions),540,22753.58,650.0,0.83,42.19,42.19,42.14,Theater ,540,22753.58,"The Academy, Dublin, Ireland"
1/13/2026,1,"""World Wrestling Entertainment""",Live Nation,5500,1163551.04,5500.0,1.0,77.4,345.71,211.55,Arena,5500,1163551.04,"SAP Arena, Mannheim, Germany"
1/13/2026,1,Paris Paloma,Live Nation,1307,66220.69,1317.0,0.99,50.67,50.67,50.67,Club,1307,66220.69,"Northcote Theatre, Northcote, Australia"
1/13/2026,2,TWICE,Live Nation,14053,1833991.0,14053.0,1.0,59.5,229.5,130.51,Arena,28106,3667982.0,"Climate Pledge Arena, Seattle, United States"
1/13/2026,1,Marcus &amp; Martinus,Live Nation / Gaiety Investments (MCD Productions),316,16035.46,350.0,0.9,50.75,50.75,50.75,Theater ,316,16035.46,"The Academy, Dublin, Ireland"
1/14/2026,1,Born of Osiris,Live Nation / Gaiety Investments (MCD Productions),350,6724.43,350.0,1.0,19.21,19.21,19.21,Club,350,6724.43,"Whelans, Dublin, Ireland"
1/14/2026,7,"""The Lion King""",OCESA,587,46938.38,1400.0,0.41,56.14,280.69,79.94,Theater ,4110,328568.67,"Teatro Telcel, Mexico City, Mexico"
1/14/2026,7,"""The Phantom Of The Opera""",OCESA,598,61249.69,1400.0,0.42,44.91,224.55,102.33,Theater ,4190,428747.8,"Teatro de los Insurgentes, Mexico City, Mexico"
1/14/2026,1,Slaughter To Prevail,Live Nation,1995,123118.18,1995.0,1.0,61.71,61.71,61.71,Club,1995,123118.18,"Ancienne Belgique, Brussels, Belgium"
1/14/2026,1,Foo Fighters,"(In-House Promotion), Live Nation",16097,1913002.0,16097.0,1.0,60.0,130.0,118.84,Arena,16097,1913002.0,"Kia Forum, Inglewood, United States"
1/14/2026,1,Snug,Live Nation / Gaiety Investments (MCD Productions),42,457.26,50.0,0.84,10.95,10.95,10.89,Club,42,457.26,"The Grand Social, Dublin, Ireland"
1/14/2026,1,Snow Strippers,Live Nation,2600,85777.5,2620.0,0.99,30.0,45.0,32.99,Club,2600,85777.5,"The Fillmore Philadelphia, Philadelphia, United States"
1/15/2026,1,Jason Aldean,Live Nation,9456,655276.52,9456.0,1.0,30.75,100.75,69.3,Arena,9456,655276.52,"Simmons Bank Arena, North Little Rock, United States"
1/15/2026,1,Rob Anderson,Live Nation / Gaiety Investments (MCD Productions),608,23728.92,612.0,0.99,38.98,38.98,39.03,Theater ,608,23728.92,"Ambassador Theatre, Dublin, Ireland"
1/15/2026,1,Aminé,Live Nation,1104,57877.71,1800.0,0.61,52.43,52.43,52.43,Club,1104,57877.71,"Forum Melbourne, Melbourne, Australia"
1/15/2026,1,Paul Chowdhry,"Live Nation, Union Stage Presents",172,5948.5,355.0,0.48,24.5,40.0,34.58,Theater ,172,5948.5,"The Miracle Theatre, Washington, United States"
1/15/2026,1,The Last Dinner Party,Live Nation,4641,293664.73,13000.0,0.35,80.02,66.67,63.28,Amphitheatre,4641,293664.73,"Sidney Myer Music Bowl, Melbourne, Australia"
1/15/2026,1,Milo J,"Dale Play Live, Live Nation",12827,835724.64,13100.0,0.97,34.9,69.81,65.15,Arena,12827,835724.64,"Movistar Arena, Madrid, Spain"
1/15/2026,1,Martin Lawrence,Live Nation,2232,340453.0,2900.0,0.76,79.0,199.0,152.53,Theater ,2232,340453.0,"The Theater at MGM National Harbor, Oxon Hill, United States"
1/16/2026,1,Keith Barry,Live Nation / Gaiety Investments (MCD Productions),388,19551.96,388.0,1.0,50.39,50.39,50.39,Theater ,388,19551.96,"Talbot Hotel Clonmel, Tipperary, Ireland"
1/16/2026,1,Michael Bublé,Live Nation,11793,1111995.37,12844.0,0.91,21.6,288.03,94.29,Arena,11793,1111995.37,"Canadian Tire Centre, Ottawa, Canada"
1/16/2026,1,Slaughter To Prevail,Live Nation,3322,233515.15,4921.0,0.67,70.96,70.96,70.29,Theater ,3322,233515.15,"O2 Academy Brixton, London, United Kingdom"
1/16/2026,5,Josh Johnson,Live Nation,2762,177356.0,2762.0,1.0,49.5,99.5,64.21,Theater ,13810,886780.0,"Beacon Theatre, New York, United States"
1/16/2026,1,Arthur Hill,Live Nation,1966,82467.51,1966.0,1.0,41.95,41.95,41.95,Club,1966,82467.51,"Forum Melbourne, Melbourne, Australia"
1/16/2026,1,Youth Code,Live Nation / Gaiety Investments (MCD Productions),121,4214.78,150.0,0.8,34.83,34.83,34.83,Club,121,4214.78,"The Grand Social, Dublin, Ireland"
1/16/2026,1,Royal Philharmonic Orchestra,"Dr. Phillips Center for the Performing Arts, Live Nation",2254,218707.5,2687.0,0.83,59.0,135.0,97.03,Theater ,2254,218707.5,"Dr. Phillips Center - Walt Disney Theater, Orlando, United States"
1/16/2026,1,The Offspring,Live Nation,4869,349636.25,8804.0,0.55,39.5,119.5,71.81,Arena,4869,349636.25,"Dignity Health Arena, Bakersfield, United States"
1/16/2026,1,Martin Lawrence,Live Nation,2900,379770.0,2900.0,1.0,79.0,199.0,130.96,Theater ,2900,379770.0,"The Theater at MGM National Harbor, Oxon Hill, United States"
1/16/2026,3,Jarlath Regan,Live Nation / Gaiety Investments (MCD Productions),1203,41475.8,1298.0,0.92,34.48,34.48,34.48,Theater ,3609,124427.4,"3Olympia Theatre, Dublin, Ireland"
1/17/2026,1,Keith Barry,Live Nation / Gaiety Investments (MCD Productions),919,46275.21,1100.0,0.83,50.35,50.35,50.35,Arena,919,46275.21,"Gleneagle Arena, Killarney, Ireland"
1/17/2026,1,Sinead Culbert,Live Nation / Gaiety Investments (MCD Productions),350,10517.46,356.0,0.98,30.05,30.05,30.05,Theater ,350,10517.46,"Ambassador Theatre, Dublin, Ireland"
1/17/2026,1,Slaughter To Prevail,Live Nation,3399,225153.62,3399.0,1.0,66.91,66.91,66.24,Club,3399,225153.62,"O2 Victoria Warehouse, Manchester, United Kingdom"
1/17/2026,1,Avenged Sevenfold,OCESA,48245,4808921.02,51758.0,0.93,45.39,340.41,99.68,Stadium,48245,4808921.02,"Estadio GNP Seguros, Mexico City, Mexico"
1/17/2026,1,Blue Rodeo,"(In-House Promotion), evenko, Live Nation",2874,182234.19,2881.0,0.99,28.73,85.46,63.41,Theater ,2874,182234.19,"Salle Wilfrid-Pelletier, Montreal, Canada"
1/17/2026,1,Wanda Sykes,"Hard Rock International (HRI), Live Nation",2039,135492.25,2076.0,0.98,35.0,99.5,66.45,Club,2039,135492.25,"Hard Rock Live Sacramento, Wheatland, United States"
1/17/2026,1,Hasan Raheem,Live Nation,797,25641.33,797.0,1.0,31.44,47.72,32.17,Club,797,25641.33,"Corner Hotel, Richmond, Australia"
1/17/2026,1,Brian Regan,Live Nation,2478,138414.5,3553.0,0.69,35.5,81.0,55.86,Theater ,2478,138414.5,"Chicago Theatre, Chicago, United States"
1/17/2026,1,Rock the 90s,"Live Nation, NS2",460,6900.0,675.0,0.68,15.0,15.0,15.0,Club,460,6900.0,"Music Farm, Charleston, United States"
1/17/2026,1,Biffy Clyro,Live Nation,16912,1418876.91,17557.0,0.96,58.21,95.01,83.9,Arena,16912,1418876.91,"Co-op Live, Manchester, United Kingdom"
1/17/2026,1,Matt Rife,Live Nation,10259,626650.67,10442.0,0.98,61.08,61.08,61.08,Arena,10259,626650.67,"Spark Arena, Auckland, New Zealand"
1/17/2026,1,Snow Strippers,Live Nation,2409,70265.36,2437.0,0.98,21.54,32.32,29.17,Club,2409,70265.36,"HISTORY, Toronto, Canada"
1/17/2026,1,Goldfinger,"Live Nation, Marathon Live",943,40455.5,1800.0,0.52,39.5,79.5,42.9,Club,943,40455.5,"Marathon Music Works, Nashville, United States"
1/17/2026,1,The Offspring,Live Nation,2562,349629.0,2799.0,0.91,39.5,119.5,136.47,Theater ,2562,349629.0,"Grand Theatre, Reno, United States"
1/17/2026,1,112,Live Nation,3265,257479.28,3971.0,0.82,39.5,149.5,78.86,Theater ,3265,257479.28,"YouTube Theater, Inglewood, United States"
1/17/2026,1,Ruston Kelly,Live Nation,2155,83533.73,2243.0,0.96,14.75,49.5,38.76,Theater ,2155,83533.73,"Ryman Auditorium, Nashville, United States"
1/18/2026,7,"""The Lion King""",OCESA,596,48214.56,1400.0,0.42,56.73,283.67,80.8,Theater ,4177,337501.92,"Teatro Telcel, Mexico City, Mexico"
1/18/2026,7,"""The Phantom Of The Opera""",OCESA,609,62986.17,1400.0,0.43,45.39,226.94,103.4,Theater ,4264,440903.22,"Teatro de los Insurgentes, Mexico City, Mexico"
1/18/2026,1,Slaughter To Prevail,Live Nation,2594,171896.6,2900.0,0.89,66.93,73.62,66.27,Theater ,2594,171896.6,"O2 Academy Birmingham, Birmingham, United Kingdom"
1/18/2026,1,Blue Rodeo,"(In-House Promotion), evenko, Live Nation",2604,162303.13,2831.0,0.91,28.73,85.46,62.33,Theater ,2604,162303.13,"Salle Wilfrid-Pelletier, Montreal, Canada"
1/18/2026,1,Snow Strippers,Live Nation,1000,27500.0,1000.0,1.0,30.0,45.0,27.5,Club,1000,27500.0,"St. Andrews Hall, Detroit, United States"
1/18/2026,1,Johnnie Guilbert,Live Nation / Gaiety Investments (MCD Productions),240,8754.78,240.0,1.0,36.44,36.44,36.48,Club,240,8754.78,"The Academy 2, Dublin, Ireland"
1/18/2026,1,Mary Coughlan,Live Nation / Gaiety Investments (MCD Productions),1006,50386.85,1250.0,0.8,50.14,50.14,50.09,Theater ,1006,50386.85,"3Olympia Theatre, Dublin, Ireland"
1/19/2026,2,Matt Rife,Live Nation,8968,755132.33,8968.0,1.0,47.71,109.11,84.2,Arena,17937,1510264.65,"Brisbane Entertainment Centre, Boondall, Australia"
1/19/2026,1,The Offspring,Live Nation,5118,363306.5,8804.0,0.58,39.5,119.5,70.99,Arena,5118,363306.5,"Ford Idaho Center Arena, Nampa, United States"
1/19/2026,1,Milo J,"Dale Play Live, Live Nation",6439,386365.85,6676.0,0.96,63.98,72.71,60.0,Arena,6439,386365.85,"Roig Arena, Valencia, Spain"
1/20/2026,1,Kelsey Waldon,Live Nation / Gaiety Investments (MCD Productions),41,715.0,50.0,0.82,17.5,17.5,17.44,Club,41,715.0,"Upstairs At Whelans, Dublin, Ireland"
1/20/2026,1,The Offspring,"(In-House Promotion), Live Nation",4409,330358.5,9812.0,0.44,51.25,51.25,74.93,Arena,4409,330358.5,"Numerica Veterans Arena, Spokane, United States"
1/20/2026,1,Avenged Sevenfold,"OCESA, Páramo Presenta, Promotora Colombia",12008,1066492.04,12097.0,0.99,37.72,162.56,88.82,Arena,12008,1066492.04,"Movistar Arena, Bogota, Colombia"
1/20/2026,1,Dijon,Live Nation / Gaiety Investments (MCD Productions),1611,78007.48,1661.0,0.96,48.41,48.41,48.42,Theater ,1611,78007.48,"3Olympia Theatre, Dublin, Ireland"
1/20/2026,1,Zayn,Live Nation,3834,474723.0,4177.0,0.91,79.5,499.0,123.82,Theater ,3834,474723.0,"Dolby Live at Park MGM Las Vegas, Las Vegas, United States"
1/21/2026,1,Ghost,Live Nation,7669,854416.0,11654.0,0.65,38.5,248.0,111.41,Arena,7669,854416.0,"Kia Center, Orlando, United States"
1/21/2026,1,Zayn,Live Nation,3402,392717.0,3894.0,0.87,79.5,499.0,115.44,Theater ,3402,392717.0,"Dolby Live at Park MGM Las Vegas, Las Vegas, United States"
1/21/2026,2,Lady Gaga,Live Nation,36059,6669431.7,36171.0,0.99,62.93,747.57,184.96,Stadium,72118,13338863.4,"Kyocera Dome Osaka, Osaka, Japan"
1/22/2026,7,"""The Lion King""",OCESA,606,49401.35,1400.0,0.43,57.21,286.04,81.48,Theater ,4244,345809.43,"Teatro Telcel, Mexico City, Mexico"
1/22/2026,7,"""The Phantom Of The Opera""",OCESA,619,64607.21,1400.0,0.44,45.77,228.83,104.28,Theater ,4337,452250.44,"Teatro de los Insurgentes, Mexico City, Mexico"
1/22/2026,1,C-Kan,OCESA,210,12414.24,540.0,0.38,28.6,205.95,59.12,Other,210,12414.24,"Black Box, Tijuana, Mexico"
1/22/2026,1,C-Kan,OCESA,271,20171.71,5990.0,0.04,34.33,257.44,74.43,Theater ,271,20171.71,"Audiorama el Trompo, Tijuana, Mexico"
1/22/2026,1,Poppy,Live Nation,1905,112525.44,1905.0,1.0,59.07,59.07,59.07,Club,1905,112525.44,"Forum Melbourne, Melbourne, Australia"
1/22/2026,1,"""Dancing With The Stars Live""","Live Nation, NS2",2437,240628.9,2437.0,1.0,59.5,129.5,98.74,Theater ,2437,240628.9,"Akron Civic Theatre, Akron, United States"
1/22/2026,1,Now Rave ,"Live Nation, NS2",379,7817.5,675.0,0.56,17.0,22.5,20.63,Club,379,7817.5,"Music Farm, Charleston, United States"
1/22/2026,1,Superheaven,Live Nation / Gaiety Investments (MCD Productions),753,33146.09,850.0,0.88,44.08,44.08,44.02,Theater ,753,33146.09,"The Academy, Dublin, Ireland"
1/22/2026,1,The Last Dinner Party,Live Nation,1704,85290.54,3573.0,0.47,50.06,50.06,50.05,Arena,1704,85290.54,"Spark Arena, Auckland, New Zealand"
1/22/2026,1,Xavi,"Live Nation, Seattle Theatre Group",2121,152902.75,2631.0,0.8,39.5,129.5,72.09,Theater ,2121,152902.75,"Paramount Theatre, Seattle, United States"
1/22/2026,1,Morrissey,Live Nation,3496,352687.5,3496.0,1.0,73.5,136.5,100.88,Theater ,3496,352687.5,"Hard Rock Live Hollywood, Hollywood, United States"
1/23/2026,1,Joanne McNally,Live Nation / Gaiety Investments (MCD Productions),1941,107120.34,1950.0,0.99,53.85,61.95,55.19,Theater ,1941,107120.34,"Waterfront Hall, Belfast, United Kingdom"
1/23/2026,1,Keith Barry,Live Nation / Gaiety Investments (MCD Productions),200,10199.0,200.0,1.0,50.99,50.99,51.0,Theater ,200,10199.0,"Cork Opera House, Cork, Ireland"
1/23/2026,1,Newton Faulkner,Live Nation / Gaiety Investments (MCD Productions),344,12457.35,400.0,0.86,36.19,36.19,36.21,Theater ,344,12457.35,"Ambassador Theatre, Dublin, Ireland"
1/23/2026,1,Joanne McNally,Live Nation / Gaiety Investments (MCD Productions),592,33030.96,592.0,1.0,55.74,55.74,55.8,Theater ,592,33030.96,"Waterfront Hall, Belfast, United Kingdom"
1/23/2026,1,Silvana Estrada,"Mario Dzul, OCESA",2296,128080.11,2384.0,0.96,22.92,83.1,55.78,Theater ,2296,128080.11,"Teatro Diana, Guadalajara, Mexico"
1/23/2026,1,Xavier Naidoo,Live Nation,11000,1291207.18,11064.0,0.99,93.88,140.88,117.38,Arena,11000,1291207.18,"SAP Arena, Mannheim, Germany"
1/23/2026,3,Bad Bunny,"OCESA, Páramo Presenta",48495,8153298.43,50347.0,0.96,40.71,628.4,168.12,Stadium,145487,24459895.29,"Estadio Atanasio Girardot, Medellin, Colombia"
1/23/2026,1,Rainbow Kitten Surprise,Live Nation,1972,104003.09,1972.0,1.0,52.74,52.74,52.74,Club,1972,104003.09,"Forum Melbourne, Melbourne, Australia"
1/23/2026,1,Slaughter To Prevail,Live Nation,2209,123139.97,7063.0,0.31,29.37,58.75,55.74,Theater ,2209,123139.97,"Mitsubishi Electric Halle, Dusseldorf, Germany"
1/23/2026,1,Fly By Midnight,Live Nation,600,22752.14,750.0,0.8,34.83,82.77,37.92,Club,600,22752.14,"Corner Hotel, Richmond, Australia"
1/23/2026,1,Eagles,Live Nation,16384,4612140.45,16384.0,1.0,120.0,311.0,281.5,Arena,16384,4612140.45,"Sphere, Las Vegas, United States"
1/23/2026,1,What The Dance Presents: NDVST: Perreo Bowl,"Live Nation, NS2",672,15050.0,672.0,1.0,15.0,25.0,22.4,Club,672,15050.0,"Music Farm, Charleston, United States"
1/23/2026,2,Wanda Sykes,"Bill Blumenreich Presents, Live Nation",1155,97004.88,1582.0,0.73,48.5,123.49,83.99,Theater ,2310,194009.76,"The Palazzo Theatre, Las Vegas, United States"
1/23/2026,1,Jessie J,"Live Nation, Union Stage Presents",1017,52875.5,1200.0,0.84,39.5,60.0,51.99,Club,1017,52875.5,"The Howard Theatre, Washington, United States"
1/23/2026,1,Musiq Soulchild,Live Nation,3738,311111.83,4007.0,0.93,60.0,179.5,83.23,Theater ,3738,311111.83,"YouTube Theater, Inglewood, United States"
1/23/2026,3,Jarlath Regan,Live Nation / Gaiety Investments (MCD Productions),1205,42050.07,1298.0,0.92,34.9,34.9,34.88,Theater ,3617,126150.2,"3Olympia Theatre, Dublin, Ireland"
1/23/2026,1,JMSN,Live Nation,910,26138.0,1300.0,0.7,7.5,38.0,28.72,Theater ,910,26138.0,"The Belasco, Los Angeles, United States"
1/23/2026,1,Breathe,Live Nation / Gaiety Investments (MCD Productions),676,27403.34,850.0,0.79,40.54,40.54,40.54,Theater ,676,27403.34,"The Academy, Dublin, Ireland"
1/24/2026,1,"""The Fast Show""",Live Nation / Gaiety Investments (MCD Productions),1988,113019.04,2087.0,0.95,56.89,56.89,56.85,Theater ,1988,113019.04,"Bord Gáis Energy Theatre, Dublin, Ireland"
1/24/2026,1,Slaughter To Prevail,Live Nation,3740,216719.77,4304.0,0.86,29.57,59.13,57.95,Arena,3740,216719.77,"Velodrom, Berlin, Germany"
1/24/2026,1,Xavier Naidoo,Live Nation,11000,1299609.07,11064.0,0.99,94.49,141.8,118.15,Arena,11000,1299609.07,"SAP Arena, Mannheim, Germany"
1/24/2026,1,José Madero,OCESA,49416,3466724.42,50373.0,0.98,34.56,241.9,70.15,Stadium,49416,3466724.42,"Estadio GNP Seguros, Mexico City, Mexico"
1/24/2026,1,Brian Regan,Live Nation,2709,131479.58,3865.0,0.7,39.5,75.0,48.53,Arena,2709,131479.58,"Mountain America Center, Idaho Falls, United States"
1/24/2026,1,Halsey,"Live Nation, Prime Entertainment",7372,526017.03,7415.0,0.99,70.96,70.96,71.35,Theater ,7372,526017.03,"Mitsubishi Electric Halle, Dusseldorf, Germany"
1/24/2026,1,Fito &amp; Fitipaldis,Live Nation,16162,858255.25,16162.0,1.0,53.81,53.81,53.1,Arena,16162,858255.25,"Roig Arena, Valencia, Spain"
1/24/2026,1,Xavi,"Hard Rock International (HRI), Live Nation",2180,183640.0,2180.0,1.0,39.5,149.5,84.24,Club,2180,183640.0,"Hard Rock Live Sacramento, Wheatland, United States"
1/24/2026,1,Eagles,Live Nation,16384,4629944.9,16384.0,1.0,120.0,311.0,282.59,Arena,16384,4629944.9,"Sphere, Las Vegas, United States"
1/24/2026,3,"""Dancing With The Stars Live""","Live Nation, NS2",3168,394297.33,3168.0,1.0,59.5,139.5,124.45,Theater ,9505,1182892.0,"Wang Theatre - Boch Center, Boston, United States"
1/24/2026,1,Rascal Flatts,Live Nation,11161,682595.5,12950.0,0.86,15.75,165.75,61.16,Arena,11161,682595.5,"CHI Health Center Omaha, Omaha, United States"
1/24/2026,1,Zayn,Live Nation,5286,862830.0,5286.0,1.0,79.5,499.0,163.23,Theater ,5286,862830.0,"Dolby Live at Park MGM Las Vegas, Las Vegas, United States"
1/24/2026,1,Parker McCollum,Live Nation,8083,364851.5,8083.0,1.0,20.5,90.5,45.14,Arena,8083,364851.5,"Desert Diamond Arena, Glendale, United States"
1/24/2026,1,C-Kan,OCESA,5252,183645.49,6486.0,0.8,17.28,120.95,34.97,Theater ,5252,183645.49,"Pepsi Center Mexico, Mexico City, Mexico"
1/24/2026,1,JMSN,Live Nation,867,25576.5,867.0,1.0,29.5,29.5,29.5,Club,867,25576.5,"August Hall, San Francisco, United States"
1/24/2026,1,White Lies,Live Nation / Gaiety Investments (MCD Productions),850,37847.61,850.0,1.0,44.59,44.59,44.53,Theater ,850,37847.61,"The Academy, Dublin, Ireland"
1/25/2026,1,"""The Fast Show""",Live Nation / Gaiety Investments (MCD Productions),1804,85263.52,1886.0,0.95,43.66,47.76,47.26,Theater ,1804,85263.52,"Waterfront Hall, Belfast, United Kingdom"
1/25/2026,1,Yacht Rock Revue,"(In-House Promotion), Live Nation",1118,68918.58,1147.0,0.97,39.5,66.5,61.64,Theater ,1118,68918.58,"The Parker, Fort Lauderdale, United States"
1/25/2026,1,"""The Fast Show""",Live Nation / Gaiety Investments (MCD Productions),395,20063.61,395.0,1.0,50.76,50.76,50.79,Theater ,395,20063.61,"Waterfront Hall, Belfast, United Kingdom"
1/25/2026,1,Slaughter To Prevail,Live Nation,3484,201329.57,6400.0,0.54,29.57,59.14,57.79,Arena,3484,201329.57,"Alsterdorfer Sporthalle, Hamburg, Germany"
1/25/2026,1,John R. Miller,Live Nation / Gaiety Investments (MCD Productions),60,1454.97,60.0,1.0,24.25,24.25,24.25,Club,60,1454.97,"Upstairs At Whelans, Dublin, Ireland"
1/25/2026,1,Yacht Rock Revue,"(In-House Promotion), Live Nation",1117,63227.5,1117.0,1.0,39.5,66.5,56.6,Theater ,1117,63227.5,"The Parker, Fort Lauderdale, United States"
1/25/2026,1,Zayn,Live Nation,4131,570673.0,4131.0,1.0,79.5,499.0,138.14,Theater ,4131,570673.0,"Dolby Live at Park MGM Las Vegas, Las Vegas, United States"
1/25/2026,1,Zachariah Porter,Live Nation,581,24913.0,677.0,0.85,37.0,57.0,42.88,Club,581,24913.0,"The Neptune, Seattle, United States"
1/25/2026,4,Lady Gaga,Live Nation,46213,7760232.52,46335.0,0.99,62.94,758.82,167.92,Stadium,184855,31040930.06,"Tokyo Dome, Tokyo, Japan"
1/26/2026,7,"""The Lion King""",OCESA,616,50497.83,1400.0,0.44,57.56,287.82,81.98,Theater ,4312,353484.8,"Teatro Telcel, Mexico City, Mexico"
1/26/2026,7,"""The Phantom Of The Opera""",OCESA,630,66111.15,1400.0,0.45,46.05,230.26,104.91,Theater ,4411,462778.07,"Teatro de los Insurgentes, Mexico City, Mexico"
1/26/2026,1,Lucinda Williams,Live Nation / Gaiety Investments (MCD Productions),797,67531.32,1000.0,0.79,84.67,84.67,84.73,Theater ,797,67531.32,"3Olympia Theatre, Dublin, Ireland"
1/26/2026,6,Joanne McNally,Live Nation / Gaiety Investments (MCD Productions),188,10269.75,200.0,0.94,54.43,54.43,54.43,Theater ,1132,61618.48,"Cork Opera House, Cork, Ireland"
1/27/2026,1,Xavier Naidoo,Live Nation,11000,1304775.28,11064.0,0.99,94.87,142.36,118.62,Arena,11000,1304775.28,"SAP Arena, Mannheim, Germany"
1/27/2026,1,Jacob Banks,"(In-House Promotion), evenko, Live Nation",987,31122.2,1000.0,0.98,29.13,40.05,31.53,Club,987,31122.2,"Théâtre Beanfield, Montreal, Canada"
1/27/2026,1,CMAT,Live Nation,1925,104508.3,1925.0,1.0,54.29,54.29,54.29,Club,1925,104508.3,"Forum Melbourne, Melbourne, Australia"
1/27/2026,1,Dean Lewis,Live Nation,1795,66975.36,1795.0,1.0,25.49,43.33,37.31,Theater ,1795,66975.36,"Burton Cummings Theatre, Winnipeg, Canada"
1/27/2026,1,"""Dancing With The Stars Live""","Live Nation, NS2",2983,276724.73,2983.0,1.0,39.5,129.5,92.77,Arena,2983,276724.73,"Cross Insurance Center, Bangor, United States"
1/27/2026,1,"""Stuff You Should Know""","Live Nation, NS2",1490,79490.0,1490.0,1.0,40.0,70.0,53.35,Theater ,1490,79490.0,"Paramount Theatre, Denver, United States"
1/27/2026,1,J.I.D.,"Live Nation, Seattle Theatre Group",2169,103011.0,2758.0,0.78,34.5,64.5,47.49,Theater ,2169,103011.0,"Paramount Theatre, Seattle, United States"
1/27/2026,1,Snow Strippers,Live Nation,1923,54121.5,2000.0,0.96,30.0,45.0,28.14,Theater ,1923,54121.5,"The Pageant, St. Louis, United States"
1/27/2026,1,Say She She,Live Nation,624,22464.0,850.0,0.73,36.0,36.0,36.0,Club,624,22464.0,"August Hall, San Francisco, United States"
1/27/2026,1,Craig Finn,Live Nation / Gaiety Investments (MCD Productions),163,6512.54,200.0,0.81,40.01,40.01,39.95,Club,163,6512.54,"Whelans, Dublin, Ireland"
1/27/2026,3,Silvana Estrada,OCESA,3066,167279.59,3165.0,0.96,23.07,190.34,54.55,Theater ,9199,501838.77,"Teatro Metropolitan, Mexico City, Mexico"
1/27/2026,1,Neko Case,Live Nation,524,21035.87,850.0,0.61,31.25,90.0,40.14,Club,524,21035.87,"House Of Blues, New Orleans, United States"
1/28/2026,1,The East Pointers,Live Nation / Gaiety Investments (MCD Productions),146,3679.28,180.0,0.81,25.2,25.2,25.2,Club,146,3679.28,"The Grand Social, Dublin, Ireland"
1/28/2026,1,TWICE,Live Nation,14272,2607605.0,14722.0,0.96,54.5,474.5,182.71,Arena,14272,2607605.0,"Mortgage Matchup Center, Phoenix, United States"
1/28/2026,1,CMAT,Live Nation,1919,105427.74,1919.0,1.0,54.94,54.94,54.94,Club,1919,105427.74,"Forum Melbourne, Melbourne, Australia"
1/28/2026,1,"""Dancing With The Stars Live""","Live Nation, NS2",1759,174490.5,1759.0,1.0,59.5,129.5,99.2,Theater ,1759,174490.5,"Merrill Auditorium, Portland, United States"
1/28/2026,1,Zayn,Live Nation,3838,420980.0,4271.0,0.89,79.5,499.0,109.69,Theater ,3838,420980.0,"Dolby Live at Park MGM Las Vegas, Las Vegas, United States"
1/28/2026,1,Jinjer,Live Nation / Gaiety Investments (MCD Productions),1306,70565.67,1661.0,0.78,54.0,54.0,54.03,Theater ,1306,70565.67,"3Olympia Theatre, Dublin, Ireland"
1/29/2026,1,Yandel,OCESA,5929,490787.21,6373.0,0.93,40.86,286.0,82.78,Arena,5929,490787.21,"Foro GNP Seguros, Merida, Mexico"
1/29/2026,1,Slaughter To Prevail,Live Nation,1750,109921.86,1750.0,1.0,62.81,62.81,62.81,Theater ,1750,109921.86,"Sentrum Scene, Oslo, Norway"
1/29/2026,1,Rascal Flatts,Live Nation,7770,498736.25,9209.0,0.84,29.75,169.75,64.19,Arena,7770,498736.25,"UBS Arena, Elmont, United States"
1/29/2026,1,Jade LeMac,"(In-House Promotion), evenko, Greenland Events Inc, Live Nation",693,20590.22,978.0,0.7,22.19,29.58,29.71,Club,693,20590.22,"Théâtre Beanfield, Montreal, Canada"
1/29/2026,1,"""Dancing With The Stars Live""","Live Nation, NS2",6329,609531.18,6329.0,1.0,59.5,129.5,96.31,Arena,6329,609531.18,"SNHU Arena, Manchester, United States"
1/29/2026,1,Amythyst Kiah,Live Nation / Gaiety Investments (MCD Productions),23,689.41,25.0,0.92,29.97,29.97,29.97,Club,23,689.41,"Upstairs At Whelans, Dublin, Ireland"
1/29/2026,1,Snow Strippers,Live Nation,1900,61750.0,1900.0,1.0,30.0,45.0,32.5,Club,1900,61750.0,"The Fillmore Charlotte, Charlotte, United States"
1/29/2026,5,John Mulaney,Live Nation,2839,258944.0,2860.0,0.99,34.0,194.0,91.21,Theater ,14195,1294720.0,"Paramount Theatre, Seattle, United States"
1/29/2026,1,Jeffrey Martin,Live Nation / Gaiety Investments (MCD Productions),99,2730.07,120.0,0.82,27.58,27.58,27.58,Club,99,2730.07,"Whelans, Dublin, Ireland"
1/30/2026,1,Hermanos Gutiérrez,"OCESA, Páramo Presenta",1220,64415.53,1220.0,1.0,26.38,179.54,52.8,Theater ,1220,64415.53,"Teatro Mayor Santo Domingo, Bogota, Colombia"
1/30/2026,7,"""The Lion King""",OCESA,924,76234.23,1400.0,0.66,57.93,289.67,82.5,Theater ,6468,533639.63,"Teatro Telcel, Mexico City, Mexico"
1/30/2026,7,"""The Phantom Of The Opera""",OCESA,640,67645.58,1400.0,0.45,46.35,231.74,105.6,Theater ,4484,473519.03,"Teatro de los Insurgentes, Mexico City, Mexico"
1/30/2026,1,C-Kan,OCESA,1566,80111.07,2335.0,0.67,23.17,179.6,51.16,Other,1566,80111.07,"Teatro Morelos, Toluca, Mexico"
1/30/2026,1,Deon Cole,Live Nation,2900,207694.0,2900.0,1.0,49.5,99.5,71.62,Theater ,2900,207694.0,"The Theater at MGM National Harbor, Oxon Hill, United States"
1/30/2026,1,Slaughter To Prevail,Live Nation,1957,145215.76,3400.0,0.57,59.67,74.59,74.2,Club,1957,145215.76,"B-K, Stockholm, Sweden"
1/30/2026,1,Dark Star Orchestra,Live Nation,2300,99644.1,2300.0,1.0,35.0,49.5,43.32,Theater ,2300,99644.1,"The Wiltern, Los Angeles, United States"
1/30/2026,1,Sal Vulcano,"Bill Blumenreich Presents, Live Nation",890,57470.48,1034.0,0.86,25.0,119.0,64.57,Theater ,890,57470.48,"The Palazzo Theatre, Las Vegas, United States"
1/30/2026,1,Eddie Griffin,"Hard Rock International (HRI), Live Nation",838,39222.64,1900.0,0.44,32.92,58.81,46.81,Theater ,838,39222.64,"Hard Rock LIVE, Ottawa, Canada"
1/30/2026,1,Ghost,"(In-House Promotion), evenko, Live Nation",10189,994145.4,10189.0,1.0,44.01,206.75,97.57,Arena,10189,994145.4,"Bell Centre, Montreal, Canada"
1/30/2026,1,Get The Led Out,Live Nation,1565,82492.75,2686.0,0.58,29.5,29.5,52.71,Theater ,1565,82492.75,"The MainStage At Proctors, Schenectady, United States"
1/30/2026,1,Eagles,Live Nation,16360,4713689.0,16360.0,1.0,120.0,311.0,288.12,Arena,16360,4713689.0,"Sphere, Las Vegas, United States"
1/30/2026,1,Rascal Flatts,Live Nation,9461,636620.8,10566.0,0.89,29.75,169.75,67.29,Arena,9461,636620.8,"Prudential Center, Newark, United States"
1/30/2026,1,Congress The Band,"Live Nation, Union Stage Presents",550,11525.0,550.0,1.0,20.0,35.0,20.95,Club,550,11525.0,"Union Stage, Washington, United States"
1/30/2026,1,Snow Strippers,Live Nation,2286,76125.5,2332.0,0.98,30.0,45.0,33.3,Theater ,2286,76125.5,"The Tabernacle, Atlanta, United States"
1/30/2026,1,Trousdale,Live Nation / Gaiety Investments (MCD Productions),112,3071.77,140.0,0.8,27.43,27.43,27.43,Club,112,3071.77,"The Grand Social, Dublin, Ireland"
1/30/2026,1,Ewan McVicar,Live Nation / Gaiety Investments (MCD Productions),7001,499580.29,7172.0,0.97,71.31,71.31,71.36,Arena,7001,499580.29,"3Arena, Dublin, Ireland"
1/30/2026,1,The Offspring,Live Nation,12897,870634.66,13152.0,0.98,33.29,110.59,67.51,Arena,12897,870634.66,"Rogers Place, Edmonton, Canada"
1/30/2026,1,Zayn,Live Nation,4960,669810.0,4960.0,1.0,79.5,499.0,135.04,Theater ,4960,669810.0,"Dolby Live at Park MGM Las Vegas, Las Vegas, United States"
1/30/2026,1,Sheng Wang,Live Nation,946,49762.25,2272.0,0.41,19.75,59.5,52.6,Theater ,946,49762.25,"Ryman Auditorium, Nashville, United States"
1/30/2026,1,Jesse &amp; Joy,Live Nation,1980,131467.0,2044.0,0.96,35.49,115.49,66.4,Theater ,1980,131467.0,"Plaza Theatre, El Paso, United States"
1/31/2026,1,Keith Barry,Live Nation / Gaiety Investments (MCD Productions),485,25525.83,485.0,1.0,52.63,52.63,52.63,Club,485,25525.83,"Black Box, Galway, Ireland"
1/31/2026,1,Mark Mehigan,Live Nation / Gaiety Investments (MCD Productions),1228,52550.45,1298.0,0.94,42.79,42.79,42.79,Theater ,1228,52550.45,"3Olympia Theatre, Dublin, Ireland"
1/31/2026,1,C-Kan,OCESA,1239,64420.76,3257.0,0.38,22.9,177.49,51.99,Theater ,1239,64420.76,"Auditorio Del Complejo Cultural Universitario, Puebla, Mexico"
1/31/2026,1,Deon Cole,Live Nation,2900,206550.0,2900.0,1.0,49.5,99.5,71.22,Theater ,2900,206550.0,"The Theater at MGM National Harbor, Oxon Hill, United States"
1/31/2026,1,Hermanos Gutiérrez,"OCESA, Páramo Presenta",1388,81444.48,1634.0,0.84,54.23,59.68,58.68,Theater ,1388,81444.48,"Teatro Metropolitano José Gutiérrez Gómez, Medellin, Colombia"
1/31/2026,1,Slaughter To Prevail,Live Nation,2888,197061.15,4200.0,0.68,68.23,68.23,68.23,Arena,2888,197061.15,"K.B. Hallen, Frederiksberg, Denmark"
1/31/2026,1,Yandel,OCESA,9368,752668.05,9592.0,0.97,40.08,257.64,80.34,Theater ,9368,752668.05,"Auditorio Nacional, Mexico City, Mexico"
1/31/2026,1,Molotov,OCESA,16934,813658.89,16967.0,0.99,22.9,166.04,48.05,Arena,16934,813658.89,"Palacio de los Deportes, Mexico City, Mexico"
1/31/2026,1,Rascal Flatts,Live Nation,8956,677780.0,9734.0,0.92,24.75,164.75,75.68,Arena,8956,677780.0,"MVP Arena, Albany, United States"
1/31/2026,1,The Midnight,Live Nation,1668,100768.24,1668.0,1.0,60.41,60.41,60.41,Club,1668,100768.24,"Forum Melbourne, Melbourne, Australia"
1/31/2026,1,Get The Led Out,Live Nation,1410,51957.72,2758.0,0.51,19.5,19.5,36.85,Theater ,1410,51957.72,"Landmark Theatre, Syracuse, United States"
1/31/2026,1,Eagles,Live Nation,16380,4779068.5,16380.0,1.0,120.0,311.0,291.76,Arena,16380,4779068.5,"Sphere, Las Vegas, United States"
1/31/2026,1,Snow Strippers,Live Nation,1150,32300.0,1175.0,0.97,30.0,45.0,28.09,Club,1150,32300.0,"Brooklyn Bowl Nashville, Nashville, United States"
1/31/2026,1,Ewan McVicar,Live Nation / Gaiety Investments (MCD Productions),7011,497321.64,7195.0,0.97,70.89,70.89,70.93,Arena,7011,497321.64,"3Arena, Dublin, Ireland"
1/31/2026,2,TWICE,Live Nation,14398,1910281.85,14399.0,0.99,59.5,229.5,132.67,Arena,28797,3820563.7,"American Airlines Center, Dallas, United States"
1/31/2026,1,Zayn,Live Nation,5280,843408.0,5280.0,1.0,79.0,499.0,159.74,Theater ,5280,843408.0,"Dolby Live at Park MGM Las Vegas, Las Vegas, United States"
1/31/2026,1,Parker McCollum,Live Nation,11796,794173.0,11796.0,1.0,25.5,115.5,67.33,Arena,11796,794173.0,"Frost Bank Center, San Antonio, United States"
1/31/2026,1,Chelsea Handler,"Live Nation, MGM Resorts International",1418,118986.0,1857.0,0.76,53.96,184.76,83.91,Club,1418,118986.0,"The Chelsea, Las Vegas, United States"
1/31/2026,1,"""Stardew Valley: Symphony of Seasons""",OCESA,2019,113422.65,3124.0,0.64,22.9,194.66,56.18,Theater ,2019,113422.65,"Teatro Metropolitan, Mexico City, Mexico"
1/31/2026,1,James Arthur,Live Nation / Gaiety Investments (MCD Productions),7479,637416.92,8453.0,0.88,85.16,85.16,85.23,Arena,7479,637416.92,"The SSE Arena, Belfast, Belfast, United Kingdom"
2/1/2026,3,Roger O'Sullivan,Live Nation / Gaiety Investments (MCD Productions),50,1238.72,50.0,1.0,24.77,24.77,24.77,Club,150,3716.15,"Upstairs At Whelans, Dublin, Ireland"
2/1/2026,1,Deirdre O'Kane,Live Nation / Gaiety Investments (MCD Productions),1236,49409.68,1298.0,0.95,39.97,39.97,39.98,Theater ,1236,49409.68,"3Olympia Theatre, Dublin, Ireland"
2/1/2026,1,"""Gabby's Dollhouse Live""",Live Nation,2286,110009.8,2701.0,0.84,29.5,85.0,48.12,Theater ,2286,110009.8,"Kings Theatre, Brooklyn, United States"
2/1/2026,1,Mike Love,Live Nation / Gaiety Investments (MCD Productions),275,8149.44,275.0,1.0,29.63,29.63,29.63,Club,275,8149.44,"The Grand Social, Dublin, Ireland"
2/1/2026,1,Bruses,OCESA,2216,100539.62,3139.0,0.7,17.18,154.59,45.37,Theater ,2216,100539.62,"Teatro Metropolitan, Mexico City, Mexico"
2/1/2026,1,112,Live Nation,2801,222277.0,2900.0,0.96,49.0,169.0,79.36,Theater ,2801,222277.0,"The Theater at MGM National Harbor, Oxon Hill, United States"
2/1/2026,1,James Arthur,Live Nation / Gaiety Investments (MCD Productions),8284,556028.62,8630.0,0.95,67.12,67.12,67.12,Arena,8284,556028.62,"3Arena, Dublin, Ireland"
2/2/2026,1,Slaughter To Prevail,Live Nation,3667,222170.56,4660.0,0.78,29.66,71.18,60.59,Theater ,3667,222170.56,"Jahrhunderthalle Frankfurt, Frankfurt, Germany"
2/2/2026,1,"Rain City Drive, Honey Revenge",Live Nation / Gaiety Investments (MCD Productions),214,7108.32,250.0,0.85,33.22,33.22,33.22,Club,214,7108.32,"Opium Live, Dublin, Ireland"
2/2/2026,1,Matt Maeson,Live Nation / Gaiety Investments (MCD Productions),832,27318.15,1000.0,0.83,32.84,32.84,32.83,Theater ,832,27318.15,"3Olympia Theatre, Dublin, Ireland"
2/3/2026,1,Adam Kay,Live Nation / Gaiety Investments (MCD Productions),578,22933.72,610.0,0.94,39.68,39.68,39.68,Theater ,578,22933.72,"Ambassador Theatre, Dublin, Ireland"
2/3/2026,1,"""Gabby's Dollhouse Live""",Live Nation,583,28690.0,894.0,0.65,22.0,186.0,49.21,Theater ,583,28690.0,"Lexington Opera House, Lexington, United States"
2/3/2026,7,"""The Phantom Of The Opera""",OCESA,651,68377.82,1400.0,0.46,46.09,230.47,105.01,Theater ,4558,478644.73,"Teatro de los Insurgentes, Mexico City, Mexico"
2/3/2026,1,"""Dancing With The Stars Live""","Live Nation, NS2",2965,267397.5,2965.0,1.0,59.5,129.5,90.18,Theater ,2965,267397.5,"Shea's Buffalo Theatre, Buffalo, United States"
2/3/2026,1,Heavy Lungs,Live Nation / Gaiety Investments (MCD Productions),107,2204.98,120.0,0.89,20.61,20.61,20.61,Club,107,2204.98,"Workman's Club, Dublin, Ireland"
2/3/2026,1,Def Leppard,Live Nation,4215,746556.34,4215.0,1.0,69.0,699.0,177.12,Theater ,4215,746556.34,"The Colosseum at Caesars Palace, Las Vegas, United States"
2/4/2026,1,Joe Jordan,"Live Nation, Union Stage Presents",127,2720.0,180.0,0.7,20.0,27.5,21.42,Club,127,2720.0,"Jammin' Java, Vienna, United States"
2/4/2026,1,Needtobreathe,Live Nation,1659,107696.2,1921.0,0.86,35.5,35.5,64.92,Theater ,1659,107696.2,"Saenger Theatre, Mobile, United States"
2/4/2026,1,"""Dancing With The Stars Live""","Live Nation, NS2",3879,355824.15,3879.0,1.0,59.5,129.5,91.73,Arena,3879,355824.15,"Bryce Jordan Center, University Park, United States"
2/4/2026,2,James Acaster,Live Nation,2703,131026.25,2704.0,0.99,39.5,75.0,48.47,Theater ,5407,262052.5,"Beacon Theatre, New York, United States"
2/4/2026,1,Dave,Live Nation,6851,514745.92,9157.0,0.74,66.88,158.02,75.13,Arena,6851,514745.92,"Accor Arena, Paris, France"
2/4/2026,1,glaive,Live Nation / Gaiety Investments (MCD Productions),540,16554.54,600.0,0.9,30.66,30.66,30.66,Theater ,540,16554.54,"The Academy, Dublin, Ireland"
2/4/2026,1,Dev Lemons,Live Nation,300,6068.0,330.0,0.9,20.0,24.0,20.23,Club,300,6068.0,"Cafe Du Nord, San Francisco, United States"
2/4/2026,1,Hayden Calnin,Live Nation / Gaiety Investments (MCD Productions),58,1578.99,60.0,0.96,27.22,27.22,27.22,Club,58,1578.99,"Upstairs At Whelans, Dublin, Ireland"
2/4/2026,1,Lauren Spencer Smith,Live Nation,1867,87995.51,2268.0,0.82,36.5,56.5,47.13,Theater ,1867,87995.51,"Ryman Auditorium, Nashville, United States"
2/4/2026,1,OneRepublic,Live Nation,10451,912648.4,11976.0,0.87,87.32,87.32,87.33,Arena,10451,912648.4,"Spark Arena, Auckland, New Zealand"
2/5/2026,1,HARDY,Live Nation,5125,488890.16,5125.0,1.0,21.74,124.06,95.39,Arena,5125,488890.16,"Tribute Communities Centre, Oshawa, Canada"
2/5/2026,1,Panteón Rococó,OCESA,3445,186382.77,3968.0,0.86,23.03,184.23,54.1,Stadium,3445,186382.77,"Plaza De Toros, Cancun, Mexico"
2/5/2026,1,Porter,OCESA,7783,338446.65,9287.0,0.83,17.27,149.69,43.49,Theater ,7783,338446.65,"Auditorio Nacional, Mexico City, Mexico"
2/5/2026,1,"""Dancing With The Stars Live""","Live Nation, NS2",6817,642197.58,6817.0,1.0,59.5,129.5,94.21,Arena,6817,642197.58,"GIANT Center, Hershey, United States"
2/5/2026,1,Backstreet Boys,Live Nation,16787,3036184.75,16787.0,1.0,85.0,375.0,180.87,Arena,16787,3036184.75,"Sphere, Las Vegas, United States"
2/5/2026,1,Jade,Live Nation,1453,53630.5,1500.0,0.96,36.5,46.5,36.91,Club,1453,53630.5,"McMenamins Crystal Ballroom, Portland, United States"
2/5/2026,1,The Offspring,Live Nation,8863,580464.02,8863.0,1.0,32.89,109.26,65.49,Arena,8863,580464.02,"Canada Life Centre, Winnipeg, Canada"
2/5/2026,1,Snow Strippers,Live Nation,1200,36693.5,1200.0,1.0,30.0,45.0,30.58,Theater ,1200,36693.5,"Civic Theatre, New Orleans, United States"
2/5/2026,1,Left To Suffer,Live Nation,235,4870.0,300.0,0.78,20.0,25.0,20.72,Club,235,4870.0,"The Sanctuary, Detroit, United States"
2/5/2026,1,Nine Inch Nails,Live Nation,11222,1248230.0,11222.0,1.0,44.5,174.5,111.23,Arena,11222,1248230.0,"Smoothie King Center, New Orleans, United States"
2/5/2026,1,Rascal Flatts,Live Nation,11726,873118.0,13034.0,0.89,23.73,209.75,74.46,Arena,11726,873118.0,"Bridgestone Arena, Nashville, United States"
2/5/2026,1,Def Leppard,Live Nation,4291,819742.28,4291.0,1.0,69.0,699.0,191.04,Theater ,4291,819742.28,"The Colosseum at Caesars Palace, Las Vegas, United States"
2/6/2026,1,Jesse Baez,OCESA,3099,176821.72,3165.0,0.97,22.91,194.77,57.06,Theater ,3099,176821.72,"Teatro Metropolitan, Mexico City, Mexico"
2/6/2026,1,Yacht Rock Revue,"(In-House Promotion), Live Nation",1934,104965.13,1971.0,0.98,39.5,99.5,54.27,Theater ,1934,104965.13,"Brown County Music Center, Nashville, United States"
2/6/2026,1,Abuse Your Illusion: Guns N' Roses Tribute,Live Nation / Gaiety Investments (MCD Productions),121,3996.35,150.0,0.8,33.03,33.03,33.03,Club,121,3996.35,"The Academy 2, Dublin, Ireland"
2/6/2026,1,Hot Press,Live Nation / Gaiety Investments (MCD Productions),9445,790414.8,13283.0,0.71,83.69,83.69,83.69,Arena,9445,790414.8,"3Arena, Dublin, Ireland"
2/6/2026,1,Slaughter To Prevail,Live Nation,5880,346790.51,5880.0,1.0,58.98,58.98,58.98,Arena,5880,346790.51,"Zenith - Die Kulturhalle, Munich, Germany"
2/6/2026,2,Ty Myers,Live Nation,5169,230865.25,5200.0,0.99,39.5,79.5,44.66,Club,10339,461730.5,"713 Music Hall, Houston, United States"
2/6/2026,1,The Cardigans,OCESA,6596,260518.72,7886.0,0.83,17.19,143.21,39.5,Theater ,6596,260518.72,"Pepsi Center Mexico, Mexico City, Mexico"
2/6/2026,1,Josh Ross,"(In-House Promotion), evenko, Live Nation",2414,114574.08,2414.0,1.0,47.46,54.76,47.46,Theater ,2414,114574.08,"Casino New Brunswick, Moncton, Canada"
2/6/2026,1,OneRepublic,Live Nation,13019,1366248.7,14349.0,0.9,84.01,208.22,104.94,Arena,13019,1366248.7,"Qudos Bank Arena, Sydney, Australia"
2/6/2026,1,"""Hot In Herre 2000's Dance Party""","Live Nation, NS2",675,12820.0,675.0,1.0,15.0,22.0,18.99,Club,675,12820.0,"Music Farm, Charleston, United States"
2/6/2026,1,"""Dancing With The Stars Live""","Live Nation, NS2",3062,302456.0,3062.0,1.0,59.5,129.5,98.78,Theater ,3062,302456.0,"The Met Philadelphia, Philadelphia, United States"
2/6/2026,1,Backstreet Boys,Live Nation,16749,3216111.5,16749.0,1.0,85.0,375.0,192.02,Arena,16749,3216111.5,"Sphere, Las Vegas, United States"
2/6/2026,1,James Acaster,Live Nation,3549,162539.5,3549.0,1.0,34.5,69.5,45.8,Theater ,3549,162539.5,"Chicago Theatre, Chicago, United States"
2/6/2026,1,Keith Barry,Live Nation / Gaiety Investments (MCD Productions),500,25596.44,500.0,1.0,51.19,51.19,51.19,Other,500,25596.44,"Arklow Bay Hotel, Arklow, Ireland"
2/6/2026,1,Niko Moon,"Live Nation, Marathon Live",534,17537.5,1300.0,0.41,16.8,44.5,32.84,Club,534,17537.5,"The Hall, Little Rock, United States"
2/6/2026,1,HARDY,Live Nation,9286,563442.56,10000.0,0.92,18.25,109.35,60.68,Arena,9286,563442.56,"TD Coliseum, Hamilton, Canada"
2/6/2026,1,The Offspring,Live Nation,5097,329421.75,11728.0,0.43,39.5,116.5,64.63,Arena,5097,329421.75,"Fargodome, Fargo, United States"
2/6/2026,1,Jesse Baez,OCESA,3099,176821.73,3165.0,0.97,22.91,194.77,57.06,Theater ,3099,176821.73,"Teatro Metropolitan, Mexico City, Mexico"
2/6/2026,1,October London,Live Nation,2900,230821.0,2900.0,1.0,59.5,149.5,79.59,Theater ,2900,230821.0,"The Theater at MGM National Harbor, Oxon Hill, United States"
2/6/2026,2,Trevor Noah,Live Nation,2422,172922.5,2493.0,0.97,45.0,120.0,71.38,Theater ,4845,345845.0,"The Lyric Baltimore, Baltimore, United States"
2/6/2026,1,Jade,"Live Nation, Seattle Theatre Group",2881,119133.5,2930.0,0.98,31.5,41.5,41.35,Theater ,2881,119133.5,"Paramount Theatre, Seattle, United States"
2/6/2026,1,Florence + The Machine,Live Nation / Gaiety Investments (MCD Productions),9668,973049.52,10273.0,0.94,100.65,100.65,100.65,Arena,9668,973049.52,"The SSE Arena, Belfast, Belfast, United Kingdom"
2/6/2026,1,Nothing More,"Live Nation, Marathon Live",1809,76212.25,1809.0,1.0,42.5,85.0,42.13,Club,1809,76212.25,"Marathon Music Works, Nashville, United States"
2/6/2026,1,Motionless In White,"DHP Concerts, Live Nation",6200,333107.79,6200.0,1.0,57.63,71.19,53.73,Arena,6200,333107.79,"The Motorpoint Arena Nottingham, Nottingham, United Kingdom"
2/7/2026,1,Patrick Watson,OCESA,3029,126660.14,3182.0,0.95,17.38,144.81,41.82,Theater ,3029,126660.14,"Auditorio BB, Mexico City, Mexico"
2/7/2026,1,Yacht Rock Revue,"(In-House Promotion), Live Nation",2225,139835.5,2362.0,0.94,39.5,75.0,62.85,Theater ,2225,139835.5,"Ryman Auditorium, Nashville, United States"
2/7/2026,1,Dave Chappelle,Live Nation,16537,3048937.9,17062.0,0.96,72.0,292.0,184.37,Arena,16537,3048937.9,"Chase Center, San Francisco, United States"
2/7/2026,1,Tom Davis,Live Nation / Gaiety Investments (MCD Productions),147,5194.16,200.0,0.73,35.33,35.33,35.33,Theater ,147,5194.16,"Ambassador Theatre, Dublin, Ireland"
2/7/2026,1,Keith Barry,Live Nation / Gaiety Investments (MCD Productions),2677,161303.48,3000.0,0.89,60.26,60.26,60.26,Arena,2677,161303.48,"3Arena, Dublin, Ireland"
2/7/2026,1,Dude Dad ,"Live Nation, Omaha Performing Arts",1456,57197.0,1468.0,0.99,17.5,55.0,39.28,Theater ,1456,57197.0,"Steelhouse Omaha, Omaha, United States"
2/7/2026,1,Paco Versailles,OCESA,505,17354.14,1000.0,0.5,35.91,41.71,34.36,Club,505,17354.14,"Foro Puebla 186, Mexico City, Mexico"
2/7/2026,1,Panteón Rococó,OCESA,3738,182537.83,7650.0,0.48,23.17,167.98,48.83,Arena,3738,182537.83,"Foro GNP Seguros, Merida, Mexico"
2/7/2026,7,"""The Phantom Of The Opera""",OCESA,388,41024.09,1400.0,0.27,46.34,231.7,105.58,Theater ,2720,287168.62,"Teatro de los Insurgentes, Mexico City, Mexico"
2/7/2026,1,Esteman,"OCESA, Páramo Presenta",1200,46897.02,2852.0,0.42,40.28,48.38,39.08,Theater ,1200,46897.02,"Royal Center, Bogota, Colombia"
2/7/2026,1,Slaughter To Prevail,Live Nation,3255,201784.45,3255.0,1.0,59.09,70.91,61.99,Club,3255,201784.45,"Haus Auensee, Leipzig, Germany"
2/7/2026,1,Needtobreathe,"(In-House Promotion), Live Nation",1510,102997.0,1800.0,0.83,39.5,89.5,68.21,Theater ,1510,102997.0,"Florida Theatre, Jacksonville, United States"
2/7/2026,1,Ghost,"FPC Live (Frank Productions Concerts), Live Nation",7368,831339.5,7540.0,0.97,38.5,248.5,112.83,Arena,7368,831339.5,"BOK Center, Tulsa, United States"
2/7/2026,1,The Phil Collins Experience,"Hard Rock International (HRI), Live Nation",1790,63653.5,1900.0,0.94,21.92,50.42,35.56,Theater ,1790,63653.5,"Hard Rock LIVE, Ottawa, Canada"
2/7/2026,1,Hannah Berner,Live Nation,3519,181236.3,3546.0,0.99,37.5,69.5,51.5,Theater ,3519,181236.3,"Chicago Theatre, Chicago, United States"
2/7/2026,1,Backstreet Boys,Live Nation,16749,3276525.75,16749.0,1.0,85.0,375.0,195.63,Arena,16749,3276525.75,"Sphere, Las Vegas, United States"
2/7/2026,1,Bianca Del Rio,Live Nation,1576,94675.0,2900.0,0.54,49.0,129.0,60.07,Theater ,1576,94675.0,"The Theater at MGM National Harbor, Oxon Hill, United States"
2/7/2026,1,Day Fever,Live Nation / Gaiety Investments (MCD Productions),463,8207.28,500.0,0.92,17.73,17.73,17.73,Theater ,463,8207.28,"The Academy, Dublin, Ireland"
2/7/2026,1,Tesla,"Live Nation, MGM Resorts International",1407,123343.0,1661.0,0.84,52.5,175.0,87.66,Club,1407,123343.0,"Center Stage at MGM Northfield Park, Northfield, United States"
2/7/2026,1,Snow Strippers,Live Nation,1588,51610.0,1650.0,0.96,30.0,45.0,32.5,Club,1588,51610.0,"Emo's, Austin, United States"
2/7/2026,1,Paco Versailles,OCESA,505,17352.12,974.0,0.51,11.59,121.64,34.36,Club,505,17352.12,"Foro Puebla 186, Mexico City, Mexico"
2/7/2026,1,HARDY,Live Nation,8650,632594.76,8794.0,0.98,58.27,109.42,73.13,Arena,8650,632594.76,"Canada Life Place, London, Canada"
2/7/2026,1,Nine Inch Nails,Live Nation,10462,1303632.0,10462.0,1.0,45.0,175.0,124.61,Arena,10462,1303632.0,"VyStar Veterans Memorial Arena, Jacksonville, United States"
2/7/2026,1,Daniel Tosh,"Live Nation, MGM Resorts International",1895,228986.0,2250.0,0.84,75.21,249.61,120.84,Club,1895,228986.0,"The Chelsea, Las Vegas, United States"
2/7/2026,1,Yacht Rock Revue,Live Nation,2224,139833.5,2238.0,0.99,39.5,75.0,62.87,Theater ,2224,139833.5,"Ryman Auditorium, Nashville, United States"
2/7/2026,1,Patrick Watson,OCESA,3029,126660.14,3182.0,0.95,17.38,144.81,41.82,Theater ,3029,126660.14,"Auditorio BB, Mexico City, Mexico"
2/7/2026,1,Los Rumberos,OCESA,2630,101893.29,3015.0,0.87,17.38,133.23,38.74,Theater ,2630,101893.29,"Teatro Metropolitan, Mexico City, Mexico"
2/7/2026,1,Def Leppard,Live Nation,4317,979501.1,4317.0,1.0,69.0,699.0,226.89,Theater ,4317,979501.1,"The Colosseum at Caesars Palace, Las Vegas, United States"
2/7/2026,1,Celtas Cortos,Live Nation,10194,505965.51,10690.0,0.95,49.63,49.63,49.63,Arena,10194,505965.51,"Movistar Arena, Madrid, Spain"
2/8/2026,1,Dave,Live Nation,7593,585198.55,13049.0,0.58,53.18,141.81,77.07,Arena,7593,585198.55,"PSD Bank Dome, Dusseldorf, Germany"
2/8/2026,1,Dita Von Teese,Live Nation / Gaiety Investments (MCD Productions),2035,172792.49,2115.0,0.96,84.91,84.91,84.91,Theater ,2035,172792.49,"Bord Gáis Energy Theatre, Dublin, Ireland"
2/8/2026,1,Kali Uchis,Live Nation,4096,342579.67,4589.0,0.89,18.18,28.09,83.64,Theater ,4096,342579.67,"Vibra São Paulo, São Paulo, Brazil"
2/9/2026,1,"""Wisecrack Live!""",Live Nation / Gaiety Investments (MCD Productions),25,679.59,30.0,0.83,27.18,27.18,27.18,Club,25,679.59,"Upstairs At Whelans, Dublin, Ireland"
2/9/2026,1,Snow Strippers,Live Nation,1625,59569.0,1625.0,1.0,30.0,45.0,36.66,Club,1625,59569.0,"House Of Blues, Dallas, United States"
2/9/2026,1,Trevor Noah,Live Nation,2166,159232.0,2299.0,0.94,49.5,124.5,73.51,Theater ,2166,159232.0,"Ryman Auditorium, Nashville, United States"
2/9/2026,1,Pentagram,Live Nation / Gaiety Investments (MCD Productions),20,795.42,25.0,0.8,39.77,39.77,39.77,Club,20,795.42,"Whelans, Dublin, Ireland"
2/9/2026,1,Jason Derulo,Live Nation / Gaiety Investments (MCD Productions),6954,573671.55,8000.0,0.86,82.5,82.5,82.5,Arena,6954,573671.55,"3Arena, Dublin, Ireland"
2/10/2026,1,"""The Useless Hotline""",Live Nation / Gaiety Investments (MCD Productions),656,27767.66,660.0,0.99,42.33,42.33,42.33,Theater ,656,27767.66,"Ambassador Theatre, Dublin, Ireland"
2/10/2026,2,"""Dancing With The Stars Live""","Live Nation, NS2",2803,291468.91,2804.0,0.99,59.5,129.5,103.97,Arena,5607,582937.81,"Westchester County Center, White Plains, United States"
2/10/2026,1,Josh Ross,"(In-House Promotion), evenko, Live Nation",2088,93759.7,2122.0,0.98,36.88,62.7,44.9,Club,2088,93759.7,"MTELUS, Montreal, Canada"
2/10/2026,1,My Chemical Romance,"Move Concerts, OCESA, Páramo Presenta",29581,3213575.55,43927.0,0.67,54.29,369.38,108.64,Stadium,29581,3213575.55,"Vive Claro, Bogota, Colombia"
2/10/2026,1,Raye,Live Nation,15848,1334307.31,16176.0,0.97,68.47,123.24,84.19,Arena,15848,1334307.31,"Lanxess Arena, Cologne, Germany"
2/10/2026,1,Doja Cat,"DG Medios, Live Nation",7831,539175.62,13824.0,0.56,52.76,169.99,68.85,Arena,7831,539175.62,"Movistar Arena, Santiago, Chile"
2/10/2026,1,Trevor Noah,Live Nation,1452,104864.0,2065.0,0.7,49.5,124.5,72.22,Theater ,1452,104864.0,"Ryman Auditorium, Nashville, United States"
2/10/2026,1,Miguel,Live Nation,3721,226404.98,3721.0,1.0,54.5,119.5,60.85,Theater ,3721,226404.98,"Coca-Cola Roxy, Atlanta, United States"
2/10/2026,1,Left To Suffer,Live Nation,378,7925.0,450.0,0.84,20.0,25.0,20.97,Club,378,7925.0,"Marquis Theater, Denver, United States"
2/10/2026,1,The Offspring,Live Nation,3134,211142.25,8909.0,0.35,39.5,119.5,67.37,Arena,3134,211142.25,"Ford Center, Evansville, United States"
2/10/2026,1,Nine Inch Nails,Live Nation,9890,1173573.0,9890.0,1.0,49.5,179.5,118.66,Arena,9890,1173573.0,"Spectrum Center, Charlotte, United States"
2/10/2026,1,Summer Salt,Live Nation,427,8992.57,610.0,0.7,23.61,25.82,21.06,Club,427,8992.57,"Mod Club, Toronto, Canada"
2/10/2026,1,Good Neighbours,Live Nation / Gaiety Investments (MCD Productions),606,20203.75,700.0,0.86,33.34,33.34,33.34,Theater ,606,20203.75,"The Academy, Dublin, Ireland"
2/10/2026,1,The Cost,Live Nation / Gaiety Investments (MCD Productions),241,6026.12,241.0,1.0,25.0,25.0,25.0,Club,241,6026.12,"The Grand Social, Dublin, Ireland"
2/10/2026,1,Def Leppard,Live Nation,4203,712789.14,4203.0,1.0,69.0,699.0,169.59,Theater ,4203,712789.14,"The Colosseum at Caesars Palace, Las Vegas, United States"
2/10/2026,1,Motionless In White,Live Nation / Gaiety Investments (MCD Productions),2428,183559.15,2500.0,0.97,75.6,75.6,75.6,Arena,2428,183559.15,"3Arena, Dublin, Ireland"
2/11/2026,1,HARDY,Live Nation,6238,381635.44,7000.0,0.89,44.17,110.71,61.18,Arena,6238,381635.44,"Canada Life Centre, Winnipeg, Canada"
2/11/2026,1,Raye,Live Nation,13500,1657840.24,13500.0,1.0,110.92,138.33,122.8,Arena,13500,1657840.24,"Hallenstadion Zurich, Zurich, Switzerland"
2/11/2026,1,Backstreet Boys,Live Nation,16754,3101787.0,16754.0,1.0,85.0,375.0,185.14,Arena,16754,3101787.0,"Sphere, Las Vegas, United States"
2/11/2026,1,Yuri,OCESA,9387,769683.86,9530.0,0.98,40.77,262.08,81.99,Theater ,9387,769683.86,"Auditorio Nacional, Mexico City, Mexico"
2/11/2026,1,The Hives,OCESA,2014,196882.52,2758.0,0.73,46.59,337.8,97.76,Theater ,2014,196882.52,"Teatro Metropolitan, Mexico City, Mexico"
2/11/2026,1,Don Was,"(In-House Promotion), Live Nation",615,26541.5,1087.0,0.56,29.5,59.5,43.16,Theater ,615,26541.5,"The Parker, Fort Lauderdale, United States"
2/11/2026,1,Miguel,Live Nation,1804,117559.5,2196.0,0.82,39.5,99.5,65.17,Theater ,1804,117559.5,"Ryman Auditorium, Nashville, United States"
2/11/2026,1,The Offspring,Live Nation,4281,308555.25,10304.0,0.41,39.5,119.5,72.08,Arena,4281,308555.25,"Van Andel Arena, Grand Rapids, United States"
2/11/2026,1,Nine Inch Nails,Live Nation,11065,1521458.53,14540.0,0.76,49.5,129.5,137.5,Arena,11065,1521458.53,"Capital One Arena, Washington, United States"
2/11/2026,1,Cardi B,Live Nation,9081,1183047.0,9081.0,1.0,59.5,299.5,130.28,Arena,9081,1183047.0,"Acrisure Arena in Greater Palm Springs, Palm Desert, United States"
2/11/2026,1,Of Monsters And Men,Live Nation / Gaiety Investments (MCD Productions),1607,99737.54,1661.0,0.96,62.07,62.07,62.06,Theater ,1607,99737.54,"3Olympia Theatre, Dublin, Ireland"
2/12/2026,1,Panteón Rococó,OCESA,2282,154056.36,2400.0,0.95,29.07,232.59,67.51,Other,2282,154056.36,"Teatro Morelos, Toluca, Mexico"
2/12/2026,1,Don Was &amp; The Pan-Detroit Ensemble,"Live Nation, Ruth Eckerd Hall Presents",318,13730.0,550.0,0.57,44.5,59.5,43.18,Club,318,13730.0,"Bilheimer Capitol Theatre, Clearwater, United States"
2/12/2026,1,Colter Wall,Live Nation,1243,91745.0,1744.0,0.71,35.0,195.0,73.81,Theater ,1243,91745.0,"Wagner Noël Performing Arts Center, Midland, United States"
2/12/2026,1,"""Dancing With The Stars Live""","Live Nation, NS2",2518,244863.5,2518.0,1.0,59.5,134.0,97.25,Theater ,2518,244863.5,"The MainStage At Proctors, Schenectady, United States"
2/12/2026,1,Kali Uchis,"DG Medios, Live Nation",12332,895783.01,16522.0,0.74,37.44,107.65,72.64,Arena,12332,895783.01,"Movistar Arena, Santiago, Chile"
2/12/2026,1,Snow Strippers,Live Nation,3640,135660.12,3640.0,1.0,30.0,45.0,37.27,Club,3640,135660.12,"Fillmore Auditorium, Denver, United States"
2/12/2026,1,Bayker Blankenship,"Live Nation, Marathon Live",356,5938.0,550.0,0.64,10.0,40.0,16.68,Club,356,5938.0,"The Signal, Chattanooga, United States"
2/12/2026,1,Matt Mathews,Live Nation,2480,111349.0,2515.0,0.98,35.0,55.0,44.9,Theater ,2480,111349.0,"Abraham Chavez Theatre, El Paso, United States"
2/12/2026,1,Shawn James,Live Nation / Gaiety Investments (MCD Productions),236,9518.31,300.0,0.78,40.33,40.33,40.33,Theater ,236,9518.31,"The Academy, Dublin, Ireland"
2/12/2026,1,"""The Dirty Dancing Concert Tour""",Live Nation,1266,54181.8,2092.0,0.6,18.0,71.0,42.8,Theater ,1266,54181.8,"BJCC Concert Hall, Birmingham, United States"
2/12/2026,1,HARDY,Live Nation,8159,525358.77,12333.0,0.66,21.9,124.97,64.39,Arena,8159,525358.77,"SaskTel Centre, Saskatoon, Canada"
2/12/2026,1,Josh Ross,"Hard Rock International (HRI), Live Nation",2040,108114.32,2040.0,1.0,51.16,65.89,53.0,Theater ,2040,108114.32,"Hard Rock LIVE, Ottawa, Canada"
2/12/2026,1,Of Monsters And Men,Live Nation / Gaiety Investments (MCD Productions),1243,69104.17,1800.0,0.69,55.59,55.59,55.59,Other,1243,69104.17,"Telegraph Building, Belfast, United Kingdom"
2/12/2026,1,Conor Moore,Live Nation / Gaiety Investments (MCD Productions),1102,52490.66,1298.0,0.84,47.63,47.63,47.63,Theater ,1102,52490.66,"3Olympia Theatre, Dublin, Ireland"
2/12/2026,1,Def Leppard,Live Nation,4307,799884.69,4307.0,1.0,69.0,699.0,185.72,Theater ,4307,799884.69,"The Colosseum at Caesars Palace, Las Vegas, United States"
2/13/2026,1,Billy Ocean,Live Nation / Gaiety Investments (MCD Productions),197,20849.21,200.0,0.98,105.9,105.9,105.83,Club,197,20849.21,"Millennium Forum, Londonderry, United Kingdom"
2/13/2026,1,Miguel Gane,OCESA,220,4558.52,372.0,0.59,5.81,75.55,20.72,Theater ,220,4558.52,"Sala Pepsi Black, Mexico City, Mexico"
2/13/2026,7,"""The Lion King""",OCESA,360,29691.07,1400.0,0.25,58.11,290.57,82.48,Theater ,2520,207837.46,"Teatro Telcel, Mexico City, Mexico"
2/13/2026,7,"""The Phantom Of The Opera""",OCESA,283,27925.1,1400.0,0.2,46.49,232.46,98.58,Theater ,1983,195475.71,"Teatro de los Insurgentes, Mexico City, Mexico"
2/13/2026,2,My Chemical Romance,OCESA,64825,6928429.72,65005.0,0.99,52.3,366.12,106.88,Stadium,129650,13856859.44,"Estadio GNP Seguros, Mexico City, Mexico"
2/13/2026,1,El Malilla,OCESA,19910,1126754.57,21125.0,0.94,23.25,197.59,56.59,Arena,19910,1126754.57,"Palacio de los Deportes, Mexico City, Mexico"
2/13/2026,1,Darcy &amp; Jer,"(In-House Promotion), evenko, Live Nation",931,36048.73,1020.0,0.91,29.0,43.69,38.72,Theater ,931,36048.73,"Dalhousie Arts Centre - Rebecca Cohn Auditorium, Halifax, Canada"
2/13/2026,1,Amble,Live Nation,1948,92650.98,1948.0,1.0,47.56,47.56,47.56,Club,1948,92650.98,"Forum Melbourne, Melbourne, Australia"
2/13/2026,1,Backstreet Boys,Live Nation,16750,3403287.75,16750.0,1.0,85.0,375.0,203.18,Arena,16750,3403287.75,"Sphere, Las Vegas, United States"
2/13/2026,1,"""Dancing With The Stars Live""","Live Nation, NS2",2068,193736.0,2068.0,1.0,59.5,129.5,93.68,Theater ,2068,193736.0,"Journey Bank Community Arts Center, Williamsport, United States"
2/13/2026,1,A Boogie Wit Da Hoodie,Live Nation,5939,601058.48,5939.0,1.0,59.5,159.0,101.21,Theater ,5939,601058.48,"Radio City Music Hall, New York, United States"
2/13/2026,1,Zarna Garg,Live Nation,2775,148941.28,2775.0,1.0,45.0,75.0,53.67,Theater ,2775,148941.28,"Beacon Theatre, New York, United States"
2/13/2026,1,Dark Star Orchestra,Live Nation,2865,135238.75,3640.0,0.78,45.0,69.75,47.2,Club,2865,135238.75,"Fillmore Auditorium, Denver, United States"
2/13/2026,1,Matt McCusker,"Bill Blumenreich Presents, Live Nation",625,31807.3,1001.0,0.62,30.0,69.0,50.89,Theater ,625,31807.3,"The Palazzo Theatre, Las Vegas, United States"
2/13/2026,1,Alejandro Sanz,"OCESA, Páramo Presenta, Promotora Colombia",10203,1023813.03,10610.0,0.96,64.0,225.0,100.34,Arena,10203,1023813.03,"Movistar Arena, Bogota, Colombia"
2/13/2026,1,Ruel,"Live Nation, Marathon Live",799,29159.0,1800.0,0.44,19.75,74.5,36.49,Club,799,29159.0,"Marathon Music Works, Nashville, United States"
2/13/2026,1,Miguel,Live Nation,3130,176020.37,3130.0,1.0,54.5,89.5,56.24,Arena,3130,176020.37,"The Dome, Virginia Beach, United States"
2/13/2026,1,Kem,Live Nation,2702,350362.0,2900.0,0.93,79.0,179.0,129.67,Theater ,2702,350362.0,"The Theater at MGM National Harbor, Oxon Hill, United States"
2/13/2026,2,Subtronics ,Live Nation,3099,189027.0,4207.0,0.73,49.5,100.0,60.99,Theater ,6199,378054.0,"The Pavilion at Toyota Music Factory, Irving, United States"
2/13/2026,1,HARDY,Live Nation,10478,757091.72,10774.0,0.97,9.55,109.96,72.26,Arena,10478,757091.72,"Rogers Place, Edmonton, Canada"
2/13/2026,1,Dev Lemons,Live Nation,223,4496.0,275.0,0.81,20.0,23.0,20.16,Club,223,4496.0,"Valley Bar, Phoenix, United States"
2/13/2026,1,The Offspring,Live Nation,6161,447581.84,6273.0,0.98,33.04,109.78,72.65,Arena,6161,447581.84,"TD Coliseum, Hamilton, Canada"
2/13/2026,1,Nine Inch Nails,Live Nation,12770,1657496.0,12770.0,1.0,43.0,173.0,129.8,Arena,12770,1657496.0,"TD Garden, Boston, United States"
2/13/2026,2,TWICE,Live Nation,15669,2245141.53,16496.0,0.94,59.5,149.5,143.28,Arena,31339,4490283.05,"Capital One Arena, Washington, United States"
2/13/2026,1,La Garfield,OCESA,3356,265020.03,6486.0,0.51,28.48,87.17,78.97,Theater ,3356,265020.03,"Pepsi Center Mexico, Mexico City, Mexico"
2/13/2026,1,Cardi B,Live Nation,14439,1888618.0,14439.0,1.0,59.5,299.5,130.8,Arena,14439,1888618.0,"T-Mobile Arena, Las Vegas, United States"
2/13/2026,2,Neil Delamere,Live Nation / Gaiety Investments (MCD Productions),1224,48564.61,1298.0,0.94,39.62,39.62,39.66,Theater ,2449,97129.21,"3Olympia Theatre, Dublin, Ireland"
2/13/2026,1,Bad Bunny,"Dale Play Live, DF Entertainment, Live Nation",67796,10797213.7,67796.0,1.0,67.51,298.47,159.26,Stadium,67796,10797213.7,"Estadio Más Monumental, Buenos Aires, Argentina"
2/14/2026,1,"""13 Again"" Podcast",Live Nation / Gaiety Investments (MCD Productions),497,19714.06,610.0,0.81,39.64,39.64,39.67,Theater ,497,19714.06,"Ambassador Theatre, Dublin, Ireland"
2/14/2026,1,Midnight Generation,OCESA,5480,223294.2,6486.0,0.84,17.48,139.82,40.75,Theater ,5480,223294.2,"Pepsi Center Mexico, Mexico City, Mexico"
2/14/2026,1,Eladio Carrión,"OCESA, Rimas Entertainment",13672,735542.34,16937.0,0.8,23.3,186.43,53.8,Arena,13672,735542.34,"Palacio de los Deportes, Mexico City, Mexico"
2/14/2026,1,Arly Larivière,Live Nation,5004,568221.75,5004.0,1.0,77.0,117.0,113.55,Theater ,5004,568221.75,"Infosys Theater at Madison Square Garden, New York, United States"
2/14/2026,1,"""Reggaeton Rave""","Live Nation, Omaha Performing Arts",2131,34739.0,2937.0,0.72,6.75,22.5,16.3,Theater ,2131,34739.0,"Steelhouse Omaha, Omaha, United States"
2/14/2026,2,Linkin Park,Live Nation,17005,2720144.91,17526.0,0.97,63.58,223.44,159.96,Arena,34011,5440289.81,"Qudos Bank Arena, Sydney, Australia"
2/14/2026,2,Widespread Panic,Live Nation,5012,531037.5,6478.0,0.77,63.5,100.5,105.95,Arena,10024,1062075.0,"Moody Center, Austin, United States"
2/14/2026,1,Celtas Cortos,Live Nation,2000,80057.44,2000.0,1.0,49.85,49.85,40.03,Theater ,2000,80057.44,"Auditorio Roig Arena, Valencia, Spain"
2/14/2026,1,Amble,Live Nation,1936,91937.42,1936.0,1.0,47.49,47.49,47.49,Club,1936,91937.42,"Forum Melbourne, Melbourne, Australia"
2/14/2026,1,Nine Inch Nails,Live Nation,13410,1664470.0,13410.0,1.0,49.5,179.5,124.12,Arena,13410,1664470.0,"Prudential Center, Newark, United States"
2/14/2026,1,Backstreet Boys,Live Nation,16749,3410549.25,16749.0,1.0,85.0,375.0,203.63,Arena,16749,3410549.25,"Sphere, Las Vegas, United States"
2/14/2026,1,"""Dancing With The Stars Live""","Live Nation, NS2",2656,274655.83,2656.0,1.0,59.5,129.5,103.41,Theater ,2656,274655.83,"Prudential Hall, Newark, United States"
2/14/2026,1,Yandel,"Adam Torres Concerts, Live Nation",5942,689432.33,5942.0,1.0,65.5,169.5,116.03,Theater ,5942,689432.33,"Radio City Music Hall, New York, United States"
2/14/2026,1,Miguel,"(In-House Promotion), Crossroads Presents, Live Nation",4944,309087.7,4944.0,1.0,49.5,109.5,62.52,Club,4944,309087.7,"MGM Music Hall at Fenway, Boston, United States"
2/14/2026,1,Deftones,Live Nation,17610,1528372.94,18187.0,0.96,78.49,92.14,86.79,Arena,17610,1528372.94,"Co-op Live, Manchester, United Kingdom"
2/14/2026,1,Alejandro Sanz,"OCESA, Páramo Presenta, Promotora Colombia",7549,784702.03,9201.0,0.82,64.17,225.6,103.95,Arena,7549,784702.03,"Movistar Arena, Bogota, Colombia"
2/14/2026,1,dexter in the newsagent,Live Nation / Gaiety Investments (MCD Productions),63,1409.56,65.0,0.96,22.43,22.43,22.37,Club,63,1409.56,"Upstairs At Whelans, Dublin, Ireland"
2/14/2026,1,Bad Bunny,"Dale Play Live, DF Entertainment, Live Nation",68151,10848076.55,68151.0,1.0,67.93,300.34,159.18,Stadium,68151,10848076.55,"Estadio Más Monumental, Buenos Aires, Argentina"
2/14/2026,1,"Kim Mitchell, David Wilcox","Hard Rock International (HRI), Live Nation",1786,89110.88,1792.0,0.99,36.73,62.43,49.89,Theater ,1786,89110.88,"Hard Rock LIVE, Ottawa, Canada"
2/14/2026,1,Snow Strippers,Live Nation,1960,64987.5,1965.0,0.99,30.0,45.0,33.16,Club,1960,64987.5,"The Van Buren, Phoenix, United States"
2/14/2026,1,Stavros Halkias,"Live Nation, MGM Resorts International",1661,89224.0,1721.0,0.96,39.5,75.0,53.72,Club,1661,89224.0,"Center Stage at MGM Northfield Park, Northfield, United States"
2/14/2026,1,Kem,Live Nation,2900,370039.0,2900.0,1.0,79.0,179.0,127.6,Theater ,2900,370039.0,"The Theater at MGM National Harbor, Oxon Hill, United States"
2/14/2026,1,Los Bukis,Live Nation,34758,4303911.75,35075.0,0.99,21.5,294.5,123.83,Stadium,34758,4303911.75,"Daikin Park, Houston, United States"
2/14/2026,1,The Offspring,Live Nation,7992,513282.18,8111.0,0.98,51.05,109.81,64.22,Arena,7992,513282.18,"Canada Life Place, London, Canada"
2/14/2026,1,Dev Lemons,Live Nation,250,5000.0,250.0,1.0,20.0,25.0,20.0,Club,250,5000.0,"The Echo, Los Angeles, United States"
2/14/2026,1,Saba,Live Nation / Gaiety Investments (MCD Productions),188,5913.39,220.0,0.85,31.45,31.45,31.45,Club,188,5913.39,"The Green Room, Dublin, Ireland"
2/14/2026,2,Lady Gaga,Live Nation,13463,3571652.5,13463.0,1.0,61.0,376.0,265.29,Arena,26926,7143305.0,"Desert Diamond Arena, Glendale, United States"
2/14/2026,1,Crowbar,Live Nation / Gaiety Investments (MCD Productions),500,19970.45,500.0,1.0,40.0,40.0,39.94,Club,500,19970.45,"Opium Live, Dublin, Ireland"
2/14/2026,1,Def Leppard,Live Nation,4316,974918.78,4316.0,1.0,69.0,699.0,225.88,Theater ,4316,974918.78,"The Colosseum at Caesars Palace, Las Vegas, United States"
2/14/2026,1,New Kids On The Block,Live Nation,4409,744577.0,4409.0,1.0,79.0,550.0,168.88,Theater ,4409,744577.0,"Dolby Live at Park MGM Las Vegas, Las Vegas, United States"
2/15/2026,1,"""Talking Sopranos"" Podcast",Live Nation / Gaiety Investments (MCD Productions),1796,174225.0,1886.0,0.95,72.35,231.52,97.01,Theater ,1796,174225.0,"Waterfront Hall, Belfast, United Kingdom"
2/15/2026,1,Doja Cat,"OCESA, Páramo Presenta, Promotora Colombia",5233,438483.92,5233.0,1.0,41.88,284.91,83.79,Arena,5233,438483.92,"Movistar Arena, Bogota, Colombia"
2/15/2026,1,Stavros Halkias,Live Nation,920,46386.0,944.0,0.97,27.0,126.0,50.42,Theater ,920,46386.0,"Lexington Opera House, Lexington, United States"
2/15/2026,1,Jodeci,"Hard Rock International (HRI), Live Nation",2211,202054.0,2211.0,1.0,45.0,179.5,91.39,Club,2211,202054.0,"Hard Rock Live Sacramento, Wheatland, United States"
2/15/2026,1,Backstreet Boys,Live Nation,16749,3214485.0,16749.0,1.0,85.0,375.0,191.92,Arena,16749,3214485.0,"Sphere, Las Vegas, United States"
2/15/2026,2,"""Dancing With The Stars Live""","Live Nation, NS2",5682,710729.04,5683.0,0.99,59.5,150.0,125.07,Theater ,11365,1421458.08,"Radio City Music Hall, New York, United States"
2/15/2026,1,INZO,"Live Nation, NS2",610,18570.0,675.0,0.9,25.0,35.0,30.44,Club,610,18570.0,"Music Farm, Charleston, United States"
2/15/2026,1,Kali Uchis,Live Nation,10352,714337.82,11105.0,0.93,13.33,26.67,69.0,Other,10352,714337.82,"Costa 21 Multiespacio, Magdalena del Mar, Peru"
2/15/2026,1,Bad Bunny,"Dale Play Live, DF Entertainment, Live Nation",67798,10682625.47,67798.0,1.0,68.15,301.31,157.57,Stadium,67798,10682625.47,"Estadio Más Monumental, Buenos Aires, Argentina"
2/15/2026,1,The Streets,Live Nation / Gaiety Investments (MCD Productions),1597,109909.74,1661.0,0.96,68.86,68.86,68.82,Theater ,1597,109909.74,"3Olympia Theatre, Dublin, Ireland"
2/15/2026,1,Snow Strippers,Live Nation,2300,84646.0,2300.0,1.0,30.0,45.0,36.8,Club,2300,84646.0,"SOMA San Diego, San Diego, United States"
2/15/2026,1,Miguel,Live Nation,6000,378200.0,6000.0,1.0,59.5,99.5,63.03,Theater ,6000,378200.0,"The Anthem, Washington, United States"
2/15/2026,1,Trey Kennedy,"(In-House Promotion), Live Nation",1746,76498.74,1934.0,0.9,35.0,125.0,43.81,Theater ,1746,76498.74,"DPAC, Durham, United States"
2/15/2026,1,Ghost,Live Nation,8995,976329.0,8995.0,1.0,42.5,252.5,108.54,Arena,8995,976329.0,"Climate Pledge Arena, Seattle, United States"
2/15/2026,1,Raye,Live Nation,15538,1272458.84,16007.0,0.97,77.64,119.43,81.89,Arena,15538,1272458.84,"Accor Arena, Paris, France"
2/15/2026,2,Cardi B,Live Nation,12872,2029313.5,12872.0,1.0,59.5,299.5,157.65,Arena,25745,4058627.0,"Kia Forum, Inglewood, United States"
2/15/2026,1,Earl Sweatshirt,Live Nation / Gaiety Investments (MCD Productions),847,46032.02,850.0,0.99,54.37,54.37,54.35,Theater ,847,46032.02,"The Academy, Dublin, Ireland"
2/15/2026,1,New Kids On The Block,Live Nation,3221,602221.0,3715.0,0.86,79.0,550.0,186.97,Theater ,3221,602221.0,"Dolby Live at Park MGM Las Vegas, Las Vegas, United States"
2/16/2026,1,The Chameleons (UK),Live Nation / Gaiety Investments (MCD Productions),184,7890.51,220.0,0.83,42.94,42.94,42.88,Theater ,184,7890.51,"The Academy, Dublin, Ireland"
2/16/2026,6,"""The Monk"" By Rex Ryan",Live Nation / Gaiety Investments (MCD Productions),589,25271.25,613.0,0.96,42.59,43.65,42.88,Theater ,3536,151627.49,"Ambassador Theatre, Dublin, Ireland"
2/16/2026,1,Motion City Soundtrack,"Live Nation, Marathon Live",864,39911.0,1800.0,0.48,44.0,85.0,46.19,Club,864,39911.0,"Marathon Music Works, Nashville, United States"
2/16/2026,1,Nine Inch Nails,"(In-House Promotion), evenko, Live Nation",12897,1377650.68,12897.0,1.0,51.04,168.54,106.82,Arena,12897,1377650.68,"Bell Centre, Montreal, Canada"
2/16/2026,1,The Streets,Live Nation / Gaiety Investments (MCD Productions),1844,131616.28,1850.0,0.99,71.34,71.34,71.38,Other,1844,131616.28,"Telegraph Building, Belfast, United Kingdom"
2/16/2026,1,Sons of Legion,Live Nation,520,12480.0,520.0,1.0,24.0,25.0,24.0,Club,520,12480.0,"The Crescent Ballroom, Phoenix, United States"
2/16/2026,1,Nine Inch Nails,Live Nation,13067,1451108.0,13067.0,1.0,51.04,168.54,111.05,Arena,13067,1451108.0,"Bell Centre, Montreal, Canada"
2/16/2026,1,Deftones,Live Nation / Gaiety Investments (MCD Productions),12801,1166558.96,13291.0,0.96,91.1,91.1,91.13,Arena,12801,1166558.96,"3Arena, Dublin, Ireland"
2/17/2026,1,Devendra Banhart,"OCESA, Páramo Presenta",713,39778.19,745.0,0.95,18.84,81.66,55.79,Other,713,39778.19,"Teatro Colon, Bogota, Colombia"
2/17/2026,1,Miguel,"(In-House Promotion), evenko, Live Nation",1514,88737.1,2075.0,0.72,58.29,72.96,58.61,Club,1514,88737.1,"MTELUS, Montreal, Canada"
2/17/2026,1,Ghost,Live Nation,6584,694210.0,6584.0,1.0,37.5,247.5,105.44,Arena,6584,694210.0,"Moda Center, Portland, United States"
2/17/2026,1,Big Time Rush,OCESA,7893,953336.95,8138.0,0.96,58.22,349.31,120.78,Theater ,7893,953336.95,"Auditorio Telmex, Zapopan, Mexico"
2/17/2026,1,Sons of Legion,Live Nation,665,18575.0,665.0,1.0,55.0,300.0,27.93,Theater ,665,18575.0,"La Rosa, Tucson, United States"
2/17/2026,1,LA LOM,Live Nation / Gaiety Investments (MCD Productions),471,15058.38,550.0,0.85,31.97,31.97,31.97,Theater ,471,15058.38,"The Academy, Dublin, Ireland"
2/17/2026,1,Ashnikko,Live Nation / Gaiety Investments (MCD Productions),1615,68923.39,1661.0,0.97,42.63,42.63,42.68,Theater ,1615,68923.39,"3Olympia Theatre, Dublin, Ireland"
2/17/2026,1,Def Leppard,Live Nation,4285,819603.7,4285.0,1.0,69.0,699.0,191.27,Theater ,4285,819603.7,"The Colosseum at Caesars Palace, Las Vegas, United States"
2/18/2026,1,Giveon,Live Nation,8790,952444.54,8900.0,0.98,79.21,259.4,108.36,Theater ,8790,952444.54,"TikTok Entertainment Centre, Sydney, Australia"
2/18/2026,1,Doja Cat,OCESA,19069,1937122.63,19353.0,0.98,46.69,350.19,101.58,Arena,19069,1937122.63,"Palacio de los Deportes, Mexico City, Mexico"
2/18/2026,1,Zaz,OCESA,3054,196088.14,3131.0,0.97,29.18,204.28,64.21,Theater ,3054,196088.14,"Teatro Metropolitan, Mexico City, Mexico"
2/18/2026,3,TWICE,Live Nation,14258,1805231.17,14262.0,0.99,53.5,223.5,126.61,Arena,42776,5415693.5,"UBS Arena, Elmont, United States"
2/18/2026,1,OneRepublic,Live Nation,7289,775803.17,9801.0,0.74,85.54,247.35,106.43,Arena,7289,775803.17,"RAC Arena, Perth, Australia"
2/18/2026,1,Jade,Live Nation,2425,108448.0,2425.0,1.0,41.5,59.5,44.72,Club,2425,108448.0,"Citizens House of Blues Boston, Boston, United States"
2/18/2026,1,Kali Uchis,"OCESA, Páramo Presenta, Promotora Colombia",7111,494240.0,7335.0,0.96,48.0,402.0,69.5,Arena,7111,494240.0,"Movistar Arena, Bogota, Colombia"
2/18/2026,1,Snow Strippers,Live Nation,1250,43325.0,1250.0,1.0,30.0,45.0,34.66,Club,1250,43325.0,"The Observatory, Santa Ana, United States"
2/18/2026,1,Schur,Live Nation,200,2852.18,200.0,1.0,17.95,17.95,14.26,Club,200,2852.18,"Drake Hotel / Underground, Toronto, Canada"
2/18/2026,1,Miguel,Live Nation,2349,147790.41,2349.0,1.0,58.23,91.56,62.92,Club,2349,147790.41,"HISTORY, Toronto, Canada"
2/18/2026,1,Nine Inch Nails,Live Nation,12103,1409570.0,12103.0,1.0,50.91,168.11,116.46,Arena,12103,1409570.0,"TD Coliseum, Hamilton, Canada"
2/18/2026,1,Mariah The Scientist,Live Nation,2180,125904.73,2284.0,0.95,35.0,65.0,57.75,Theater ,2180,125904.73,"Ryman Auditorium, Nashville, United States"
2/18/2026,1,The Paper Kites,Live Nation / Gaiety Investments (MCD Productions),901,31145.06,1100.0,0.81,34.58,34.58,34.57,Theater ,901,31145.06,"3Olympia Theatre, Dublin, Ireland"
2/18/2026,4,Lady Gaga,Live Nation,13461,3565387.5,13462.0,0.99,62.0,377.0,264.85,Arena,53847,14261550.0,"Kia Forum, Inglewood, United States"
2/18/2026,1,New Kids On The Block,Live Nation,2729,527724.0,3328.0,0.82,79.0,550.0,193.38,Theater ,2729,527724.0,"Dolby Live at Park MGM Las Vegas, Las Vegas, United States"
2/19/2026,1,Panteón Rococó,OCESA,4671,217158.44,4746.0,0.98,23.22,139.33,46.49,Theater ,4671,217158.44,"Auditorio Josefa Ortiz De Dominguez, Queretaro, Mexico"
2/19/2026,1,Meme,OCESA,3048,131012.24,3072.0,0.99,17.42,145.13,42.98,Theater ,3048,131012.24,"Teatro Metropolitan, Mexico City, Mexico"
2/19/2026,1,Big Time Rush,OCESA,6587,1021257.22,6666.0,0.98,69.66,406.36,155.04,Theater ,6587,1021257.22,"Auditorio Banamex, Monterrey, Mexico"
2/19/2026,1,The Offspring,Live Nation,8672,485541.41,9153.0,0.94,32.84,109.1,55.99,Arena,8672,485541.41,"Canadian Tire Centre, Ottawa, Canada"
2/19/2026,1,Meredith Marks,"Live Nation, NS2",440,15319.0,675.0,0.65,17.4,40.0,34.82,Club,440,15319.0,"Music Farm, Charleston, United States"
2/19/2026,1,"""Dancing With The Stars Live""","Live Nation, NS2",2079,208161.35,2079.0,1.0,59.5,129.5,100.13,Theater ,2079,208161.35,"Hippodrome Theatre / France-Merrick Perf. Arts Ctr., Baltimore, United States"
2/19/2026,1,Pecos &amp; The Rooftops,"Live Nation, Marathon Live",368,11320.0,1300.0,0.28,25.0,45.0,30.76,Club,368,11320.0,"The Hall, Little Rock, United States"
2/19/2026,1,Laufey,"Live Nation, Prime Entertainment",4883,392469.1,5053.0,0.96,54.23,101.39,80.37,Theater ,4883,392469.1,"Mitsubishi Electric Halle, Dusseldorf, Germany"
2/19/2026,1,Midrift,Live Nation / Gaiety Investments (MCD Productions),139,3023.48,150.0,0.92,21.81,21.81,21.75,Club,139,3023.48,"The Academy 2, Dublin, Ireland"
2/19/2026,2,Charley Crockett,"Live Nation, Seattle Theatre Group",1394,110165.25,1775.0,0.78,64.5,94.5,79.0,Theater ,2789,220330.5,"5th Avenue Theatre, Seattle, United States"
2/19/2026,1,Akira Yamaoka,Live Nation,1300,58275.0,1300.0,1.0,39.5,45.0,44.83,Theater ,1300,58275.0,"The Belasco, Los Angeles, United States"
2/19/2026,1,Conan Gray,Live Nation,12139,770153.5,12139.0,1.0,29.5,99.5,63.44,Arena,12139,770153.5,"Target Center, Minneapolis, United States"
2/19/2026,1,HARDY,Live Nation,10238,536492.32,11667.0,0.87,21.71,123.88,52.4,Arena,10238,536492.32,"Scotiabank Saddledome, Calgary, Canada"
2/19/2026,1,Sleaford Mods,Live Nation / Gaiety Investments (MCD Productions),1543,67706.89,1661.0,0.92,43.86,43.86,43.88,Theater ,1543,67706.89,"3Olympia Theatre, Dublin, Ireland"
2/19/2026,1,Cardi B,Live Nation,12387,1339156.0,12387.0,1.0,59.5,299.5,108.11,Arena,12387,1339156.0,"Moda Center, Portland, United States"
2/19/2026,1,Bailey Zimmerman,Live Nation,5928,486545.75,5930.0,0.99,25.75,85.75,82.08,Arena,5928,486545.75,"Hertz Arena, Estero, United States"
2/19/2026,1,Black Honey,Live Nation / Gaiety Investments (MCD Productions),168,4159.34,200.0,0.84,24.76,24.76,24.76,Club,168,4159.34,"Whelans, Dublin, Ireland"
2/19/2026,1,Rüfüs Du Sol,"DF Entertainment, Live Nation",13254,1195232.61,13254.0,1.0,42.95,128.85,90.18,Arena,13254,1195232.61,"Movistar Arena, Buenos Aires, Argentina"
2/19/2026,1,Def Leppard,Live Nation,4270,878492.75,4270.0,1.0,69.0,699.0,205.74,Theater ,4270,878492.75,"The Colosseum at Caesars Palace, Las Vegas, United States"
2/19/2026,1,Jason Aldean,Live Nation,2566,227827.07,4712.0,0.54,88.78,88.78,88.79,Arena,2566,227827.07,"Spark Arena, Auckland, New Zealand"
2/20/2026,1,Keith Barry,Live Nation / Gaiety Investments (MCD Productions),380,18822.28,450.0,0.84,49.48,49.48,49.53,Theater ,380,18822.28,"Radisson Blu, Sligo, Ireland"
2/20/2026,2,Jarlath Regan,Live Nation / Gaiety Investments (MCD Productions),951,33402.54,1011.0,0.94,35.14,35.14,35.12,Other,1902,66805.08,"Leisureland, Galway, Ireland"
2/20/2026,1,"""The Emo Night Tour""","Live Nation, Marathon Live",875,17350.5,1500.0,0.58,17.5,37.0,19.83,Club,875,17350.5,"The Signal, Chattanooga, United States"
2/20/2026,3,"""EDC Week""",OCESA,106600,8648992.26,114531.0,0.93,57.88,347.28,81.13,Stadium,319801,25946976.77,"Autódromo Hermanos Rodríguez, Mexico City, Mexico"
2/20/2026,1,Big Time Rush,OCESA,6144,455345.81,7168.0,0.85,34.73,254.67,74.11,Arena,6144,455345.81,"Auditorio GNP Seguros, Puebla, Mexico"
2/20/2026,1,Rascal Flatts,Live Nation,4468,321911.0,7626.0,0.58,23.75,163.75,72.05,Arena,4468,321911.0,"Brookshire Grocery Arena, Bossier City, United States"
2/20/2026,1,Dr. Neil deGrasse Tyson,"Hard Rock International (HRI), Live Nation",2377,196719.0,2392.0,0.99,49.5,250.0,82.76,Club,2377,196719.0,"Hard Rock Live Sacramento, Wheatland, United States"
2/20/2026,2,"""Dancing With The Stars Live""","Live Nation, NS2",2829,307051.75,2829.0,1.0,59.5,129.5,108.54,Theater ,5658,614103.5,"The Theater at MGM National Harbor, Oxon Hill, United States"
2/20/2026,1,Eagles,Live Nation,16382,4727561.25,16382.0,1.0,120.0,311.0,288.58,Arena,16382,4727561.25,"Sphere, Las Vegas, United States"
2/20/2026,1,"Nothing More, Catch Your Breath",Live Nation,2150,84162.5,2425.0,0.88,19.75,59.5,39.15,Club,2150,84162.5,"Citizens House of Blues Boston, Boston, United States"
2/20/2026,1,Nimesh Patel,Live Nation,1565,73782.5,1745.0,0.89,34.5,54.5,47.15,Theater ,1565,73782.5,"Moore Theatre, Seattle, United States"
2/20/2026,1,Rum.Gold,Live Nation,243,5394.0,250.0,0.97,22.0,25.0,22.2,Club,243,5394.0,"The Echo, Los Angeles, United States"
2/20/2026,1,redveil,"Live Nation, Union Stage Presents",436,12195.0,600.0,0.72,25.0,50.0,27.97,Club,436,12195.0,"The Howard Theatre, Washington, United States"
2/20/2026,1,Snow Strippers,Live Nation,3700,143780.0,3700.0,1.0,30.0,45.0,38.86,Theater ,3700,143780.0,"Hollywood Palladium, Hollywood, United States"
2/20/2026,1,Emmanuel &amp; Mijares,OCESA,9435,744294.52,9564.0,0.98,8.68,191.01,78.89,Theater ,9435,744294.52,"Auditorio Nacional, Mexico City, Mexico"
2/20/2026,1,Akira Yamaoka,Live Nation,1900,42767.5,1900.0,1.0,39.5,45.0,22.51,Club,1900,42767.5,"The Van Buren, Phoenix, United States"
2/20/2026,1,Los Ángeles Azules,Live Nation,3580,224880.0,3926.0,0.91,33.99,143.99,62.82,Theater ,3580,224880.0,"Hard Rock Live Hollywood, Hollywood, United States"
2/20/2026,2,Los Bukis,Live Nation,47860,7123452.63,47860.0,1.0,31.5,391.5,148.84,Stadium,95720,14246905.25,"SoFi Stadium, Inglewood, United States"
2/20/2026,1,Fly By Midnight,Live Nation / Gaiety Investments (MCD Productions),211,5026.73,220.0,0.95,23.86,23.86,23.82,Club,211,5026.73,"The Academy 2, Dublin, Ireland"
2/20/2026,1,Say She She,Live Nation,825,26178.0,1000.0,0.82,27.5,35.0,31.73,Club,825,26178.0,"Warsaw, Brooklyn, United States"
2/20/2026,1,HARDY,Live Nation,4347,400198.36,4347.0,1.0,29.03,123.96,92.06,Arena,4347,400198.36,"South Okanagan Events Centre, Penticton, Canada"
2/20/2026,1,KC &amp; The Sunshine Band,"Live Nation, MGM Resorts International",1348,107203.0,1604.0,0.84,57.5,145.0,79.53,Club,1348,107203.0,"Center Stage at MGM Northfield Park, Northfield, United States"
2/20/2026,1,Nine Inch Nails,Live Nation,12879,1566632.0,12879.0,1.0,45.0,175.0,121.64,Arena,12879,1566632.0,"Schottenstein Center, Columbus, United States"
2/20/2026,1,Then Jerico,Live Nation / Gaiety Investments (MCD Productions),162,5712.06,200.0,0.81,35.26,35.26,35.26,Club,162,5712.06,"Whelans, Dublin, Ireland"
2/20/2026,1,Ghost,Live Nation,8330,935815.0,8330.0,1.0,42.5,252.5,112.34,Arena,8330,935815.0,"Golden 1 Center, Sacramento, United States"
2/20/2026,1,Vilma Palma e Vampiros,OCESA,4448,242641.01,6486.0,0.68,26.05,86.82,54.55,Theater ,4448,242641.01,"Pepsi Center Mexico, Mexico City, Mexico"
2/20/2026,1,Stomptown Brass,Live Nation / Gaiety Investments (MCD Productions),175,3794.81,220.0,0.79,21.74,21.74,21.68,Club,175,3794.81,"Opium Live, Dublin, Ireland"
2/20/2026,1,Bad Bunny,Live Nation,48203,6130865.26,48203.0,1.0,51.34,210.15,127.19,Stadium,48203,6130865.26,"Allianz Parque, São Paulo, Brazil"
2/20/2026,9,Joanne McNally,Live Nation / Gaiety Investments (MCD Productions),1237,68229.5,1298.0,0.95,55.12,55.12,55.12,Theater ,11140,614065.52,"3Olympia Theatre, Dublin, Ireland"
2/20/2026,1,New Kids On The Block,Live Nation,3568,541022.0,3568.0,1.0,79.0,550.0,151.63,Theater ,3568,541022.0,"Dolby Live at Park MGM Las Vegas, Las Vegas, United States"
2/21/2026,7,"""The Lion King""",OCESA,367,30552.19,1400.0,0.26,58.37,291.84,83.15,Theater ,2572,213865.3,"Teatro Telcel, Mexico City, Mexico"
2/21/2026,7,"""The Phantom Of The Opera""",OCESA,289,28670.0,1400.0,0.2,46.69,233.47,99.01,Theater ,2027,200690.02,"Teatro de los Insurgentes, Mexico City, Mexico"
2/21/2026,1,"""Batalla de Campeones: La invasión""",OCESA,1857,78465.74,2500.0,0.74,17.51,145.92,42.25,Arena,1857,78465.74,"Pabellón del Palacio de los Deportes, Mexico City, Mexico"
2/21/2026,1,Ciaran Moran,Live Nation / Gaiety Investments (MCD Productions),193,4084.11,200.0,0.96,21.22,21.22,21.16,Club,193,4084.11,"The Academy 2, Dublin, Ireland"
2/21/2026,1,Enjambre,"Live Nation, Rialto Theatre",500,22565.0,500.0,1.0,45.0,50.0,45.13,Club,500,22565.0,"191 Toole, Tucson, United States"
2/21/2026,1,Panteón Rococó,OCESA,3749,195785.83,6760.0,0.55,23.35,175.1,52.22,Stadium,3749,195785.83,"Velaria de la Feria de León, Leon, Mexico"
2/21/2026,1,Daniela Spalla,OCESA,2470,108558.19,3624.0,0.68,17.51,151.76,43.95,Theater ,2470,108558.19,"Auditorio Del Complejo Cultural Universitario, Puebla, Mexico"
2/21/2026,1,Shakira,OCESA,29716,3627725.43,36995.0,0.8,58.37,420.25,122.08,Stadium,29716,3627725.43,"Estadio Victor Manuel Reyna, Tuxtla Gutierrez, Mexico"
2/21/2026,1,Kali Uchis,OCESA,6293,648682.33,6483.0,0.97,46.69,350.21,103.08,Theater ,6293,648682.33,"Auditorio Banamex, Monterrey, Mexico"
2/21/2026,1,Big Time Rush,OCESA,17947,2994951.01,18085.0,0.99,81.72,513.64,166.88,Arena,17947,2994951.01,"Palacio de los Deportes, Mexico City, Mexico"
2/21/2026,1,The Offspring,"(In-House Promotion), evenko, Live Nation",13905,938133.13,13905.0,1.0,32.88,109.24,67.47,Arena,13905,938133.13,"Bell Centre, Montreal, Canada"
2/21/2026,1,Jade,"(In-House Promotion), evenko, Live Nation",2146,77012.17,2155.0,0.99,34.71,42.02,35.89,Club,2146,77012.17,"MTELUS, Montreal, Canada"
2/21/2026,1,John Mulaney,Live Nation,2566,236805.0,3014.0,0.85,51.0,121.0,92.29,Arena,2566,236805.0,"Simmons Bank Arena, North Little Rock, United States"
2/21/2026,1,Walls,Live Nation,12096,766472.15,13892.0,0.87,46.57,80.17,63.37,Arena,12096,766472.15,"Movistar Arena, Madrid, Spain"
2/21/2026,1,Nate Jackson,"Live Nation, Omaha Performing Arts",1469,66799.5,1480.0,0.99,35.0,70.5,45.47,Theater ,1469,66799.5,"Steelhouse Omaha, Omaha, United States"
2/21/2026,1,Somebody's Child,Live Nation,200,4600.0,200.0,1.0,23.0,23.0,23.0,Club,200,4600.0,"The Red Room @ Cafe 939, Boston, United States"
2/21/2026,1,The Trews,Live Nation,1093,30677.72,1100.0,0.99,25.57,32.88,28.07,Theater ,1093,30677.72,"Burton Cummings Theatre, Winnipeg, Canada"
2/21/2026,1,Eagles,Live Nation,16375,4697640.0,16375.0,1.0,120.0,311.0,286.88,Arena,16375,4697640.0,"Sphere, Las Vegas, United States"
2/21/2026,1,Lauren Spencer Smith,Live Nation,2425,117264.5,2425.0,1.0,41.5,61.5,48.36,Club,2425,117264.5,"Citizens House of Blues Boston, Boston, United States"
2/21/2026,1,Rascal Flatts,Live Nation,9823,708485.75,10631.0,0.92,23.75,163.75,72.13,Arena,9823,708485.75,"Paycom Center, Oklahoma City, United States"
2/21/2026,1,Los Ángeles Azules,"Hard Rock International (HRI), Live Nation",1710,154248.4,1866.0,0.91,44.8,149.5,90.2,Club,1710,154248.4,"Hard Rock Live Orlando, Orlando, United States"
2/21/2026,1,Bad Bunny,Live Nation,48738,5722222.89,48738.0,1.0,51.67,211.5,117.41,Stadium,48738,5722222.89,"Allianz Parque, São Paulo, Brazil"
2/21/2026,1,Legss,Live Nation / Gaiety Investments (MCD Productions),45,819.63,50.0,0.9,18.27,18.27,18.21,Club,45,819.63,"The Grand Social, Dublin, Ireland"
2/21/2026,1,Canned Pineapple,Live Nation / Gaiety Investments (MCD Productions),24,394.69,30.0,0.8,16.5,16.5,16.45,Club,24,394.69,"Upstairs At Whelans, Dublin, Ireland"
2/21/2026,1,Megadeth,Live Nation,8466,534398.13,12435.0,0.68,32.88,87.32,63.12,Arena,8466,534398.13,"Rogers Place, Edmonton, Canada"
2/21/2026,1,Three Days Grace,Live Nation,8228,628436.43,8228.0,1.0,29.5,129.5,76.38,Other,8228,628436.43,"Allen County War Memorial Coliseum, Fort Wayne, United States"
2/21/2026,1,Last Dinosaurs,"Live Nation, Marathon Live",433,10014.0,1250.0,0.34,22.5,30.0,23.13,Theater ,433,10014.0,"FIVE, Jacksonville, United States"
2/21/2026,1,Matt Mathews,Live Nation,2905,148070.5,2905.0,1.0,34.5,54.5,50.97,Theater ,2905,148070.5,"Paramount Theatre, Seattle, United States"
2/21/2026,1,Miguel,Live Nation,3276,201925.82,3276.0,1.0,44.5,79.5,61.64,Theater ,3276,201925.82,"The Met Philadelphia, Philadelphia, United States"
2/21/2026,1,Akira Yamaoka,Live Nation,1100,47322.0,1100.0,1.0,39.5,45.0,43.02,Club,1100,47322.0,"House Of Blues, San Diego, United States"
2/21/2026,1,Conan Gray,Live Nation,6144,608112.5,6144.0,1.0,49.5,99.5,98.98,Arena,6144,608112.5,"Fishers Event Center, Fishers, United States"
2/21/2026,1,Dropkick Murphys,"Live Nation, Marathon Live",1500,73650.0,1500.0,1.0,49.5,85.0,49.1,Club,1500,73650.0,"The Signal, Chattanooga, United States"
2/21/2026,1,HARDY,Live Nation,6427,548675.97,6427.0,1.0,21.74,124.04,85.37,Arena,6427,548675.97,"Rogers Forum, Abbotsford, Canada"
2/21/2026,1,Charlie Berens,"Bill Blumenreich Presents, Live Nation",742,40552.58,1065.0,0.69,32.76,79.0,54.65,Theater ,742,40552.58,"The Palazzo Theatre, Las Vegas, United States"
2/21/2026,1,Cardi B,Live Nation,13145,1385097.99,13145.0,1.0,60.22,229.49,105.37,Arena,13145,1385097.99,"Rogers Arena, Vancouver, Canada"
2/21/2026,1,Mariah The Scientist,Live Nation,6000,343250.0,6000.0,1.0,55.0,80.0,57.21,Theater ,6000,343250.0,"The Anthem, Washington, United States"
2/21/2026,1,Whitney,Live Nation / Gaiety Investments (MCD Productions),373,11652.81,450.0,0.82,31.24,31.24,31.24,Theater ,373,11652.81,"The Academy, Dublin, Ireland"
2/21/2026,1,Franz Ferdinand,Live Nation / Gaiety Investments (MCD Productions),1472,87287.02,1800.0,0.81,59.31,59.31,59.3,Other,1472,87287.02,"Telegraph Building, Belfast, United Kingdom"
2/21/2026,1,Bailey Zimmerman,Live Nation,5071,394314.0,5071.0,1.0,26.25,86.25,77.76,Other,5071,394314.0,"The Classic Center Theatre & Akins Ford Arena, Athens, United States"
2/21/2026,1,El Gran Silencio,OCESA,4236,218423.48,6486.0,0.65,14.59,70.04,51.56,Theater ,4236,218423.48,"Pepsi Center Mexico, Mexico City, Mexico"
2/21/2026,1,Def Leppard,Live Nation,4314,976727.75,4314.0,1.0,69.0,699.0,226.41,Theater ,4314,976727.75,"The Colosseum at Caesars Palace, Las Vegas, United States"
2/21/2026,1,New Kids On The Block,Live Nation,3812,612961.0,3819.0,0.99,79.0,550.0,160.8,Theater ,3812,612961.0,"Dolby Live at Park MGM Las Vegas, Las Vegas, United States"
2/22/2026,1,Zaz,"OCESA, Páramo Presenta",1164,89479.96,1658.0,0.7,40.38,108.14,76.87,Theater ,1164,89479.96,"Teatro Jorge Eliécer Gaitán, Bogota, Colombia"
2/22/2026,1,Big Time Rush,OCESA,6134,550514.5,6380.0,0.96,40.86,291.84,89.75,Arena,6134,550514.5,"Foro GNP Seguros, Merida, Mexico"
2/22/2026,1,Jason Aldean,Live Nation,6440,807710.99,6956.0,0.92,63.64,216.44,125.42,Arena,6440,807710.99,"Brisbane Entertainment Centre, Boondall, Australia"
2/22/2026,1,"""The Dirty Dancing Concert Tour""",Live Nation,1258,53723.0,1921.0,0.65,25.0,25.0,42.71,Theater ,1258,53723.0,"Saenger Theatre, Mobile, United States"
2/22/2026,1,Juliana,"OCESA, Páramo Presenta, Promotora Colombia",5552,353985.01,6400.0,0.86,57.0,118.0,63.76,Arena,5552,353985.01,"Movistar Arena, Bogota, Colombia"
2/22/2026,1,"""Dancing With The Stars Live""","Live Nation, NS2",5930,546825.0,5930.0,1.0,59.5,129.5,92.21,Arena,5930,546825.0,"Petersen Events Center, Pittsburgh, United States"
2/22/2026,3,December 10,Live Nation / Gaiety Investments (MCD Productions),400,8230.34,450.0,0.88,20.62,20.62,20.56,Club,1201,24691.03,"The Green Room, Dublin, Ireland"
2/22/2026,1,Black Jacket Symphony,"Live Nation, Omaha Performing Arts",775,23123.8,1133.0,0.68,12.75,35.5,29.84,Theater ,775,23123.8,"Steelhouse Omaha, Omaha, United States"
2/22/2026,1,Giveon,Live Nation,5415,332892.92,10456.0,0.51,61.48,61.48,61.48,Arena,5415,332892.92,"Spark Arena, Auckland, New Zealand"
2/22/2026,1,Bad Omens,Live Nation,10095,802822.5,10095.0,1.0,29.4,109.4,79.53,Arena,10095,802822.5,"Delta Center, Salt Lake City, United States"
2/22/2026,1,Nine Inch Nails,Live Nation,9441,1027280.0,9441.0,1.0,44.0,174.0,108.81,Arena,9441,1027280.0,"Van Andel Arena, Grand Rapids, United States"
2/22/2026,1,Cardi B,Live Nation,14046,1818540.0,14046.0,1.0,59.5,299.5,129.47,Arena,14046,1818540.0,"Climate Pledge Arena, Seattle, United States"
2/22/2026,1,Franz Ferdinand,Live Nation / Gaiety Investments (MCD Productions),1835,106249.85,2209.0,0.83,57.85,57.85,57.9,Stadium,1835,106249.85,"National Stadium, Dublin, Ireland"
2/22/2026,1,Rüfüs Du Sol,"DG Medios, Live Nation",15657,1226428.16,15657.0,1.0,151.11,369.13,78.33,Arena,15657,1226428.16,"Movistar Arena, Santiago, Chile"
2/22/2026,1,Trevor Wallace,Live Nation,732,30180.0,800.0,0.91,21.0,51.0,41.23,Theater ,732,30180.0,"BJCC Concert Hall, Birmingham, United States"
2/22/2026,1,Sylosis,Live Nation / Gaiety Investments (MCD Productions),672,28224.71,800.0,0.84,42.06,42.06,42.0,Theater ,672,28224.71,"The Academy, Dublin, Ireland"
2/23/2026,1,Foo Fighters,Live Nation / Gaiety Investments (MCD Productions),718,83174.73,722.0,0.99,115.84,115.84,115.84,Theater ,718,83174.73,"The Academy, Dublin, Ireland"
2/23/2026,1,Nothing More,"(In-House Promotion), evenko, Extensive Enterprise, Heavy Montreal, Live Nation",1407,90960.21,2060.0,0.68,65.01,88.65,64.65,Theater ,1407,90960.21,"Olympia, Paris, France"
2/23/2026,1,Nothing More,"Extensive Enterprise, Live Nation",1407,56288.43,1753.0,0.8,17.1,54.86,40.01,Club,1407,56288.43,"L'Olympia, Montreal, Canada"
2/23/2026,1,"""Noise Pop Festival"", The Joy Formidable",Live Nation,240,8400.0,240.0,1.0,35.0,35.0,35.0,Club,240,8400.0,"Swedish American Hall, San Francisco, United States"
2/23/2026,1,Conan Gray,Live Nation,13626,997761.28,13626.0,1.0,28.89,102.04,73.22,Arena,13626,997761.28,"Scotiabank Arena, Toronto, Canada"
2/23/2026,1,The Offspring,"(In-House Promotion), evenko, Live Nation",6404,442206.41,7069.0,0.9,32.92,109.36,69.05,Arena,6404,442206.41,"Avenir Centre, Moncton, Canada"
2/23/2026,1,Nine Inch Nails,Live Nation,11220,1330736.0,11220.0,1.0,44.5,174.5,118.6,Arena,11220,1330736.0,"Fiserv Forum, Milwaukee, United States"
2/24/2026,1,Shakira,OCESA,33314,6302352.46,33987.0,0.98,92.62,520.98,189.18,Stadium,33314,6302352.46,"Estadio Carlos Iturralde Rivero, Merida, Mexico"
2/24/2026,1,TWICE,Live Nation,15666,1928831.0,15666.0,1.0,54.5,224.5,123.12,Arena,15666,1928831.0,"Xfinity Mobile Arena, Philadelphia, United States"
2/24/2026,1,Lauren Spencer Smith,"(In-House Promotion), evenko, Live Nation",2057,67411.53,2198.0,0.93,30.28,44.87,32.77,Club,2057,67411.53,"MTELUS, Montreal, Canada"
2/24/2026,2,Josh Ross,Live Nation,1747,72243.5,1814.0,0.96,21.52,65.29,41.34,Theater ,3495,144486.99,"Burton Cummings Theatre, Winnipeg, Canada"
2/24/2026,1,"""Dancing With The Stars Live""","Live Nation, NS2",4694,489906.73,4694.0,1.0,59.5,129.5,104.37,Theater ,4694,489906.73,"Fox Theatre, Detroit, United States"
2/24/2026,1,Big Time Rush,"Live Nation, OCESA, Páramo Presenta, Promotora Colombia",7796,529394.01,7916.0,0.98,47.0,143.0,67.91,Arena,7796,529394.01,"Movistar Arena, Bogota, Colombia"
2/24/2026,1,Chinchilla,Live Nation / Gaiety Investments (MCD Productions),256,7503.2,300.0,0.85,29.31,29.31,29.31,Club,256,7503.2,"The Green Room, Dublin, Ireland"
2/24/2026,1,Three Days Grace,Live Nation,8465,441585.55,8465.0,1.0,25.0,129.5,52.17,Arena,8465,441585.55,"Van Andel Arena, Grand Rapids, United States"
2/24/2026,1,Snow Strippers,Live Nation,1050,28875.0,1050.0,1.0,30.0,45.0,27.5,Club,1050,28875.0,"Ace Of Spades, Sacramento, United States"
2/24/2026,1,AC/DC,Live Nation,69153,12511547.47,69153.0,1.0,29.88,55.89,180.93,Stadium,69153,12511547.47,"MorumBIS, São Paulo, Brazil"
2/24/2026,1,Bad Omens,Live Nation,10832,910631.5,10832.0,1.0,39.5,109.5,84.07,Arena,10832,910631.5,"Ball Arena, Denver, United States"
2/24/2026,1,Miguel,Live Nation,5630,476348.98,5630.0,1.0,49.5,149.5,84.61,Theater ,5630,476348.98,"Radio City Music Hall, New York, United States"
2/24/2026,1,Hanumankind,"Live Nation, Union Stage Presents",789,31835.0,900.0,0.87,35.0,60.0,40.35,Club,789,31835.0,"The Howard Theatre, Washington, United States"
2/24/2026,1,Jesse Welles,Live Nation,2268,86479.0,2278.0,0.99,29.5,50.0,38.13,Theater ,2268,86479.0,"Ryman Auditorium, Nashville, United States"
2/24/2026,1,Heaven Shall Burn,Live Nation / Gaiety Investments (MCD Productions),364,16793.97,450.0,0.8,46.14,46.14,46.14,Theater ,364,16793.97,"The Academy, Dublin, Ireland"
2/24/2026,1,Def Leppard,Live Nation,4323,734293.59,4323.0,1.0,69.0,699.0,169.86,Theater ,4323,734293.59,"The Colosseum at Caesars Palace, Las Vegas, United States"
2/25/2026,1,Kali Uchis,OCESA,15295,1818374.39,15512.0,0.98,58.26,407.79,118.89,Arena,15295,1818374.39,"Palacio de los Deportes, Mexico City, Mexico"
2/25/2026,1,Jason Mraz,"DG Medios, Live Nation",2166,142158.43,3485.0,0.62,52.13,115.85,65.63,Theater ,2166,142158.43,"Teatro Caupolican, Santiago, Chile"
2/25/2026,1,Conan Gray,Live Nation,12237,1034216.0,12441.0,0.98,32.5,132.5,84.52,Arena,12237,1034216.0,"TD Garden, Boston, United States"
2/25/2026,1,Megadeth,Live Nation,6744,427952.85,7000.0,0.96,36.17,87.32,63.46,Arena,6744,427952.85,"Canada Life Centre, Winnipeg, Canada"
2/25/2026,1,"""Dancing With The Stars Live""","Live Nation, NS2",2545,265784.08,2545.0,1.0,59.5,129.5,104.43,Theater ,2545,265784.08,"Murat Theatre, Indianapolis, United States"
2/25/2026,1,Alter Bridge,Live Nation,3470,283181.25,7032.0,0.49,66.91,92.59,81.61,Arena,3470,283181.25,"Utilita Arena Newcastle, Newcastle upon Tyne, United Kingdom"
2/25/2026,1,Wooli,"Live Nation, Omaha Performing Arts",1356,43063.0,2913.0,0.46,20.25,55.5,31.76,Theater ,1356,43063.0,"Steelhouse Omaha, Omaha, United States"
2/25/2026,1,"Boy George, Culture Club",Live Nation,2166,158409.0,2900.0,0.74,39.5,99.5,73.13,Theater ,2166,158409.0,"The Theater at MGM National Harbor, Oxon Hill, United States"
2/25/2026,1,Nine Inch Nails,Live Nation,10987,1269630.0,10987.0,1.0,45.5,175.5,115.56,Arena,10987,1269630.0,"Enterprise Center, St. Louis, United States"
2/25/2026,1,Cardi B,Live Nation,13466,1918545.0,13466.0,1.0,59.5,299.5,142.47,Arena,13466,1918545.0,"Golden 1 Center, Sacramento, United States"
2/25/2026,1,Rüfüs Du Sol,Live Nation,13043,1088135.59,16463.0,0.79,56.28,164.97,83.43,Stadium,13043,1088135.59,"Pedreira Paulo Leminski, Curitiba, Brazil"
2/25/2026,1,New Kids On The Block,Live Nation,2873,502591.0,3864.0,0.74,79.0,550.0,174.94,Theater ,2873,502591.0,"Dolby Live at Park MGM Las Vegas, Las Vegas, United States"
2/26/2026,1,"Esteman, Daniela Spalla",OCESA,1778,78955.67,3724.0,0.47,17.48,151.46,44.41,Theater ,1778,78955.67,"Auditorio Josefa Ortiz De Dominguez, Queretaro, Mexico"
2/26/2026,1,Bunnie XO,"Bill Blumenreich Presents, Live Nation",1313,113610.11,1313.0,1.0,49.99,104.99,86.53,Theater ,1313,113610.11,"The Palazzo Theatre, Las Vegas, United States"
2/26/2026,1,Yacht Rock Revue,"(In-House Promotion), Live Nation",923,33267.0,1725.0,0.53,25.0,45.0,36.04,Club,923,33267.0,"House Of Blues, Houston, United States"
2/26/2026,1,Molotov,"(In-House Promotion), evenko, Live Nation",2178,97991.04,2186.0,0.99,43.89,58.52,44.99,Club,2178,97991.04,"MTELUS, Montreal, Canada"
2/26/2026,1,Bad Omens,Live Nation,9983,788024.0,11507.0,0.86,29.5,104.5,78.94,Arena,9983,788024.0,"T-Mobile Center, Kansas City, United States"
2/26/2026,1,Rascal Flatts,Live Nation,6741,527889.0,9301.0,0.72,26.25,166.25,78.31,Arena,6741,527889.0,"Rupp Arena, Lexington, United States"
2/26/2026,1,Jason Aldean,Live Nation,4818,600834.05,5679.0,0.84,94.38,145.22,124.71,Arena,4818,600834.05,"Qudos Bank Arena, Sydney, Australia"
2/26/2026,1,Big Time Rush,Live Nation,6159,424050.17,6159.0,1.0,12.91,23.99,68.85,Other,6159,424050.17,"Costa 21 Multiespacio, Magdalena del Mar, Peru"
2/26/2026,1,Six Sex,OCESA,892,27084.68,942.0,0.94,11.65,104.86,30.36,Club,892,27084.68,"Foro Puebla 186, Mexico City, Mexico"
2/26/2026,1,Napalm Death,Live Nation / Gaiety Investments (MCD Productions),518,24487.61,600.0,0.86,47.27,47.27,47.27,Theater ,518,24487.61,"The Academy, Dublin, Ireland"
2/26/2026,1,Three Days Grace,Live Nation,5951,450737.5,6846.0,0.86,29.5,129.5,75.74,Arena,5951,450737.5,"Rocket Arena, Cleveland, United States"
2/26/2026,1,Miguel,Live Nation,4470,310232.73,4470.0,1.0,49.5,99.5,69.4,Theater ,4470,310232.73,"Fox Theatre, Detroit, United States"
2/26/2026,1,Bailey Zimmerman,Live Nation,10014,633342.5,10132.0,0.98,25.75,85.75,63.25,Arena,10014,633342.5,"Bon Secours Wellness Arena, Greenville, United States"
2/26/2026,1,Vitamin String Quartet,"Live Nation, Omaha Performing Arts",519,19587.5,1287.0,0.4,12.5,55.0,37.74,Theater ,519,19587.5,"Steelhouse Omaha, Omaha, United States"
2/26/2026,1,Def Leppard,Live Nation,4322,864126.24,4322.0,1.0,69.0,699.0,199.94,Theater ,4322,864126.24,"The Colosseum at Caesars Palace, Las Vegas, United States"
2/26/2026,1,Esprit D'Air,Live Nation / Gaiety Investments (MCD Productions),428,12645.63,530.0,0.8,29.55,29.55,29.55,Club,428,12645.63,"The Green Room, Dublin, Ireland"
2/27/2026,2,Jarlath Regan,Live Nation / Gaiety Investments (MCD Productions),240,8475.49,300.0,0.8,35.31,35.31,35.31,Theater ,480,16950.97,"Cork Opera House, Cork, Ireland"
2/27/2026,1,BHAVI,OCESA,660,22229.28,883.0,0.74,11.64,116.41,33.68,Theater ,660,22229.28,"Foro Puebla, Puebla, Mexico"
2/27/2026,1,Iann Brennan &amp; The Echoes,Live Nation / Gaiety Investments (MCD Productions),110,1662.97,120.0,0.91,15.12,15.12,15.12,Club,110,1662.97,"The Academy 2, Dublin, Ireland"
2/27/2026,1,Seth Meyers,"(In-House Promotion), Live Nation",2675,195822.08,2704.0,0.98,49.5,79.5,73.2,Theater ,2675,195822.08,"DPAC, Durham, United States"
2/27/2026,1,Dani Martín,OCESA,2685,156452.39,3124.0,0.85,29.1,203.71,58.27,Theater ,2685,156452.39,"Teatro Metropolitan, Mexico City, Mexico"
2/27/2026,1,Shakira,OCESA,55709,8066985.8,56948.0,0.97,69.84,523.84,144.81,Stadium,55709,8066985.8,"Estadio GNP Seguros, Mexico City, Mexico"
2/27/2026,1,Brandi Carlile,Live Nation,8660,1168909.0,11343.0,0.76,25.0,195.5,134.98,Arena,8660,1168909.0,"Kia Forum, Inglewood, United States"
2/27/2026,1,Mariah The Scientist,Live Nation,5946,422395.25,5946.0,1.0,39.5,109.5,71.04,Theater ,5946,422395.25,"Radio City Music Hall, New York, United States"
2/27/2026,1,Jason Mraz,"DF Entertainment, Live Nation",1915,168325.46,3262.0,0.58,35.5,106.5,87.9,Theater ,1915,168325.46,"Teatro Gran Rex, Buenos Aires, Argentina"
2/27/2026,1,Ed Maverick,"(In-House Promotion), OCESA",1362,93824.87,1452.0,0.93,40.74,93.13,68.89,Other,1362,93824.87,"Teatro De Los Heroes, Chihuahua, Mexico"
2/27/2026,1,TWICE,Live Nation,15084,2099562.0,15084.0,1.0,59.5,229.5,139.19,Arena,15084,2099562.0,"State Farm Arena, Atlanta, United States"
2/27/2026,2,Bryce Crawford,Live Nation,648,30234.22,648.0,1.0,35.0,64.5,46.66,Club,1296,60468.44,"House Of Blues, Dallas, United States"
2/27/2026,1,Conan Gray,Live Nation,11917,894291.0,11917.0,1.0,39.5,109.5,75.04,Arena,11917,894291.0,"Prudential Center, Newark, United States"
2/27/2026,1,Jim Jefferies,"Bill Blumenreich Presents, Live Nation",1530,104113.0,1582.0,0.96,37.0,109.0,68.05,Theater ,1530,104113.0,"The Palazzo Theatre, Las Vegas, United States"
2/27/2026,1,Eagles,Live Nation,16384,4700755.45,16384.0,1.0,120.0,311.0,286.91,Arena,16384,4700755.45,"Sphere, Las Vegas, United States"
2/27/2026,1,"""Dancing With The Stars Live""","Live Nation, NS2",2961,276612.45,2961.0,1.0,59.5,129.5,93.42,Theater ,2961,276612.45,"Stifel Theatre, St. Louis, United States"
2/27/2026,1,Big Time Rush,Live Nation,6079,428193.33,6079.0,1.0,12.86,23.88,70.44,Other,6079,428193.33,"Costa 21 Multiespacio, Magdalena del Mar, Peru"
2/27/2026,1,Miguel,Live Nation,3400,187534.7,3897.0,0.87,59.5,79.5,55.16,Theater ,3400,187534.7,"The Andrew J Brady Music Center, Cincinnati, United States"
2/27/2026,1,Del Water Gap,"Live Nation, Marathon Live",1640,54870.0,1800.0,0.91,32.5,65.0,33.46,Club,1640,54870.0,"Marathon Music Works, Nashville, United States"
2/27/2026,1,Nine Inch Nails,Live Nation,11347,1278582.0,11347.0,1.0,45.5,175.5,112.68,Arena,11347,1278582.0,"BOK Center, Tulsa, United States"
2/27/2026,1,Justin Furstenfeld,Live Nation,484,38665.0,727.0,0.66,36.5,96.5,79.89,Club,484,38665.0,"The Neptune, Seattle, United States"
2/27/2026,1,Cardi B,Live Nation,13395,2239008.0,13395.0,1.0,59.5,299.5,167.15,Arena,13395,2239008.0,"Chase Center, San Francisco, United States"
2/27/2026,1,+LIVE+,Live Nation,5129,272696.91,5350.0,0.95,14.45,65.49,53.17,Arena,5129,272696.91,"Rogers Place, Edmonton, Canada"
2/27/2026,1,Bailey Zimmerman,Live Nation,9326,596691.75,9326.0,1.0,25.75,85.75,63.98,Arena,9326,596691.75,"Thompson-Boling Arena at Food City Center, Knoxville, United States"
2/27/2026,1,Rüfüs Du Sol,Live Nation,21715,2007795.07,24220.0,0.89,55.25,165.36,92.46,Stadium,21715,2007795.07,"Mercado Livre Arena Pacaembu, São Paulo, Brazil"
2/27/2026,2,Scouting For Girls,Live Nation / Gaiety Investments (MCD Productions),810,31235.65,810.0,1.0,38.62,38.62,38.56,Theater ,1620,62471.29,"The Academy, Dublin, Ireland"
2/27/2026,1,New Kids On The Block,Live Nation,3765,524540.0,3765.0,1.0,79.0,550.0,139.32,Theater ,3765,524540.0,"Dolby Live at Park MGM Las Vegas, Las Vegas, United States"
2/27/2026,1,Keith Barry,Live Nation / Gaiety Investments (MCD Productions),711,36445.3,850.0,0.83,51.26,51.26,51.26,Theater ,711,36445.3,"TF Royal Theatre, Castlebar, Ireland"
2/28/2026,1,Keith Barry,Live Nation / Gaiety Investments (MCD Productions),89,4564.44,89.0,1.0,51.29,51.29,51.29,Other,89,4564.44,"Theatre Royal, Waterford, Ireland"
2/28/2026,1,Panteón Rococó,OCESA,2583,104919.0,9411.0,0.27,17.41,139.25,40.62,Amphitheatre,2583,104919.0,"Auditorio Guelaguetza, Oaxaca, Mexico"
2/28/2026,1,C-Kan,OCESA,1500,71776.48,2455.0,0.61,23.21,168.26,47.85,Amphitheatre,1500,71776.48,"Foro del Lago, Leon, Mexico"
2/28/2026,2,Stuart Mitchell,Live Nation,2868,104863.98,2888.0,0.99,33.71,37.08,36.56,Theater ,5737,209727.96,"SEC Armadillo, Glasgow, United Kingdom"
2/28/2026,1,Mario Rosenstock,Live Nation / Gaiety Investments (MCD Productions),200,10280.8,200.0,1.0,51.4,51.4,51.4,Club,200,10280.8,"Black Box, Galway, Ireland"
2/28/2026,1,Ruslan Beliy,Live Nation / Gaiety Investments (MCD Productions),434,34090.47,500.0,0.86,78.58,78.58,78.55,Theater ,434,34090.47,"Ambassador Theatre, Dublin, Ireland"
2/28/2026,1,Dude Dad ,"Live Nation, Marathon Live",381,17506.5,750.0,0.5,44.55,59.5,45.95,Club,381,17506.5,"Marathon Music Works, Nashville, United States"
2/28/2026,1,Hugel,"OCESA, Páramo Presenta",2225,148967.78,2879.0,0.77,33.47,227.65,66.95,Arena,2225,148967.78,"Centro De Eventos Autopista Norte, Bogota, Colombia"
2/28/2026,1,Orbit Culture,Live Nation,796,23318.31,824.0,0.96,21.98,32.97,29.29,Theater ,796,23318.31,"Burton Cummings Theatre, Winnipeg, Canada"
2/28/2026,1,Ed Maverick,"(In-House Promotion), OCESA",1370,94365.01,1452.0,0.94,40.61,92.83,68.88,Other,1370,94365.01,"Teatro De Los Heroes, Chihuahua, Mexico"
2/28/2026,1,Somebody's Child,Live Nation,285,4874.16,285.0,1.0,16.49,21.98,17.1,Club,285,4874.16,"Fox Cabaret, Vancouver, Canada"
2/28/2026,1,Bryce Crawford,Live Nation,2075,98617.67,2075.0,1.0,35.0,115.0,47.53,Theater ,2075,98617.67,"Bayou Music Center, Houston, United States"
2/28/2026,1,Conan Gray,Live Nation,12892,957075.5,12892.0,1.0,49.5,109.5,74.24,Arena,12892,957075.5,"UBS Arena, Elmont, United States"
2/28/2026,1,Matt Rife,Live Nation,16899,1647992.0,16899.0,1.0,40.0,160.0,97.52,Arena,16899,1647992.0,"Prudential Center, Newark, United States"
2/28/2026,1,Mariah The Scientist,"(In-House Promotion), Crossroads Presents, Live Nation",4991,233811.0,4991.0,1.0,31.0,71.0,46.85,Club,4991,233811.0,"MGM Music Hall at Fenway, Boston, United States"
2/28/2026,1,Eagles,Live Nation,16389,4733090.5,16389.0,1.0,120.0,311.0,288.8,Arena,16389,4733090.5,"Sphere, Las Vegas, United States"
2/28/2026,1,"""Work It! A 90's &amp; 2000's R&amp;B &amp; Hip Hop Party""","Live Nation, NS2",685,14894.72,685.0,1.0,9.67,25.0,21.74,Club,685,14894.72,"Music Farm, Charleston, United States"
2/28/2026,1,Pecos &amp; The Rooftops,Live Nation,546,15040.0,950.0,0.57,18.75,42.5,27.55,Theater ,546,15040.0,"Varsity Theater, Minneapolis, United States"
2/28/2026,1,Chris Isaak,"Hard Rock International (HRI), Live Nation",1856,120182.0,2152.0,0.86,39.5,89.5,64.75,Club,1856,120182.0,"Hard Rock Live Sacramento, Wheatland, United States"
2/28/2026,1,AC/DC,Live Nation,70783,13069807.11,70783.0,1.0,30.13,56.35,184.65,Stadium,70783,13069807.11,"MorumBIS, São Paulo, Brazil"
2/28/2026,1,Timecop1983,"Live Nation, Union Stage Presents",418,11560.0,500.0,0.83,30.0,50.0,27.66,Club,418,11560.0,"Union Stage, Washington, United States"
2/28/2026,1,Megadeth,Live Nation,7608,460557.91,8248.0,0.92,25.64,87.56,60.54,Arena,7608,460557.91,"Canada Life Place, London, Canada"
2/28/2026,1,BENEE,Live Nation,955,26875.0,1199.0,0.79,30.0,35.0,28.14,Theater ,955,26875.0,"The Fillmore, San Francisco, United States"
2/28/2026,1,Bad Omens,Live Nation,12618,1032521.0,12618.0,1.0,39.5,109.5,81.83,Arena,12618,1032521.0,"Little Caesars Arena, Detroit, United States"
2/28/2026,1,Miguel,Live Nation,4716,279204.5,4716.0,1.0,59.5,69.5,59.2,Theater ,4716,279204.5,"Byline Bank Aragon Ballroom, Chicago, United States"
2/28/2026,1,Brad Williams,"Bill Blumenreich Presents, Live Nation",1023,71926.92,1250.0,0.81,40.0,89.0,70.31,Theater ,1023,71926.92,"The Palazzo Theatre, Las Vegas, United States"
2/28/2026,2,Lady Gaga,Live Nation,11502,3609431.0,11502.0,1.0,61.0,376.0,313.81,Arena,23004,7218862.0,"Dickies Arena, Fort Worth, United States"
2/28/2026,1,Bailey Zimmerman,Live Nation,5591,431710.5,5591.0,1.0,26.75,86.75,77.22,Arena,5591,431710.5,"Appalachian Wireless Arena, Pikeville, United States"
2/28/2026,1,The Strumbellas,Live Nation,649,16426.79,975.0,0.66,15.0,234.0,25.31,Club,649,16426.79,"Scoot Inn, Austin, United States"
2/28/2026,1,Rascal Flatts,Live Nation,10726,725959.6,11979.0,0.89,12.6,185.25,67.68,Arena,10726,725959.6,"KeyBank Center, Buffalo, United States"
2/28/2026,1,Jordan Davis,Live Nation,10340,682327.13,10617.0,0.97,47.19,94.38,65.99,Arena,10340,682327.13,"OVO Arena Wembley, London, United Kingdom"
2/28/2026,1,Def Leppard,Live Nation,4313,1009086.18,4313.0,1.0,69.0,699.0,233.96,Theater ,4313,1009086.18,"The Colosseum at Caesars Palace, Las Vegas, United States"
2/28/2026,1,Alter Bridge,Live Nation / Gaiety Investments (MCD Productions),4585,372388.95,5500.0,0.83,81.18,81.18,81.22,Arena,4585,372388.95,"3Arena, Dublin, Ireland"
2/28/2026,2,Jared Freid,Live Nation,453,17483.25,648.0,0.69,29.5,49.5,38.55,Club,907,34966.5,"The Neptune, Seattle, United States"
2/28/2026,1,Eileen Alister,Live Nation / Gaiety Investments (MCD Productions),185,5454.43,230.0,0.8,29.54,29.54,29.48,Club,185,5454.43,"The Academy 2, Dublin, Ireland"
2/28/2026,1,Bad Bunny,Live Nation,44639,7386498.55,44639.0,1.0,79.84,243.51,165.47,Stadium,44639,7386498.55,"ENGIE Stadium, Sydney, Australia"
2/28/2026,1,New Kids On The Block,Live Nation,3812,633787.0,3812.0,1.0,79.0,550.0,166.26,Theater ,3812,633787.0,"Dolby Live at Park MGM Las Vegas, Las Vegas, United States"
3/1/2026,1,Majo Rivas,OCESA,552,12841.75,1118.0,0.49,11.6,81.23,23.26,Theater ,552,12841.75,"Auditorio Nacional, Mexico City, Mexico"
3/1/2026,7,"""The Lion King""",OCESA,374,30978.62,1400.0,0.26,58.02,290.11,82.67,Theater ,2623,216850.33,"Teatro Telcel, Mexico City, Mexico"
3/1/2026,7,"""The Phantom Of The Opera""",OCESA,295,29119.73,1400.0,0.21,46.42,23.21,98.42,Theater ,2071,203838.11,"Teatro de los Insurgentes, Mexico City, Mexico"
3/1/2026,1,Stuart Mitchell,Live Nation,2847,104095.45,2895.0,0.98,33.71,37.08,36.56,Theater ,2847,104095.45,"SEC Armadillo, Glasgow, United Kingdom"
3/1/2026,1,Hugel,"OCESA, Páramo Presenta",1363,106699.8,4018.0,0.33,34.32,266.04,78.28,Theater ,1363,106699.8,"Centauro Centro de Eventos, Envigado, Colombia"
3/1/2026,1,Brett Young,"(In-House Promotion), Live Nation",1836,92050.63,2391.0,0.76,29.5,79.5,50.14,Theater ,1836,92050.63,"DPAC, Durham, United States"
3/1/2026,1,Big Time Rush,"DG Medios, Live Nation",4933,348784.9,6327.0,0.77,51.51,103.01,70.7,Arena,4933,348784.9,"Movistar Arena, Santiago, Chile"
3/1/2026,1,Nine Inch Nails,Live Nation,12035,1405592.5,12035.0,1.0,43.5,173.5,116.79,Arena,12035,1405592.5,"Moody Center, Austin, United States"
3/1/2026,1,Megadeth,Live Nation,5565,334290.93,5850.0,0.95,36.27,87.56,60.07,Arena,5565,334290.93,"Canadian Tire Centre, Ottawa, Canada"
3/1/2026,1,"""Dancing With The Stars Live""","Live Nation, NS2",2015,208037.5,2015.0,1.0,59.5,129.5,103.24,Theater ,2015,208037.5,"The Prairie Home Alliance Theater, Peoria, United States"
3/1/2026,1,Matt Rife,Live Nation,16066,1359626.0,19216.0,0.83,29.5,160.0,84.63,Arena,16066,1359626.0,"Capital One Arena, Washington, United States"
3/1/2026,1,Peso Pluma,Live Nation,14674,1914785.88,14674.0,1.0,39.5,249.5,130.49,Arena,14674,1914785.88,"Climate Pledge Arena, Seattle, United States"
3/1/2026,1,Atsuko Okatsuka,"Bill Blumenreich Presents, Live Nation",1186,67211.99,1186.0,1.0,34.0,69.0,56.67,Theater ,1186,67211.99,"The Palazzo Theatre, Las Vegas, United States"
3/1/2026,1,Bad Bunny,Live Nation,45454,6853055.24,45454.0,1.0,79.84,243.51,150.77,Stadium,45454,6853055.24,"ENGIE Stadium, Sydney, Australia"
3/1/2026,1,Three Days Grace,Live Nation,8345,668046.31,8345.0,1.0,25.5,125.0,80.05,Arena,8345,668046.31,"GIANT Center, Hershey, United States"
3/1/2026,1,Cardi B,Live Nation,12678,1907059.0,12678.0,1.0,59.5,299.5,150.42,Arena,12678,1907059.0,"Mortgage Matchup Center, Phoenix, United States"
3/1/2026,1,Willow Avalon,Live Nation / Gaiety Investments (MCD Productions),382,12189.08,450.0,0.84,31.91,31.91,31.91,Club,382,12189.08,"The Green Room, Dublin, Ireland"
3/2/2026,2,Scouting For Girls,"(In-House Promotion), Live Nation, SJM Concerts",889,40247.35,907.0,0.98,43.67,53.08,45.27,Other,1778,80494.69,"Brighton Dome, Brighton, United Kingdom"
3/2/2026,1,+LIVE+,Live Nation,3858,173973.03,4000.0,0.96,47.62,65.57,45.09,Arena,3858,173973.03,"Canada Life Centre, Winnipeg, Canada"
3/2/2026,1,mgk,Live Nation,16026,1171300.63,16026.0,1.0,54.22,115.21,73.09,Arena,16026,1171300.63,"Lanxess Arena, Cologne, Germany"
3/2/2026,2,Akira Yamaoka,Live Nation,1100,44811.5,1100.0,1.0,39.5,45.0,40.74,Club,2200,89623.0,"Irving Plaza, New York, United States"
3/2/2026,1,Toto,Live Nation,2578,203908.0,4457.0,0.57,22.69,124.0,79.1,Amphitheatre,2578,203908.0,"The St. Augustine Amphitheatre, Saint Augustine, United States"
3/2/2026,1,Bad Omens,Live Nation,10129,767007.5,10129.0,1.0,39.5,109.5,75.72,Arena,10129,767007.5,"Target Center, Minneapolis, United States"
3/2/2026,1,Miguel,Live Nation,3758,163283.7,3758.0,1.0,49.5,89.5,43.45,Theater ,3758,163283.7,"Armory, Minneapolis, United States"
3/2/2026,1,Conan Gray,Live Nation,12538,1010026.5,12538.0,1.0,39.5,109.5,80.56,Arena,12538,1010026.5,"Xfinity Mobile Arena, Philadelphia, United States"
3/2/2026,1,Dave,Live Nation / Gaiety Investments (MCD Productions),12263,1059829.36,13271.0,0.92,86.39,86.39,86.42,Arena,12263,1059829.36,"3Arena, Dublin, Ireland"
3/2/2026,1,I See Stars,Live Nation,510,13145.0,950.0,0.53,25.0,25.0,25.77,Club,510,13145.0,"Brooklyn Bowl Philadelphia, Philadelphia, United States"
3/2/2026,1,Bad Suns,Live Nation / Gaiety Investments (MCD Productions),179,5274.32,220.0,0.81,29.47,29.47,29.47,Club,179,5274.32,"Whelans, Dublin, Ireland"
3/3/2026,1,Scouting For Girls,"Live Nation, SJM Concerts",1756,76382.16,1780.0,0.98,43.5,43.5,43.5,Theater ,1756,76382.16,"O2 Academy, Bournemouth, United Kingdom"
3/3/2026,1,"""Copa De Leyendas""",OCESA,23561,1955293.24,41231.0,0.57,40.41,259.77,82.99,Stadium,23561,1955293.24,"Estadio Akron, Zapopan, Mexico"
3/3/2026,1,TWICE,"(In-House Promotion), evenko, Live Nation",17885,2083140.66,17885.0,1.0,58.15,204.43,116.47,Arena,17885,2083140.66,"Bell Centre, Montreal, Canada"
3/3/2026,1,Megadeth,"(In-House Promotion), evenko, Live Nation",4965,332783.42,5764.0,0.86,36.2,87.4,67.03,Arena,4965,332783.42,"Scotiabank Centre, Halifax, Canada"
3/3/2026,1,Sticky Fingers ,Live Nation,2069,93105.0,2100.0,0.98,45.0,45.0,45.0,Club,2069,93105.0,"SOMA San Diego, San Diego, United States"
3/3/2026,1,The Bronx,Live Nation,1744,95401.21,1900.0,0.91,54.7,54.7,54.7,Club,1744,95401.21,"Forum Melbourne, Melbourne, Australia"
3/3/2026,1,Bryce Vine,"Live Nation, Union Stage Presents",317,13270.0,500.0,0.63,40.0,135.0,41.86,Club,317,13270.0,"Union Stage, Washington, United States"
3/3/2026,2,Van Morrison,Live Nation,3454,426170.37,3463.0,0.99,59.5,249.5,123.38,Theater ,6908,852340.73,"Wang Theatre - Boch Center, Boston, United States"
3/3/2026,1,Peso Pluma,Live Nation,12139,1701125.43,12139.0,1.0,59.5,249.5,140.14,Arena,12139,1701125.43,"Chase Center, San Francisco, United States"
3/3/2026,1,Big Time Rush,"DF Entertainment, Live Nation",6415,511515.79,10718.0,0.59,50.22,104.02,79.74,Arena,6415,511515.79,"Movistar Arena, Buenos Aires, Argentina"
3/3/2026,1,Three Days Grace,Live Nation,10647,611252.99,11767.0,0.9,25.0,129.5,57.41,Arena,10647,611252.99,"PPG Paints Arena, Pittsburgh, United States"
3/3/2026,1,Miguel,"FPC Live (Frank Productions Concerts), Live Nation",2701,121679.11,4118.0,0.65,44.5,69.5,45.05,Arena,2701,121679.11,"Landmark Credit Union Live, Milwaukee, United States"
3/3/2026,2,Sons of Legion,Live Nation,636,17764.0,650.0,0.97,27.5,57.0,27.93,Club,1272,35528.0,"Neumos, Seattle, United States"
3/3/2026,1,Badflower,"Live Nation, Seattle Theatre Group",673,25753.5,1000.0,0.67,37.0,42.0,38.27,Club,673,25753.5,"The Neptune, Seattle, United States"
3/3/2026,1,Nine Inch Nails,Live Nation,11266,1227069.0,11266.0,1.0,43.0,173.0,108.92,Arena,11266,1227069.0,"American Airlines Center, Dallas, United States"
3/3/2026,2,Linkin Park,Live Nation,10921,1758925.16,11516.0,0.94,101.91,188.26,161.06,Arena,21842,3517850.32,"Brisbane Entertainment Centre, Boondall, Australia"
3/3/2026,1,Tyler Childers,"Live Nation, Live Nation / Gaiety Investments (MCD Productions)",12200,776110.84,12726.0,0.95,46.14,84.05,63.62,Arena,12200,776110.84,"3Arena, Dublin, Ireland"
3/4/2026,1,"""The Offload"" Podcast",Live Nation / Gaiety Investments (MCD Productions),210,9713.77,250.0,0.84,46.26,46.26,46.26,Theater ,210,9713.77,"University Concert Hall, Limerick, Ireland"
3/4/2026,1,Dire Straits Experience feat. Chris White,Live Nation / Gaiety Investments (MCD Productions),198,10952.6,200.0,0.99,55.3,55.3,55.32,Theater ,198,10952.6,"Cork Opera House, Cork, Ireland"
3/4/2026,1,Braxton Keith,"Live Nation, Marathon Live",1270,36145.0,1300.0,0.97,25.0,50.0,28.46,Club,1270,36145.0,"The Hall, Little Rock, United States"
3/4/2026,1,Megadeth,"(In-House Promotion), evenko, Live Nation",5783,387031.82,7140.0,0.8,36.15,87.28,66.93,Arena,5783,387031.82,"Avenir Centre, Moncton, Canada"
3/4/2026,1,Nothing More,Live Nation,929,35358.9,950.0,0.97,39.81,47.11,38.06,Theater ,929,35358.9,"Burton Cummings Theatre, Winnipeg, Canada"
3/4/2026,1,Bad Omens,Live Nation,12153,972734.0,12153.0,1.0,39.5,109.5,80.04,Arena,12153,972734.0,"Allstate Arena, Rosemont, United States"
3/4/2026,1,Tab Benoit,Live Nation,574,20235.0,1050.0,0.54,35.0,35.0,35.25,Club,574,20235.0,"The Orange Peel, Asheville, United States"
3/4/2026,1,Bryce Crawford,Live Nation,779,33126.0,779.0,1.0,35.0,55.0,42.52,Club,779,33126.0,"Mars Music Hall, Huntsville, United States"
3/4/2026,1,"""Dancing With The Stars Live""","Live Nation, NS2",2540,269240.0,2540.0,1.0,59.5,129.5,106.0,Theater ,2540,269240.0,"Armory, Minneapolis, United States"
3/4/2026,1,Peso Pluma,Live Nation,13791,1973096.9,13791.0,1.0,39.5,249.5,143.07,Arena,13791,1973096.9,"Golden 1 Center, Sacramento, United States"
3/4/2026,1,Shay O'Dowd,Live Nation / Gaiety Investments (MCD Productions),29,536.23,35.0,0.82,18.55,18.55,18.49,Other,29,536.23,"The Cobblestone, Dublin, Ireland"
3/4/2026,1,AC/DC,Live Nation,69566,12278.82,69566.0,1.0,29.26,54.74,0.18,Stadium,69566,12278.82,"MorumBIS, São Paulo, Brazil"
3/4/2026,1,Steve Cradock,Live Nation / Gaiety Investments (MCD Productions),354,16087.36,420.0,0.84,45.44,45.44,45.44,Theater ,354,16087.36,"Ambassador Theatre, Dublin, Ireland"
3/4/2026,1,THUMPER,Live Nation / Gaiety Investments (MCD Productions),303,8079.16,350.0,0.86,26.66,26.66,26.66,Theater ,303,8079.16,"The Academy, Dublin, Ireland"
3/4/2026,1,Maddox Batson,"(In-House Promotion), Live Nation",732,41309.0,1600.0,0.45,37.5,107.5,56.43,Theater ,732,41309.0,"Stamford Center for the Arts, Palace Theatre, Stamford, United States"
3/4/2026,1,Samm Henshaw,"Live Nation, Union Stage Presents",382,12090.0,500.0,0.76,35.0,45.0,31.65,Club,382,12090.0,"Union Stage, Washington, United States"
3/4/2026,1,"Descendents, Frank Turner &amp; The Sleeping Souls","Live Nation, Rialto Theatre",1249,60883.5,1300.0,0.96,46.5,62.0,48.75,Club,1249,60883.5,"Rialto Theatre, Tucson, United States"
3/4/2026,1,Conan Gray,Live Nation,8028,686070.5,8028.0,1.0,39.5,99.5,85.46,Arena,8028,686070.5,"Lenovo Center, Raleigh, United States"
3/4/2026,1,I See Stars,Live Nation,538,14139.0,650.0,0.82,24.5,39.5,26.28,Theater ,538,14139.0,"The Gramercy Theatre, New York, United States"
3/4/2026,2,Raye,Live Nation / Gaiety Investments (MCD Productions),12441,956760.03,13301.0,0.93,77.33,77.33,76.9,Arena,24883,1913520.05,"3Arena, Dublin, Ireland"
3/4/2026,1,Cardi B,Live Nation,11826,1839634.0,11826.0,1.0,59.5,299.5,155.56,Arena,11826,1839634.0,"Toyota Center, Houston, United States"
3/4/2026,2,Lady Gaga,Live Nation,11625,3377122.0,11625.0,1.0,61.0,376.0,290.51,Arena,23250,6754244.0,"State Farm Arena, Atlanta, United States"
3/4/2026,1,Rüfüs Du Sol,"Live Nation, OCESA, Páramo Presenta",11757,987845.99,14527.0,0.8,35.85,106.36,84.02,Stadium,11757,987845.99,"Estadio Cincuentenario, Medellin, Colombia"
3/5/2026,1,Ron Sexsmith,Live Nation / Gaiety Investments (MCD Productions),32,1548.99,40.0,0.8,48.41,48.41,48.41,Other,32,1548.99,"Theatre Royal, Waterford, Ireland"
3/5/2026,1,Dire Straits Experience feat. Chris White,Live Nation / Gaiety Investments (MCD Productions),490,27400.96,600.0,0.81,55.95,55.95,55.92,Arena,490,27400.96,"Gleneagle Arena, Killarney, Ireland"
3/5/2026,1,"Esteman, Daniela Spalla",OCESA,1921,53578.55,1921.0,1.0,17.01,147.41,27.89,Amphitheatre,1921,53578.55,"Foro del Lago, Leon, Mexico"
3/5/2026,1,Scouting For Girls,"Live Nation, SJM Concerts",1600,69344.89,1600.0,1.0,43.34,43.34,43.34,Theater ,1600,69344.89,"O2 Academy Bristol, Bristol, United Kingdom"
3/5/2026,1,"""The Offload"" Podcast",Live Nation / Gaiety Investments (MCD Productions),583,27582.86,610.0,0.95,47.36,47.36,47.31,Theater ,583,27582.86,"Ambassador Theatre, Dublin, Ireland"
3/5/2026,1,The 2 Johnnies,Live Nation / Gaiety Investments (MCD Productions),775,18172.51,950.0,0.81,23.45,23.45,23.45,Theater ,775,18172.51,"3Olympia Theatre, Dublin, Ireland"
3/5/2026,1,LYKN,OCESA,3086,183424.02,3126.0,0.98,28.35,198.43,59.44,Theater ,3086,183424.02,"Teatro Metropolitan, Mexico City, Mexico"
3/5/2026,1,Rise Against,"(In-House Promotion), evenko, Extensive Enterprise, Greenland Events Inc, Live Nation",1479,80377.12,2081.0,0.71,62.27,76.92,54.35,Club,1479,80377.12,"L'Olympia, Montreal, Canada"
3/5/2026,1,Ed Maverick,"(In-House Promotion), OCESA",702,50456.05,912.0,0.76,48.19,87.88,71.87,Theater ,702,50456.05,"Foro Boca, Boca del Rio, Mexico"
3/5/2026,1,Bailey Zimmerman,Live Nation,12154,886263.0,12424.0,0.97,22.75,112.75,72.92,Arena,12154,886263.0,"TD Garden, Boston, United States"
3/5/2026,1,Rise Against,"Extensive Enterprise, Live Nation",1479,80377.12,1839.0,0.8,31.13,76.92,54.35,Club,1479,80377.12,"L'Olympia, Montreal, Canada"
3/5/2026,1,"""Dancing With The Stars Live""","Live Nation, NS2",2298,230169.0,2298.0,1.0,59.5,129.5,100.16,Theater ,2298,230169.0,"Kansas City Music Hall, Kansas City, United States"
3/5/2026,1,ILLENIUM,Live Nation,16208,2537599.88,16208.0,1.0,56.25,298.0,156.56,Arena,16208,2537599.88,"Sphere, Las Vegas, United States"
3/5/2026,1,Bryce Crawford,Live Nation,956,42526.07,956.0,1.0,35.0,55.55,44.48,Theater ,956,42526.07,"Saenger Theatre, Hattiesburg, United States"
3/5/2026,1,Miguel,Live Nation,3640,202681.03,3640.0,1.0,54.5,99.5,55.68,Club,3640,202681.03,"Fillmore Auditorium, Denver, United States"
3/5/2026,1,Akira Yamaoka,Live Nation,1532,63504.0,1625.0,0.94,39.5,45.0,41.45,Club,1532,63504.0,"House Of Blues, Dallas, United States"
3/5/2026,1,Bleed From Within,Live Nation / Gaiety Investments (MCD Productions),650,27276.18,800.0,0.81,42.02,42.02,41.96,Theater ,650,27276.18,"The Academy, Dublin, Ireland"
3/5/2026,1,Colony House,Live Nation,411,10300.5,450.0,0.91,15.75,35.0,25.06,Club,411,10300.5,"Marquis Theater, Denver, United States"
3/5/2026,1,Rod Stewart,Live Nation,4596,734233.75,4596.0,1.0,53.0,225.0,159.75,Amphitheatre,4596,734233.75,"The St. Augustine Amphitheatre, Saint Augustine, United States"
3/5/2026,1,+LIVE+,Live Nation,3863,178836.58,5000.0,0.77,12.82,65.56,46.29,Arena,3863,178836.58,"TD Coliseum, Hamilton, Canada"
3/5/2026,1,Alter Bridge,Live Nation,5844,461038.16,5900.0,0.99,66.01,91.35,78.89,Arena,5844,461038.16,"The Motorpoint Arena Nottingham, Nottingham, United Kingdom"
3/6/2026,1,Lewis Doyle Singer,Live Nation / Gaiety Investments (MCD Productions),500,16258.86,500.0,1.0,32.52,32.52,32.52,Theater ,500,16258.86,"Button Factory, Dublin, Ireland"
3/6/2026,1,Keith Barry,Live Nation / Gaiety Investments (MCD Productions),400,20160.98,400.0,1.0,50.4,50.4,50.4,Other,400,20160.98,"Maritime Hotel, Cork, Ireland"
3/6/2026,1,Big Special,Live Nation / Gaiety Investments (MCD Productions),450,13065.15,450.0,1.0,29.03,29.03,29.03,Club,450,13065.15,"The Green Room, Dublin, Ireland"
3/6/2026,1,Scouting For Girls,"Live Nation, SJM Concerts",1500,65143.58,1500.0,1.0,43.43,43.43,43.43,Theater ,1500,65143.58,"Great Hall, Cardiff, United Kingdom"
3/6/2026,1,"""You Must Be Jokin' Live"" Podcast",Live Nation / Gaiety Investments (MCD Productions),247,8576.9,300.0,0.82,34.72,34.72,34.72,Theater ,247,8576.9,"Ambassador Theatre, Dublin, Ireland"
3/6/2026,1,Megadeth,"(In-House Promotion), evenko, Gestev, Live Nation",8587,532290.78,9079.0,0.94,36.24,87.48,61.99,Arena,8587,532290.78,"Centre Vidéotron, Quebec City, Canada"
3/6/2026,1,Rise Against,"(In-House Promotion), evenko, Extensive Enterprise, Greenland Events Inc, Live Nation",2153,139015.56,2154.0,0.99,62.22,76.86,64.57,Club,2153,139015.56,"L'Olympia, Montreal, Canada"
3/6/2026,2,Excision,Live Nation,7175,522751.5,18074.0,0.39,23.5,83.5,72.85,Arena,14351,1045503.0,"Kia Forum, Inglewood, United States"
3/6/2026,1,Ed Maverick,"(In-House Promotion), OCESA",856,62207.06,912.0,0.93,48.05,87.61,72.67,Theater ,856,62207.06,"Foro Boca, Boca del Rio, Mexico"
3/6/2026,1,Rise Against,"Extensive Enterprise, Live Nation",2153,139015.56,2154.0,0.99,31.11,76.86,64.57,Club,2153,139015.56,"L'Olympia, Montreal, Canada"
3/6/2026,1,Rene Vaca,Live Nation,951,51951.0,1100.0,0.86,39.5,89.5,54.63,Theater ,951,51951.0,"Lincoln Theatre, Washington, United States"
3/6/2026,1,Harry Styles,Live Nation,19397,476917.81,20437.0,0.94,26.73,26.73,24.59,Arena,19397,476917.81,"Co-op Live, Manchester, United Kingdom"
3/6/2026,1,Conan Gray,Live Nation,12793,749610.0,12793.0,1.0,49.5,99.5,58.6,Arena,12793,749610.0,"State Farm Arena, Atlanta, United States"
3/6/2026,3,"""Dancing With The Stars Live""","Live Nation, NS2",4145,421759.17,4146.0,0.99,59.5,129.5,101.73,Theater ,12437,1265277.5,"Rosemont Theatre, Rosemont, United States"
3/6/2026,1,+LIVE+,Live Nation,4533,195860.67,4996.0,0.9,36.24,65.52,43.21,Arena,4533,195860.67,"Canadian Tire Centre, Ottawa, Canada"
3/6/2026,1,ILLENIUM,Live Nation,16394,2844398.9,16394.0,1.0,56.25,298.0,173.5,Arena,16394,2844398.9,"Sphere, Las Vegas, United States"
3/6/2026,1,Peso Pluma,Live Nation,15153,1534392.53,15157.0,0.99,49.5,249.5,101.26,Amphitheatre,15153,1534392.53,"Talking Stick Resort Amphitheatre, Phoenix, United States"
3/6/2026,1,Rene Vaca,Live Nation,1100,61282.0,1100.0,1.0,39.5,89.5,55.71,Theater ,1100,61282.0,"Lincoln Theatre, Washington, United States"
3/6/2026,1,Big Time Rush,Live Nation,6375,473919.48,7890.0,0.8,14.89,25.53,74.34,Theater ,6375,473919.48,"Espaço Unimed, São Paulo, Brazil"
3/6/2026,1,Matteo Bocelli,OCESA,2694,124418.65,3165.0,0.85,22.61,158.27,46.18,Theater ,2694,124418.65,"Teatro Metropolitan, Mexico City, Mexico"
3/6/2026,1,The Clause,Live Nation / Gaiety Investments (MCD Productions),74,1585.59,85.0,0.87,21.48,21.48,21.43,Club,74,1585.59,"Upstairs At Whelans, Dublin, Ireland"
3/6/2026,1,Miguel,Live Nation,2346,129567.5,2346.0,1.0,49.5,59.5,55.23,Other,2346,129567.5,"The Complex, Salt Lake City, United States"
3/6/2026,1,Sons of Legion,Live Nation,629,16115.57,629.0,1.0,25.62,25.62,25.62,Theater ,629,16115.57,"Hollywood Theatre, Vancouver, Canada"
3/6/2026,2,Subtronics ,Live Nation,3577,111625.0,6576.0,0.54,45.0,142.5,31.21,Theater ,7154,223250.0,"The Met Philadelphia, Philadelphia, United States"
3/6/2026,1,Margo Price,Live Nation,491,13798.0,600.0,0.81,28.0,30.0,28.1,Club,491,13798.0,"Goldfield Trading Post, Sacramento, United States"
3/6/2026,1,Nine Inch Nails,Live Nation,11542,1089703.0,11542.0,1.0,44.5,174.5,94.41,Arena,11542,1089703.0,"Desert Diamond Arena, Glendale, United States"
3/6/2026,2,TWICE,Live Nation,15073,1852267.09,15700.0,0.96,58.2,204.6,122.89,Arena,30146,3704534.18,"TD Coliseum, Hamilton, Canada"
3/6/2026,1,Matisse,OCESA,9364,494690.14,9564.0,0.97,25.44,158.27,52.83,Theater ,9364,494690.14,"Auditorio Nacional, Mexico City, Mexico"
3/6/2026,1,Cardi B,Live Nation,12004,2005740.0,12004.0,1.0,59.5,299.5,167.09,Arena,12004,2005740.0,"Moody Center, Austin, United States"
3/6/2026,1,Rob Anderson,"Bill Blumenreich Presents, Live Nation",305,16088.78,1001.0,0.3,34.99,65.99,52.75,Theater ,305,16088.78,"The Palazzo Theatre, Las Vegas, United States"
3/6/2026,1,Laufey,Live Nation / Gaiety Investments (MCD Productions),8698,728458.06,9278.0,0.93,83.73,83.73,83.75,Arena,8698,728458.06,"3Arena, Dublin, Ireland"
3/6/2026,1,Tyler Childers,"DF Concerts, Live Nation, Regular Music",8328,573517.39,9633.0,0.86,53.45,93.54,68.87,Arena,8328,573517.39,"The OVO Hydro, Glasgow, United Kingdom"
3/6/2026,1,The Antlers,Live Nation / Gaiety Investments (MCD Productions),290,9430.14,290.0,1.0,32.52,32.52,32.52,Club,290,9430.14,"Whelans, Dublin, Ireland"
3/6/2026,1,Rüfüs Du Sol,"Live Nation, OCESA, Páramo Presenta",16571,1212806.27,18759.0,0.88,39.77,98.5,73.19,Arena,16571,1212806.27,"Coliseo MedPlus, Bogota, Colombia"
3/7/2026,1,Panteón Rococó,OCESA,2306,106703.84,3844.0,0.59,22.47,162.94,46.27,Arena,2306,106703.84,"Auditorio Benito Juarez, Veracruz, Mexico"
3/7/2026,1,"Esteman, Daniela Spalla",OCESA,1080,43171.7,2777.0,0.38,16.86,140.47,39.97,Theater ,1080,43171.7,"Auditorio La Isla Mérida, Merida, Mexico"
3/7/2026,1,Scouting For Girls,"Live Nation, SJM Concerts",1382,60156.89,1400.0,0.98,43.53,43.53,43.53,Theater ,1382,60156.89,"The Hall By The Sea, Margate, United Kingdom"
3/7/2026,1,Keith Barry,Live Nation / Gaiety Investments (MCD Productions),475,23959.78,580.0,0.81,50.44,50.44,50.44,Other,475,23959.78,"Landmark Hotel, Carrick On Shannon, Ireland"
3/7/2026,2,Mike Wozniak,Live Nation / Gaiety Investments (MCD Productions),553,18591.53,610.0,0.9,33.59,33.59,33.59,Theater ,1107,37183.05,"Ambassador Theatre, Dublin, Ireland"
3/7/2026,1,"""David Attenborough's Ocean In Concert""",Live Nation / Gaiety Investments (MCD Productions),3337,265706.57,4000.0,0.83,79.61,79.61,79.62,Arena,3337,265706.57,"3Arena, Dublin, Ireland"
3/7/2026,1,TV Girl,OCESA,7087,345731.53,8000.0,0.88,22.47,168.56,48.78,Theater ,7087,345731.53,"Pepsi Center Mexico, Mexico City, Mexico"
3/7/2026,1,mgk,Live Nation,17247,1353915.05,18322.0,0.94,46.88,107.15,78.5,Arena,17247,1353915.05,"Co-op Live, Manchester, United Kingdom"
3/7/2026,1,ILLENIUM,Live Nation,16482,3049281.25,16482.0,1.0,56.25,298.0,185.01,Arena,16482,3049281.25,"Sphere, Las Vegas, United States"
3/7/2026,1,Rene Vaca,Live Nation,2754,138772.75,2754.0,1.0,37.25,99.5,50.39,Theater ,2754,138772.75,"Beacon Theatre, New York, United States"
3/7/2026,1,The Phil Collins Story,"Live Nation, MGM Resorts International",1299,61095.0,1666.0,0.77,32.5,55.0,47.03,Club,1299,61095.0,"Center Stage at MGM Northfield Park, Northfield, United States"
3/7/2026,1,Kapo,"OCESA, Páramo Presenta, Promotora Colombia",11712,563953.64,11712.0,1.0,24.07,163.73,48.15,Arena,11712,563953.64,"Movistar Arena, Bogota, Colombia"
3/7/2026,1,Bruce Bruce,Live Nation,1814,100509.0,1814.0,1.0,49.5,69.5,55.41,Theater ,1814,100509.0,"The Theater at MGM National Harbor, Oxon Hill, United States"
3/7/2026,1,Dire Straits Experience,Live Nation / Gaiety Investments (MCD Productions),621,33793.93,750.0,0.82,54.39,54.39,54.42,Theater ,621,33793.93,"TF Royal Theatre, Castlebar, Ireland"
3/7/2026,1,Mammoth,"Hard Rock International (HRI), Live Nation",1054,40930.95,2139.0,0.49,34.25,47.87,38.83,Theater ,1054,40930.95,"Hard Rock LIVE, Ottawa, Canada"
3/7/2026,1,Schur,Live Nation,250,4500.0,250.0,1.0,18.0,22.0,18.0,Amphitheatre,250,4500.0,"House Of Blues - Voodoo Stage, San Diego, United States"
3/7/2026,1,Sons of Legion,Live Nation,610,16847.72,610.0,1.0,27.62,27.62,27.62,Club,610,16847.72,"The Rickshaw Theatre, Vancouver, Canada"
3/7/2026,1,ISMO,Live Nation,473,20421.5,731.0,0.64,25.5,55.5,43.17,Theater ,473,20421.5,"The Buckhead Theatre, Atlanta, United States"
3/7/2026,1,Akira Yamaoka,Live Nation,1550,59446.0,1550.0,1.0,39.5,45.0,38.35,Club,1550,59446.0,"Emo's, Austin, United States"
3/7/2026,1,Conan Gray,Live Nation,12739,759852.0,12970.0,0.98,25.5,105.0,59.65,Arena,12739,759852.0,"Kia Center, Orlando, United States"
3/7/2026,1,Trey Kennedy,Live Nation,1300,68812.0,1739.0,0.74,35.0,85.0,52.93,Theater ,1300,68812.0,"Moore Theatre, Seattle, United States"
3/7/2026,2,Cavetown,Live Nation / Gaiety Investments (MCD Productions),721,35393.77,850.0,0.84,44.86,52.07,49.09,Theater ,1442,70787.54,"The Academy, Dublin, Ireland"
3/7/2026,1,Margo Price,Live Nation,969,31802.0,1199.0,0.8,35.0,35.0,32.82,Theater ,969,31802.0,"The Fillmore, San Francisco, United States"
3/7/2026,1,Evan Honer,Live Nation,1051,28379.0,1051.0,1.0,27.0,29.0,27.0,Club,1051,28379.0,"The Orange Peel, Asheville, United States"
3/7/2026,1,Nine Inch Nails,Live Nation,10976,1346726.0,10976.0,1.0,49.5,179.5,122.7,Arena,10976,1346726.0,"MGM Grand Garden Arena, Las Vegas, United States"
3/7/2026,1,Cardi B,Live Nation,13636,2550243.0,13636.0,1.0,59.5,299.5,187.02,Arena,13636,2550243.0,"American Airlines Center, Dallas, United States"
3/7/2026,1,+LIVE+,Live Nation,4524,223649.01,5214.0,0.86,29.09,65.92,49.44,Arena,4524,223649.01,"Canada Life Place, London, Canada"
3/7/2026,1,Chelsea Handler,"Live Nation, MGM Resorts International",1261,85123.0,1952.0,0.64,53.96,184.76,67.5,Club,1261,85123.0,"The Chelsea, Las Vegas, United States"
3/7/2026,1,The Strumbellas,Live Nation,514,15575.0,850.0,0.6,30.0,234.0,30.3,Club,514,15575.0,"August Hall, San Francisco, United States"
3/7/2026,1,Michelle Buteau,Live Nation,1237,66436.86,2234.0,0.55,22.5,65.0,53.71,Theater ,1237,66436.86,"Ryman Auditorium, Nashville, United States"
3/7/2026,1,Jim Breuer,"Bill Blumenreich Presents, Live Nation",574,37402.11,1001.0,0.57,34.99,89.99,65.16,Theater ,574,37402.11,"The Palazzo Theatre, Las Vegas, United States"
3/8/2026,1,Bad Omens,"(In-House Promotion), evenko, Heavy Montreal, Live Nation",9057,680752.33,9057.0,1.0,51.19,95.38,75.16,Arena,9057,680752.33,"Place Bell, Laval, Canada"
3/8/2026,1,Lenny Kravitz,OCESA,8467,1046157.52,8467.0,1.0,49.89,295.76,123.56,Theater ,8467,1046157.52,"Auditorio Telmex, Zapopan, Mexico"
3/8/2026,1,"""Rivalry Showdown""",Live Nation,5788,212901.0,8130.0,0.71,20.0,69.0,36.78,Arena,5788,212901.0,"Kia Center, Orlando, United States"
3/8/2026,1,Descendents,"Hard Rock International (HRI), Live Nation",1810,82435.0,2510.0,0.72,23.75,59.5,45.54,Club,1810,82435.0,"Hard Rock Live Sacramento, Wheatland, United States"
3/8/2026,1,"John Oliver, Seth Meyers",Live Nation,2550,296597.0,2550.0,1.0,75.0,149.5,116.31,Theater ,2550,296597.0,"Beacon Theatre, New York, United States"
3/8/2026,1,"""Dancing With The Stars Live""","Live Nation, NS2",2293,234859.15,2293.0,1.0,59.5,129.5,102.42,Theater ,2293,234859.15,"DeVos Performance Hall, Grand Rapids, United States"
3/8/2026,1,Bryce Crawford,Live Nation,2177,105655.0,2177.0,1.0,35.0,75.0,48.53,Theater ,2177,105655.0,"Coca-Cola Roxy, Atlanta, United States"
3/8/2026,1,Hakuna Group Music,OCESA,8000,178956.28,8000.0,1.0,22.47,42.14,22.37,Theater ,8000,178956.28,"Pepsi Center Mexico, Mexico City, Mexico"
3/8/2026,1,Peso Pluma,Live Nation,11446,1069731.13,11446.0,1.0,49.5,249.5,93.46,Amphitheatre,11446,1069731.13,"Glen Helen Amphitheater, San Bernardino, United States"
3/8/2026,1,Three Days Grace,Live Nation,9838,528640.8,9838.0,1.0,25.0,129.5,53.73,Arena,9838,528640.8,"Nationwide Arena, Columbus, United States"
3/8/2026,1,Miguel,Live Nation,2830,161383.5,2830.0,1.0,39.5,79.5,57.03,Theater ,2830,161383.5,"Keller Auditorium, Portland, United States"
3/8/2026,1,Brit Floyd,"Live Nation, MGM Resorts International",1467,81991.0,1901.0,0.77,43.0,73.0,55.89,Theater ,1467,81991.0,"Springfield Symphony Hall, Springfield, United States"
3/8/2026,1,I See Stars,Live Nation,756,19328.27,900.0,0.84,25.0,30.0,25.57,Club,756,19328.27,"The Underground, Charlotte, United States"
3/8/2026,1,Ron Sexsmith,Live Nation / Gaiety Investments (MCD Productions),358,17677.13,400.0,0.89,49.37,49.37,49.38,Theater ,358,17677.13,"Ambassador Theatre, Dublin, Ireland"
3/8/2026,2,Lady Gaga,Live Nation,12079,3510841.0,12079.0,1.0,61.0,376.0,290.66,Arena,24158,7021682.0,"Moody Center, Austin, United States"
3/8/2026,1,Tyler Childers,Live Nation,7216,503486.48,8739.0,0.82,53.63,93.85,69.77,Arena,7216,503486.48,"AO Arena, Manchester, United Kingdom"
3/8/2026,1,Dire Straits Experience feat. Chris White,Live Nation / Gaiety Investments (MCD Productions),1607,91574.88,1661.0,0.96,57.04,57.04,56.98,Theater ,1607,91574.88,"3Olympia Theatre, Dublin, Ireland"
3/9/2026,7,"""The Lion King""",OCESA,382,30230.68,1400.0,0.27,55.53,277.66,79.11,Theater ,2675,211614.75,"Teatro Telcel, Mexico City, Mexico"
3/9/2026,7,"""The Phantom Of The Opera""",OCESA,302,28463.18,1400.0,0.21,44.43,222.13,94.2,Theater ,2115,199242.24,"Teatro de los Insurgentes, Mexico City, Mexico"
3/9/2026,1,Scouting For Girls,"Live Nation, SJM Concerts",2178,98031.71,2220.0,0.98,43.21,39.22,45.01,Theater ,2178,98031.71,"Cliffs Pavilion, Southend-On-Sea, United Kingdom"
3/9/2026,1,TV Girl,Live Nation,1210,85674.36,1210.0,1.0,18.88,22.02,70.81,Theater ,1210,85674.36,"Centro de Convenciones Barranco, Lima, Peru"
3/9/2026,1,Three Days Grace,Live Nation,8259,483954.73,11060.0,0.74,25.0,129.5,58.6,Arena,8259,483954.73,"Allstate Arena, Rosemont, United States"
3/9/2026,1,The Terrys,Live Nation / Gaiety Investments (MCD Productions),132,3040.5,160.0,0.82,23.03,23.03,23.03,Club,132,3040.5,"The Grand Social, Dublin, Ireland"
3/9/2026,1,Two Feet,"Live Nation, Seattle Theatre Group",1000,33895.0,1000.0,1.0,32.0,37.0,33.9,Club,1000,33895.0,"The Neptune, Seattle, United States"
3/9/2026,1,Miguel,Live Nation,6991,299546.5,6991.0,1.0,45.0,59.5,42.85,Theater ,6991,299546.5,"WAMU Theater, Seattle, United States"
3/9/2026,1,Nine Inch Nails,Live Nation,10055,1223994.0,10055.0,1.0,44.5,174.5,121.73,Arena,10055,1223994.0,"Pechanga Arena San Diego, San Diego, United States"
3/9/2026,1,Cardi B,Live Nation,12900,1976865.0,12900.0,1.0,59.5,299.5,153.25,Arena,12900,1976865.0,"Ball Arena, Denver, United States"
3/10/2026,1,Ron Sexsmith,Live Nation / Gaiety Investments (MCD Productions),44,2181.22,50.0,0.88,49.57,49.57,49.57,Other,44,2181.22,"Town Hall Theatre, Galway, Ireland"
3/10/2026,1,"+LIVE+, Big Wreck","(In-House Promotion), evenko, Live Nation",4830,248410.96,4830.0,1.0,25.74,65.82,51.43,Arena,4830,248410.96,"Place Bell, Laval, Canada"
3/10/2026,4,Tedeschi Trucks Band,Live Nation,2709,376808.44,2709.0,1.0,59.75,219.75,139.08,Theater ,10837,1507233.75,"Beacon Theatre, New York, United States"
3/10/2026,1,Darcy &amp; Jer,Live Nation,871,27620.09,1000.0,0.87,26.11,40.82,31.71,Theater ,871,27620.09,"Burton Cummings Theatre, Winnipeg, Canada"
3/10/2026,1,Wu-Tang Clan,Live Nation,12926,1341803.36,15695.0,0.82,86.78,180.24,103.81,Arena,12926,1341803.36,"Lanxess Arena, Cologne, Germany"
3/10/2026,1,Bad Omens,Live Nation,10079,914891.75,12817.0,0.78,39.5,109.5,90.77,Arena,10079,914891.75,"Prudential Center, Newark, United States"
3/10/2026,1,"""Dancing With The Stars Live""","Live Nation, NS2",6398,547441.0,6398.0,1.0,39.5,129.5,85.56,Arena,6398,547441.0,"Schottenstein Center, Columbus, United States"
3/10/2026,1,Peso Pluma,Live Nation,11762,1856328.55,11762.0,1.0,39.5,249.5,157.82,Arena,11762,1856328.55,"Save Mart Center, Fresno, United States"
3/10/2026,1,"Shine, Shine",OCESA,1599,135247.41,3091.0,0.51,39.6,288.52,84.58,Theater ,1599,135247.41,"Teatro Metropolitan, Mexico City, Mexico"
3/10/2026,1,Tyler Childers,Live Nation,1996,92096.99,1996.0,1.0,46.44,46.44,46.14,Club,1996,92096.99,"Ancienne Belgique, Brussels, Belgium"
3/10/2026,1,Three Days Grace,Live Nation,6627,397505.48,9637.0,0.68,29.5,129.5,59.98,Arena,6627,397505.48,"Heritage Bank Center, Cincinnati, United States"
3/10/2026,1,Miguel,Live Nation,2965,148042.27,2965.0,1.0,32.73,65.82,49.93,Arena,2965,148042.27,"Doug Mitchell Thunderbird Sports Centre, Vancouver, Canada"
3/10/2026,1,Bodysnatcher,Live Nation / Gaiety Investments (MCD Productions),203,7930.5,250.0,0.81,39.12,39.12,39.07,Club,203,7930.5,"Whelans, Dublin, Ireland"
3/10/2026,1,Rod Stewart,Live Nation,10807,270869.05,10807.0,1.0,48.17,367.72,25.06,Arena,10807,270869.05,"TD Coliseum, Hamilton, Canada"
3/10/2026,1,Conan Gray,Live Nation,10580,1177341.0,10580.0,1.0,49.5,139.5,111.28,Arena,10580,1177341.0,"Dickies Arena, Fort Worth, United States"
3/10/2026,1,Nine Inch Nails,Live Nation,11902,1474521.0,11902.0,1.0,37.5,167.5,123.89,Arena,11902,1474521.0,"Honda Center, Anaheim, United States"
3/10/2026,1,"Nothing More, Catch Your Breath",Live Nation,1255,63281.0,1720.0,0.72,36.0,61.0,50.42,Theater ,1255,63281.0,"Moore Theatre, Seattle, United States"
3/10/2026,1,Scouting For Girls,"Live Nation, SJM Concerts",1550,67584.61,1550.0,1.0,43.6,43.6,43.6,Club,1550,67584.61,"The Nick Rayns LCR, Norwich, United Kingdom"
3/11/2026,1,Eric Rushton,Live Nation / Gaiety Investments (MCD Productions),24,572.23,30.0,0.8,23.84,23.84,23.84,Club,24,572.23,"Workman's Club, Dublin, Ireland"
3/11/2026,1,Lenny Kravitz,OCESA,4961,663668.36,7860.0,0.63,57.02,399.16,133.78,Theater ,4961,663668.36,"Auditorio Banamex, Monterrey, Mexico"
3/11/2026,2,MARINA,OCESA,7228,409563.53,7967.0,0.9,22.81,193.88,56.66,Theater ,14457,819127.06,"Pepsi Center Mexico, Mexico City, Mexico"
3/11/2026,1,"+LIVE+, Big Wreck","(In-House Promotion), evenko, Live Nation",3407,154871.63,4040.0,0.84,36.51,66.01,45.46,Arena,3407,154871.63,"Centre Vidéotron, Quebec City, Canada"
3/11/2026,2,AC/DC,"DG Medios, Live Nation",58887,8821709.13,61022.0,0.96,96.15,253.04,149.81,Stadium,117775,17643418.25,"Estadio Nacional, Santiago, Chile"
3/11/2026,1,El Malilla,"(In-House Promotion), OCESA",1105,38853.55,3703.0,0.29,37.06,78.69,35.16,Other,1105,38853.55,"Auditorio Las Maravillas, Saltillo, Mexico"
3/11/2026,1,Henry Diltz (Photographer),"Live Nation, Union Stage Presents",131,4307.5,355.0,0.36,37.5,37.5,32.88,Theater ,131,4307.5,"The Miracle Theatre, Washington, United States"
3/11/2026,1,Bad Omens,Live Nation,11845,992735.0,12056.0,0.98,32.5,102.5,83.81,Arena,11845,992735.0,"TD Garden, Boston, United States"
3/11/2026,1,Khamari,"Live Nation, NS2",675,25560.0,675.0,1.0,35.0,45.0,37.87,Club,675,25560.0,"Music Farm, Charleston, United States"
3/11/2026,1,"""Dancing With The Stars Live""","Live Nation, NS2",4255,398949.25,4255.0,1.0,59.5,129.5,93.76,Theater ,4255,398949.25,"Grand Ole Opry House, Nashville, United States"
3/11/2026,1,Thomas Green,Live Nation,395,8501.82,441.0,0.89,21.52,21.52,21.52,Theater ,395,8501.82,"Sheffield City Hall, Sheffield, United Kingdom"
3/11/2026,1,Nothing More,Live Nation,1443,62527.5,1500.0,0.96,42.5,62.5,43.33,Club,1443,62527.5,"McMenamins Crystal Ballroom, Portland, United States"
3/11/2026,1,The Phil Collins Story,"Live Nation, Omaha Performing Arts",716,27743.0,1261.0,0.56,12.5,75.5,38.75,Theater ,716,27743.0,"Steelhouse Omaha, Omaha, United States"
3/11/2026,1,Issue,Live Nation / Gaiety Investments (MCD Productions),70,761.23,80.0,0.87,10.93,10.93,10.87,Club,70,761.23,"The Grand Social, Dublin, Ireland"
3/11/2026,1,Peso Pluma,Live Nation,11846,1780088.2,11846.0,1.0,59.5,249.5,150.27,Arena,11846,1780088.2,"Honda Center, Anaheim, United States"
3/11/2026,1,Miguel Bosé,"OCESA, Páramo Presenta, Promotora Colombia",10988,1045311.01,11202.0,0.98,63.0,190.0,95.13,Arena,10988,1045311.01,"Movistar Arena, Bogota, Colombia"
3/11/2026,1,BADBADNOTGOOD,Live Nation,1008,58238.94,1344.0,0.75,57.75,71.74,57.78,Club,1008,58238.94,"Northcote Theatre, Northcote, Australia"
3/11/2026,1,Bridget Everett,Live Nation,1300,92469.85,2122.0,0.61,20.25,100.5,71.13,Theater ,1300,92469.85,"Ryman Auditorium, Nashville, United States"
3/11/2026,1,Wu-Tang Clan,Live Nation,13546,1370421.23,15153.0,0.89,84.9,142.48,101.17,Arena,13546,1370421.23,"Accor Arena, Paris, France"
3/11/2026,1,Conan Gray,Live Nation,8362,658800.5,8362.0,1.0,29.5,99.5,78.79,Arena,8362,658800.5,"Toyota Center, Houston, United States"
3/11/2026,1,Sammy Hagar,Live Nation,2614,539976.0,2747.0,0.95,69.0,629.0,206.57,Theater ,2614,539976.0,"Dolby Live at Park MGM Las Vegas, Las Vegas, United States"
3/11/2026,1,Sammy Hagar,Live Nation,2421,488758.0,2921.0,0.82,69.0,629.0,201.88,Theater ,2421,488758.0,"Dolby Live at Park MGM Las Vegas, Las Vegas, United States"
3/11/2026,5,Joanne McNally,Live Nation / Gaiety Investments (MCD Productions),1228,66969.64,1298.0,0.94,54.55,54.55,54.53,Theater ,6141,334848.22,"3Olympia Theatre, Dublin, Ireland"
3/12/2026,1,"Esteman, Daniela Spalla",OCESA,1725,98598.52,4809.0,0.35,28.51,199.58,57.16,Theater ,1725,98598.52,"Auditorio Telmex, Zapopan, Mexico"
3/12/2026,1,Jason Mraz,Live Nation,1133,65441.94,1200.0,0.94,15.16,24.0,57.76,Club,1133,65441.94,"CC Bianca Barranco, Barranca, Peru"
3/12/2026,1,Duplat,"OCESA, Páramo Presenta",396,10333.13,1200.0,0.33,23.64,28.95,26.09,Club,396,10333.13,"The Bonfire, Bogota, Colombia"
3/12/2026,1,Yacht Rock Revue,"(In-House Promotion), Live Nation",1517,56375.51,2000.0,0.75,35.0,115.0,37.16,Club,1517,56375.51,"House of Blues Orlando, Orlando, United States"
3/12/2026,1,Ken Carson,Live Nation,7276,417583.73,12936.0,0.56,54.66,59.32,57.39,Arena,7276,417583.73,"PSD Bank Dome, Dusseldorf, Germany"
3/12/2026,1,"Esteman, Daniela Spalla",OCESA,3700,98598.51,4874.0,0.75,33.07,119.75,26.65,Theater ,3700,98598.51,"Auditorio Telmex, Zapopan, Mexico"
3/12/2026,1,Wu-Tang Clan,Live Nation,12981,1932894.1,13500.0,0.96,131.24,193.0,148.9,Arena,12981,1932894.1,"Hallenstadion Zurich, Zurich, Switzerland"
3/12/2026,1,"""Heated Rivalry Rave""","Live Nation, NS2",676,17850.0,676.0,1.0,15.0,30.0,26.41,Club,676,17850.0,"Music Farm, Charleston, United States"
3/12/2026,1,"""Dancing With The Stars Live""","Live Nation, NS2",2438,251967.0,2438.0,1.0,59.5,129.5,103.35,Theater ,2438,251967.0,"Knoxville Civic Auditorium, Knoxville, United States"
3/12/2026,1,ILLENIUM,Live Nation,15958,2569019.8,15958.0,1.0,56.25,298.0,160.99,Arena,15958,2569019.8,"Sphere, Las Vegas, United States"
3/12/2026,1,KOJAQUE,Live Nation / Gaiety Investments (MCD Productions),270,8792.8,270.0,1.0,32.57,32.57,32.57,Club,270,8792.8,"Workman's Club, Dublin, Ireland"
3/12/2026,1,BADBADNOTGOOD,Live Nation,1137,65744.52,1338.0,0.84,57.75,71.74,57.82,Club,1137,65744.52,"Northcote Theatre, Northcote, Australia"
3/12/2026,1,Matt Rife,Live Nation,10437,1012828.39,10583.0,0.98,31.03,156.73,97.04,Arena,10437,1012828.39,"VyStar Veterans Memorial Arena, Jacksonville, United States"
3/12/2026,1,Miguel,"Another Planet Entertainment, Live Nation",8600,566618.5,8600.0,1.0,59.5,69.5,65.89,Theater ,8600,566618.5,"Bill Graham Civic Auditorium, San Francisco, United States"
3/12/2026,1,mgk,Live Nation / Gaiety Investments (MCD Productions),5582,451749.12,5773.0,0.96,80.95,80.95,80.93,Arena,5582,451749.12,"3Arena, Dublin, Ireland"
3/12/2026,1,Cardi B,Live Nation,13368,1641058.0,13368.0,1.0,59.5,299.5,122.76,Arena,13368,1641058.0,"Target Center, Minneapolis, United States"
3/12/2026,1,Bailey Zimmerman,Live Nation,10165,691104.0,10165.0,1.0,24.25,84.25,67.99,Arena,10165,691104.0,"Van Andel Arena, Grand Rapids, United States"
3/13/2026,1,Jaboukie Young-White,Live Nation / Gaiety Investments (MCD Productions),45,1729.79,55.0,0.81,38.44,38.44,38.44,Club,45,1729.79,"Upstairs At Whelans, Dublin, Ireland"
3/13/2026,1,Keith Barry,Live Nation / Gaiety Investments (MCD Productions),200,9989.73,200.0,1.0,49.95,49.95,49.95,Theater ,200,9989.73,"University Concert Hall, Limerick, Ireland"
3/13/2026,1,"""Heated Rivalry Rave""","Live Nation, Marathon Live",1410,33000.0,1500.0,0.94,20.0,45.0,23.4,Club,1410,33000.0,"The Signal, Chattanooga, United States"
3/13/2026,1,"""The Offload"" Podcast",Live Nation / Gaiety Investments (MCD Productions),706,32419.91,850.0,0.83,45.92,45.92,45.92,Theater ,706,32419.91,"Cork City Hall, Cork, Ireland"
3/13/2026,1,Bad Omens,Live Nation,12794,1020173.0,12794.0,1.0,39.5,109.5,79.74,Arena,12794,1020173.0,"Xfinity Mobile Arena, Philadelphia, United States"
3/13/2026,1,"+LIVE+, Big Wreck","(In-House Promotion), evenko, Live Nation",3015,158848.48,4892.0,0.61,36.29,65.62,52.69,Arena,3015,158848.48,"Avenir Centre, Moncton, Canada"
3/13/2026,1,Miguel,Live Nation,12876,876693.2,12876.0,1.0,39.5,99.5,68.09,Arena,12876,876693.2,"Kia Forum, Inglewood, United States"
3/13/2026,1,Panteón Rococó,OCESA,8181,445836.34,8181.0,1.0,33.66,84.15,54.5,Theater ,8181,445836.34,"Auditorio Telmex, Zapopan, Mexico"
3/13/2026,1,Tigers Jaw,"Live Nation, NS2",349,9579.0,675.0,0.51,27.0,30.0,27.45,Club,349,9579.0,"Music Farm, Charleston, United States"
3/13/2026,1,"""Dancing With The Stars Live""","Live Nation, NS2",3423,331645.0,3423.0,1.0,59.5,294.0,96.89,Theater ,3423,331645.0,"Altria Theater, Richmond, United States"
3/13/2026,1,"""Debí Tirar Más Fiestas - The Bad Bunny Party""","Live Nation, NS2",395,8450.0,675.0,0.58,15.0,25.0,21.39,Club,395,8450.0,"Music Farm, Charleston, United States"
3/13/2026,1,ILLENIUM,Live Nation,15924,2738811.8,15924.0,1.0,56.25,298.0,171.99,Arena,15924,2738811.8,"Sphere, Las Vegas, United States"
3/13/2026,1,Pecos &amp; The Rooftops,Live Nation,453,8561.2,900.0,0.5,11.0,30.0,18.9,Club,453,8561.2,"Bogart's, Cincinnati, United States"
3/13/2026,1,El Malilla,"Apodaca Group, OCESA",2472,111563.43,7960.0,0.31,22.44,157.09,45.13,Theater ,2472,111563.43,"Auditorio Banamex, Monterrey, Mexico"
3/13/2026,1,Michelle Buteau,"Hard Rock International (HRI), Live Nation",1606,75597.0,1866.0,0.86,39.5,59.5,47.07,Club,1606,75597.0,"Hard Rock Live Orlando, Orlando, United States"
3/13/2026,1,KOJAQUE,Live Nation / Gaiety Investments (MCD Productions),270,8700.74,270.0,1.0,32.22,32.22,32.22,Club,270,8700.74,"Workman's Club, Dublin, Ireland"
3/13/2026,1,Peso Pluma,Live Nation,13767,1838999.5,13767.0,1.0,39.5,249.5,133.58,Arena,13767,1838999.5,"T-Mobile Arena, Las Vegas, United States"
3/13/2026,3,Blue Man Group,Live Nation,1394,103877.33,2758.0,0.5,59.5,129.5,74.5,Theater ,4183,311632.0,"The Theater at MGM National Harbor, Oxon Hill, United States"
3/13/2026,1,High Parasite,Live Nation / Gaiety Investments (MCD Productions),122,3510.22,150.0,0.81,28.77,28.77,28.77,Club,122,3510.22,"The Grand Social, Dublin, Ireland"
3/13/2026,1,Black Label Society,Live Nation,2742,184917.25,3767.0,0.72,39.5,99.5,67.44,Theater ,2742,184917.25,"YouTube Theater, Inglewood, United States"
3/13/2026,1,Matt Rife,Live Nation,18282,1622887.55,18347.0,0.99,24.75,155.25,88.77,Arena,18282,1622887.55,"Benchmark International Arena, Tampa, United States"
3/13/2026,1,Moonspell,OCESA,1796,431551.72,5802.0,0.3,44.88,140.26,240.28,Theater ,1796,431551.72,"Pepsi Center Mexico, Mexico City, Mexico"
3/13/2026,1,Pigeons Playing Ping Pong,Live Nation,627,17187.0,1000.0,0.62,20.0,75.0,27.41,Club,627,17187.0,"St. Andrews Hall, Detroit, United States"
3/13/2026,1,Descendents,"Live Nation, Omaha Performing Arts",1016,40515.0,2837.0,0.35,19.0,63.0,39.88,Theater ,1016,40515.0,"Steelhouse Omaha, Omaha, United States"
3/13/2026,1,Killowen,Live Nation / Gaiety Investments (MCD Productions),103,2068.55,120.0,0.85,20.14,20.14,20.08,Club,103,2068.55,"The Academy 2, Dublin, Ireland"
3/13/2026,1,Conan Gray,Live Nation,8532,823406.5,8532.0,1.0,49.5,109.5,96.51,Arena,8532,823406.5,"Desert Diamond Arena, Glendale, United States"
3/13/2026,1,Nine Inch Nails,Live Nation,9521,956442.0,9521.0,1.0,43.5,173.5,100.46,Arena,9521,956442.0,"Delta Center, Salt Lake City, United States"
3/13/2026,4,"""C2C: Country to Country""",Live Nation / Gaiety Investments (MCD Productions),3923,625615.33,5333.0,0.73,112.11,343.79,159.46,Arena,15693,2502461.33,"The SSE Arena, Belfast, Belfast, United Kingdom"
3/13/2026,1,Sammy Hagar,Live Nation,2412,502295.0,2607.0,0.92,69.0,629.0,208.25,Theater ,2412,502295.0,"Dolby Live at Park MGM Las Vegas, Las Vegas, United States"
3/13/2026,1,Lady Gaga,Live Nation,13630,3773173.0,13630.0,1.0,61.0,376.0,276.83,Arena,13630,3773173.0,"Kaseya Center, Miami, United States"
3/13/2026,1,Bailey Zimmerman,Live Nation,9991,659575.25,9991.0,1.0,25.75,85.75,66.02,Arena,9991,659575.25,"Vibrant Arena at The Mark, Moline, United States"
3/13/2026,1,Tyler Childers,Live Nation,2056,107138.0,2056.0,1.0,34.53,72.51,52.11,Theater ,2056,107138.0,"Salle Pleyel, Paris, France"
3/13/2026,1,David Byrne,Live Nation / Gaiety Investments (MCD Productions),8543,771556.14,8756.0,0.97,90.34,90.34,90.31,Arena,8543,771556.14,"3Arena, Dublin, Ireland"
3/14/2026,1,Keith Barry,Live Nation / Gaiety Investments (MCD Productions),195,9705.79,206.0,0.94,49.77,49.77,49.77,Other,195,9705.79,"TLT Concert Hall & Theatre, Drogheda, Ireland"
3/14/2026,1,Adam Burke,Live Nation / Gaiety Investments (MCD Productions),50,1427.83,50.0,1.0,28.56,28.56,28.56,Club,50,1427.83,"Whelans, Dublin, Ireland"
3/14/2026,1,Red Not Chili Peppers,"Live Nation, Marathon Live",451,10605.0,1500.0,0.3,19.5,37.0,23.51,Club,451,10605.0,"The Signal, Chattanooga, United States"
3/14/2026,1,Kadavar,OCESA,1386,28616.79,3000.0,0.46,5.57,72.42,20.65,Arena,1386,28616.79,"Palacio de los Deportes, Mexico City, Mexico"
3/14/2026,1,C-Kan,OCESA,1667,79986.4,2869.0,0.58,22.28,167.13,47.98,Theater ,1667,79986.4,"Auditorio La Isla Mérida, Merida, Mexico"
3/14/2026,1,Jason Mraz,"Live Nation, Páramo Presenta",1719,90133.95,2865.0,0.6,40.46,59.48,52.43,Theater ,1719,90133.95,"Royal Center, Bogota, Colombia"
3/14/2026,2,Sabor Es Polanco,OCESA,3886,348401.07,5756.0,0.67,33.43,167.13,89.64,Other,7773,696802.14,"Campo Marte, Mexico City, Mexico"
3/14/2026,2,"""Vive Latino""",OCESA,74674,5436537.23,92223.0,0.8,33.43,278.55,72.8,Stadium,149348,10873074.46,"Estadio GNP Seguros, Mexico City, Mexico"
3/14/2026,1,"+LIVE+, Big Wreck","(In-House Promotion), evenko, Live Nation",3910,184915.82,4653.0,0.84,35.84,64.81,47.29,Arena,3910,184915.82,"Scotiabank Centre, Halifax, Canada"
3/14/2026,1,Chicago,Live Nation,2242,141920.5,2984.0,0.75,66.75,146.75,63.3,Arena,2242,141920.5,"Simmons Bank Arena, North Little Rock, United States"
3/14/2026,1,El Malilla,"(In-House Promotion), OCESA",1444,65614.49,3826.0,0.37,32.87,76.32,45.44,Arena,1444,65614.49,"Domo de la Feria, Leon, Mexico"
3/14/2026,1,Ed Maverick,"(In-House Promotion), OCESA",566,53430.85,607.0,0.93,44.57,114.2,94.4,Theater ,566,53430.85,"Teatro Macedonio Alcala, Oaxaca, Mexico"
3/14/2026,1,Bad Omens,Live Nation,11885,1051217.0,11885.0,1.0,33.5,103.5,88.45,Arena,11885,1051217.0,"CFG Bank Arena, Baltimore, United States"
3/14/2026,2,"""Dancing With The Stars Live""","Live Nation, NS2",2397,249972.25,2398.0,0.99,59.5,129.5,104.26,Theater ,4795,499944.5,"Ovens Auditorium, Charlotte, United States"
3/14/2026,1,ILLENIUM,Live Nation,16406,2946137.1,16406.0,1.0,56.25,298.0,179.58,Arena,16406,2946137.1,"Sphere, Las Vegas, United States"
3/14/2026,1,Pecos &amp; The Rooftops,Live Nation,534,13610.0,1100.0,0.48,25.0,30.0,25.49,Club,534,13610.0,"Manchester Music Hall, Lexington, United States"
3/14/2026,1,Croíthe,Live Nation / Gaiety Investments (MCD Productions),169,2480.86,200.0,0.84,14.68,14.68,14.68,Club,169,2480.86,"Whelans, Dublin, Ireland"
3/14/2026,1,Peso Pluma,Live Nation,15747,1563462.5,15747.0,1.0,49.5,249.5,99.29,Amphitheatre,15747,1563462.5,"North Island Credit Union Amphitheatre, Chula Vista, United States"
3/14/2026,1,Blue Man Group,Live Nation,1775,142701.0,2758.0,0.64,59.5,129.5,80.39,Theater ,1775,142701.0,"The Theater at MGM National Harbor, Oxon Hill, United States"
3/14/2026,1,Victor Mendivil,OCESA,7945,349610.86,8000.0,0.99,27.85,72.42,44.0,Theater ,7945,349610.86,"Pepsi Center Mexico, Mexico City, Mexico"
3/14/2026,1,Gary Allan,"Live Nation, MGM Resorts International",1211,95919.0,1594.0,0.75,87.5,110.0,79.21,Club,1211,95919.0,"Center Stage at MGM Northfield Park, Northfield, United States"
3/14/2026,1,Matt Rife,Live Nation,8001,796100.0,8158.0,0.98,36.0,156.0,99.5,Arena,8001,796100.0,"Enmarket Arena, Savannah, United States"
3/14/2026,1,Miguel,Live Nation,4402,302804.38,4402.0,1.0,29.5,99.5,68.79,Amphitheatre,4402,302804.38,"Cal Coast Credit Union Open Air Theatre, San Diego, United States"
3/14/2026,1,Subtronics ,Live Nation,5825,368390.5,11924.0,0.48,45.0,109.5,63.24,Amphitheatre,5825,368390.5,"Germania Insurance Amphitheater, Austin, United States"
3/14/2026,1,"The Floozies, Too Many Zooz",Live Nation,711,21458.0,1000.0,0.71,20.0,40.0,30.18,Club,711,21458.0,"St. Andrews Hall, Detroit, United States"
3/14/2026,1,Cardi B,Live Nation,13150,1964686.0,13150.0,1.0,59.5,299.5,149.41,Arena,13150,1964686.0,"Gainbridge Fieldhouse, Indianapolis, United States"
3/14/2026,1,Sammy Hagar,Live Nation,2529,515461.0,2605.0,0.97,69.0,629.0,203.82,Theater ,2529,515461.0,"Dolby Live at Park MGM Las Vegas, Las Vegas, United States"
3/14/2026,1,Bailey Zimmerman,Live Nation,8980,696385.0,8980.0,1.0,26.75,86.75,77.55,Arena,8980,696385.0,"Ford Center, Evansville, United States"
3/14/2026,1,EDEN,Live Nation / Gaiety Investments (MCD Productions),830,47141.13,850.0,0.97,56.77,56.77,56.8,Theater ,830,47141.13,"The Academy, Dublin, Ireland"
3/14/2026,1,Blue Man Group,Live Nation,1467,103509.0,2758.0,0.53,59.5,129.5,70.56,Theater ,1467,103509.0,"The Theater at MGM National Harbor, Oxon Hill, United States"
3/15/2026,1,Rosario,Live Nation,2980,235936.0,3210.0,0.92,33.5,183.5,79.17,Theater ,2980,235936.0,"Hard Rock Live Hollywood, Hollywood, United States"
3/15/2026,1,Jefferson Starship,Live Nation,1782,61141.0,2437.0,0.73,39.5,89.5,34.31,Club,1782,61141.0,"Hard Rock Live Sacramento, Wheatland, United States"
3/15/2026,1,Matt Berninger,Live Nation,1259,41942.72,1300.0,0.96,23.53,43.45,33.31,Theater ,1259,41942.72,"Burton Cummings Theatre, Winnipeg, Canada"
3/15/2026,1,The Phil Collins Story,Live Nation,707,33254.0,944.0,0.74,36.0,132.0,47.04,Theater ,707,33254.0,"Lexington Opera House, Lexington, United States"
3/15/2026,1,"""Dancing With The Stars Live""","Live Nation, NS2",2582,253841.0,2582.0,1.0,59.5,129.5,98.31,Theater ,2582,253841.0,"DPAC, Durham, United States"
3/15/2026,1,"John Oliver, Seth Meyers",Live Nation,2566,302789.0,2566.0,1.0,75.0,149.5,118.0,Theater ,2566,302789.0,"Beacon Theatre, New York, United States"
3/15/2026,1,Jefferson Starship,"Hard Rock International (HRI), Live Nation",1080,67351.0,1735.0,0.62,39.5,89.5,62.36,Club,1080,67351.0,"Hard Rock Live Sacramento, Wheatland, United States"
3/15/2026,1,Victor Mendivil,OCESA,7976,294996.29,8000.0,0.99,23.68,61.56,36.99,Theater ,7976,294996.29,"Pepsi Center Mexico, Mexico City, Mexico"
3/15/2026,2,Peso Pluma,Live Nation,9072,1030117.87,9072.0,1.0,39.5,249.5,113.54,Arena,18145,2060235.73,"Acrisure Arena in Greater Palm Springs, Palm Desert, United States"
3/15/2026,1,Skillet,"Live Nation, Marathon Live",1500,77350.0,1500.0,1.0,49.5,85.0,51.57,Club,1500,77350.0,"The Signal, Chattanooga, United States"
3/15/2026,1,Kyla Cobbler,Live Nation / Gaiety Investments (MCD Productions),1146,44075.21,1400.0,0.81,38.52,38.52,38.46,Theater ,1146,44075.21,"TF Royal Theatre, Castlebar, Ireland"
3/15/2026,1,Matt Rife,Live Nation,13231,1289300.0,13800.0,0.95,35.0,155.0,97.45,Arena,13231,1289300.0,"Lenovo Center, Raleigh, United States"
3/15/2026,1,Hot Mulligan,Live Nation / Gaiety Investments (MCD Productions),850,29719.12,850.0,1.0,34.96,34.96,34.96,Theater ,850,29719.12,"The Academy, Dublin, Ireland"
3/15/2026,1,Nine Inch Nails,Live Nation,12454,1484216.0,12454.0,1.0,42.0,172.0,119.18,Arena,12454,1484216.0,"Chase Center, San Francisco, United States"
3/15/2026,1,Cardi B,Live Nation,14106,2360033.0,14106.0,1.0,59.5,199.5,167.31,Arena,14106,2360033.0,"Little Caesars Arena, Detroit, United States"
3/15/2026,1,Tyler Childers,Live Nation,1735,95814.0,2178.0,0.79,51.59,63.05,55.22,Theater ,1735,95814.0,"Uber Eats Music Hall, Berlin, Germany"
3/16/2026,1,Dave,Live Nation,17812,1625059.79,18076.0,0.98,59.68,165.77,91.23,Arena,17812,1625059.79,"Co-op Live, Manchester, United Kingdom"
3/16/2026,1,Rosalía,Live Nation,13831,1332987.53,13831.0,1.0,58.4,152.87,96.38,Arena,13831,1332987.53,"LDLC Arena, Decines-Charpieu, France"
3/16/2026,1,Ken Carson,Live Nation,8424,511164.17,8947.0,0.94,46.42,86.2,60.68,Arena,8424,511164.17,"OVO Arena Wembley, London, United Kingdom"
3/16/2026,1,Black Label Society,"Live Nation, Seattle Theatre Group",2557,136451.5,2894.0,0.88,45.0,52.5,53.36,Theater ,2557,136451.5,"Paramount Theatre, Seattle, United States"
3/16/2026,1,Keo,Live Nation / Gaiety Investments (MCD Productions),850,24819.39,850.0,1.0,29.2,29.2,29.2,Theater ,850,24819.39,"The Academy, Dublin, Ireland"
3/16/2026,1,Bad Omens,Live Nation,12103,950143.5,12103.0,1.0,39.5,109.5,78.5,Arena,12103,950143.5,"Lenovo Center, Raleigh, United States"
3/16/2026,1,Miguel,Live Nation,5071,298855.9,5071.0,1.0,49.5,89.5,58.93,Theater ,5071,298855.9,"Arizona Financial Theatre, Phoenix, United States"
3/16/2026,1,Conan Gray,Live Nation,12046,971076.0,12046.0,1.0,29.5,109.5,80.61,Arena,12046,971076.0,"Climate Pledge Arena, Seattle, United States"
3/16/2026,1,Nine Inch Nails,Live Nation,10866,1163745.0,10866.0,1.0,49.5,179.5,107.1,Arena,10866,1163745.0,"Golden 1 Center, Sacramento, United States"
3/16/2026,1,Evan Honer,Live Nation,1421,38215.32,1421.0,1.0,28.44,39.38,26.89,Theater ,1421,38215.32,"The Danforth Music Hall, Toronto, Canada"
3/16/2026,1,Kyla Cobbler,Live Nation / Gaiety Investments (MCD Productions),1232,59191.99,1298.0,0.94,48.09,48.09,48.05,Theater ,1232,59191.99,"3Olympia Theatre, Dublin, Ireland"
3/16/2026,1,sombr,Live Nation / Gaiety Investments (MCD Productions),13137,651642.78,13305.0,0.98,49.58,49.58,49.6,Arena,13137,651642.78,"3Arena, Dublin, Ireland"
3/17/2026,7,"""The Lion King""",OCESA,389,31345.51,1400.0,0.27,56.49,282.47,80.49,Theater ,2726,219418.58,"Teatro Telcel, Mexico City, Mexico"
3/17/2026,7,"""The Phantom Of The Opera""",OCESA,308,29559.24,1400.0,0.22,45.2,225.98,95.84,Theater ,2159,206914.68,"Teatro de los Insurgentes, Mexico City, Mexico"
3/17/2026,1,"""Rock Against Homelessness""",Live Nation / Gaiety Investments (MCD Productions),855,43554.46,1000.0,0.85,50.91,50.91,50.94,Theater ,855,43554.46,"3Olympia Theatre, Dublin, Ireland"
3/17/2026,1,Bad Omens,Live Nation,13731,985344.5,14071.0,0.97,39.5,109.5,71.76,Arena,13731,985344.5,"Bridgestone Arena, Nashville, United States"
3/17/2026,1,Christina Aguilera,OCESA,13906,1483491.02,15602.0,0.89,50.84,338.96,106.68,Arena,13906,1483491.02,"Palacio de los Deportes, Mexico City, Mexico"
3/17/2026,1,HANABIE.,"(In-House Promotion), evenko, Extensive Enterprise, Heavy Montreal, Live Nation",993,35967.99,993.0,1.0,32.88,43.84,36.22,Club,993,35967.99,"Théâtre Beanfield, Montreal, Canada"
3/17/2026,1,Sons of Legion,Live Nation,890,24212.5,910.0,0.97,25.0,27.5,27.21,Theater ,890,24212.5,"The Vogue, Indianapolis, United States"
3/17/2026,1,Hermanos Gutiérrez,"(In-House Promotion), OCESA",1264,59708.38,2302.0,0.54,31.07,84.74,47.24,Theater ,1264,59708.38,"Escenario GNP Seguros, Monterrey, Mexico"
3/17/2026,1,"""Dancing With The Stars Live""","Live Nation, NS2",2295,245474.5,2295.0,1.0,59.5,129.5,106.96,Other,2295,245474.5,"Hult Center for the Performing Arts, Eugene, United States"
3/17/2026,1,Dave,Live Nation,18000,1645103.71,18268.0,0.98,59.86,166.28,91.39,Arena,18000,1645103.71,"Co-op Live, Manchester, United Kingdom"
3/17/2026,1,Tyler Childers,Live Nation,3370,231995.12,4354.0,0.77,8.92,11.07,68.84,Arena,3370,231995.12,"K.B. Hallen, Frederiksberg, Denmark"
3/17/2026,1,Lamb of God,Live Nation,2129,146016.0,3994.0,0.53,69.5,89.5,68.58,Theater ,2129,146016.0,"The Theater at MGM National Harbor, Oxon Hill, United States"
3/17/2026,1,Giveon,Live Nation / Gaiety Investments (MCD Productions),4147,273214.29,5000.0,0.82,65.85,65.85,65.88,Arena,4147,273214.29,"3Arena, Dublin, Ireland"
3/17/2026,1,Evan Honer,Live Nation,898,23619.2,924.0,0.97,28.49,28.49,26.3,Theater ,898,23619.2,"Bronson Centre, Ottawa, Canada"
3/17/2026,1,Cardi B,Live Nation,13667,1894020.0,13667.0,1.0,59.5,299.5,138.58,Arena,13667,1894020.0,"T-Mobile Center, Kansas City, United States"
3/18/2026,1,Love of Lesbian,OCESA,1203,75973.16,1386.0,0.86,28.34,170.03,63.15,Theater ,1203,75973.16,"Teatro Metropolitano, Queretaro, Mexico"
3/18/2026,1,Ed Maverick,OCESA,2332,160611.69,2400.0,0.97,34.01,226.71,68.87,Other,2332,160611.69,"Teatro Morelos, Toluca, Mexico"
3/18/2026,3,Tedeschi Trucks Band,Live Nation,2745,447056.42,2745.0,1.0,59.75,219.75,162.84,Theater ,8236,1341169.26,"Beacon Theatre, New York, United States"
3/18/2026,1,"""Dancing With The Stars Live""","Live Nation, NS2",2893,288458.0,2893.0,1.0,59.5,129.5,99.71,Theater ,2893,288458.0,"Steven Tanger Center for the Performing Arts, Greensboro, United States"
3/18/2026,1,Stephen Wilson Jr.,Live Nation,2425,105337.5,2425.0,1.0,39.5,79.5,43.44,Club,2425,105337.5,"Citizens House of Blues Boston, Boston, United States"
3/18/2026,1,Peso Pluma,Live Nation,13878,2157091.15,13879.0,0.99,39.5,249.5,155.43,Arena,13878,2157091.15,"SAP Center at San Jose, San Jose, United States"
3/18/2026,1,Rosalía,Live Nation,15433,1643304.03,15856.0,0.97,62.64,154.01,106.48,Arena,15433,1643304.03,"Accor Arena, Paris, France"
3/18/2026,1,Hermanos Gutiérrez,OCESA,1222,59729.21,1421.0,0.85,22.67,170.03,48.88,Club,1222,59729.21,"C4 Concert House, Zapopan, Mexico"
3/18/2026,1,Linkin Park,Live Nation,12466,1404964.17,12736.0,0.97,112.71,112.71,112.7,Arena,12466,1404964.17,"Spark Arena, Auckland, New Zealand"
3/18/2026,1,FKA Twigs,Live Nation,4562,295959.0,4562.0,1.0,59.5,99.5,64.87,Theater ,4562,295959.0,"The Anthem, Washington, United States"
3/18/2026,1,Miguel,Live Nation,3497,199306.88,4715.0,0.74,39.5,99.5,56.99,Amphitheatre,3497,199306.88,"Moody Amphitheater At Waterloo Park, Austin, United States"
3/18/2026,1,Sons of Legion,Live Nation,1413,41595.0,1413.0,1.0,25.0,65.0,29.44,Theater ,1413,41595.0,"Roxian Theatre Presented by Citizens, McKees Rocks, United States"
3/18/2026,1,Conan Gray,Live Nation,8550,719588.5,8550.0,1.0,39.5,99.5,84.16,Arena,8550,719588.5,"Golden 1 Center, Sacramento, United States"
3/18/2026,1,Sammy Hagar,Live Nation,2422,495423.0,2618.0,0.92,69.0,629.0,204.55,Theater ,2422,495423.0,"Dolby Live at Park MGM Las Vegas, Las Vegas, United States"
3/19/2026,1,Tom Morello,OCESA,1010,61167.09,1010.0,1.0,30.25,20.59,60.56,Theater ,1010,61167.09,"Teatro Jorge Eliécer Gaitán, Bogota, Colombia"
3/19/2026,1,Kenia Os,OCESA,13921,218251.01,15607.0,0.89,5.62,84.24,15.68,Arena,13921,218251.01,"Palacio de los Deportes, Mexico City, Mexico"
3/19/2026,1,Lamb of God,"(In-House Promotion), evenko, Heavy Montreal, Live Nation",3245,213091.37,3245.0,1.0,40.07,72.85,65.67,Arena,3245,213091.37,"Bell Centre, Montreal, Canada"
3/19/2026,1,Darcy &amp; Jer,Live Nation,947,43144.0,1267.0,0.74,32.0,52.0,45.56,Theater ,947,43144.0,"Moore Theatre, Seattle, United States"
3/19/2026,1,Yandel,"(In-House Promotion), OCESA",8313,547930.02,8313.0,1.0,40.43,111.19,65.91,Theater ,8313,547930.02,"Auditorio Telmex, Zapopan, Mexico"
3/19/2026,1,Trey Kennedy,Live Nation,1458,65810.0,2000.0,0.72,35.0,65.0,45.14,Theater ,1458,65810.0,"Velma V. Morrison Center for the Performing Arts, Boise, United States"
3/19/2026,1,"""Dancing With The Stars Live""","Live Nation, NS2",2257,218913.5,2257.0,1.0,59.5,129.5,96.99,Theater ,2257,218913.5,"North Charleston Perf. Arts Center, North Charleston, United States"
3/19/2026,2,Lady Gaga,Live Nation,13662,4414351.18,13662.0,1.0,68.0,383.0,323.11,Arena,27324,8828702.35,"Madison Square Garden, New York, United States"
3/19/2026,1,Sticky Fingers ,Live Nation,1745,72582.5,2425.0,0.71,39.5,74.5,41.59,Club,1745,72582.5,"Citizens House of Blues Boston, Boston, United States"
3/19/2026,1,Scouting For Girls,"Live Nation, SJM Concerts",2103,99273.63,2184.0,0.96,43.17,52.46,47.21,Theater ,2103,99273.63,"Sheffield City Hall, Sheffield, United Kingdom"
3/19/2026,1,Miguel Mateos,OCESA,7978,330147.25,9564.0,0.83,22.46,134.78,41.38,Theater ,7978,330147.25,"Auditorio Nacional, Mexico City, Mexico"
3/19/2026,1,Bad Omens,Live Nation,11554,1093730.15,11554.0,1.0,33.0,103.0,94.66,Arena,11554,1093730.15,"American Airlines Center, Dallas, United States"
3/19/2026,1,HARDY,Live Nation,7131,822806.98,7749.0,0.92,36.75,366.75,115.38,Arena,7131,822806.98,"Resch Center, Green Bay, United States"
3/19/2026,1,Audrey Hobert,Live Nation / Gaiety Investments (MCD Productions),1601,70264.02,1661.0,0.96,43.83,43.83,43.89,Theater ,1601,70264.02,"3Olympia Theatre, Dublin, Ireland"
3/19/2026,1,Cardi B,Live Nation,12598,1778542.0,12598.0,1.0,59.5,299.5,141.18,Arena,12598,1778542.0,"Heritage Bank Center, Cincinnati, United States"
3/19/2026,1,Reneé Rapp,Live Nation,11157,874703.14,11833.0,0.94,53.13,99.61,78.4,Arena,11157,874703.14,"OVO Arena Wembley, London, United Kingdom"
3/20/2026,1,Odeal,Live Nation / Gaiety Investments (MCD Productions),850,31488.23,850.0,1.0,37.1,37.1,37.04,Theater ,850,31488.23,"The Academy, Dublin, Ireland"
3/20/2026,1,Nasa Histoires,OCESA,603,21658.47,1280.0,0.47,16.89,123.89,35.92,Club,603,21658.47,"Teatro Estudio Cavaret, Guadalajara, Mexico"
3/20/2026,3,"""Festival Estereo Picnic""","OCESA, Páramo Presenta",29399,3580434.27,38235.0,0.76,60.88,414.08,121.79,Other,88198,10741302.81,"Simon Bolivar Park, Bogota, Colombia"
3/20/2026,1,July Talk,Live Nation,1146,37585.22,1200.0,0.95,21.85,36.41,32.8,Theater ,1146,37585.22,"Burton Cummings Theatre, Winnipeg, Canada"
3/20/2026,1,Sticky Fingers ,Live Nation,2850,137700.0,2850.0,1.0,48.0,48.0,48.32,Theater ,2850,137700.0,"Brooklyn Paramount, Brooklyn, United States"
3/20/2026,1,Sister Hazel,Live Nation,1151,35906.64,3000.0,0.38,19.76,38.0,31.2,Other,1151,35906.64,"Avondale Brewing Company, Birmingham, United States"
3/20/2026,1,Subtronics ,"(In-House Promotion), Crossroads Presents, Live Nation",4410,200012.78,4999.0,0.88,20.99,65.5,45.35,Club,4410,200012.78,"MGM Music Hall at Fenway, Boston, United States"
3/20/2026,1,Sploinky Rave,"Live Nation, NS2",412,8655.0,675.0,0.61,15.0,30.0,21.01,Club,412,8655.0,"Music Farm, Charleston, United States"
3/20/2026,1,Eagles,Live Nation,16383,4712405.95,16383.0,1.0,120.0,311.0,287.64,Arena,16383,4712405.95,"Sphere, Las Vegas, United States"
3/20/2026,1,Brian Regan,"Hard Rock International (HRI), Live Nation",1453,83251.5,2048.0,0.7,37.5,69.5,57.3,Club,1453,83251.5,"Hard Rock Live Sacramento, Wheatland, United States"
3/20/2026,1,Bryce Crawford,Live Nation,1358,50180.0,1358.0,1.0,22.0,55.0,36.95,Theater ,1358,50180.0,"Egyptian Room, Indianapolis, United States"
3/20/2026,1,"""Dancing With The Stars Live""","Live Nation, NS2",3108,292123.5,3108.0,1.0,59.5,129.5,93.99,Theater ,3108,292123.5,"Spartanburg Memorial Auditorium, Spartanburg, United States"
3/20/2026,2,Peso Pluma,Live Nation,12955,2334158.89,12955.0,1.0,39.5,249.5,180.17,Arena,25911,4668317.78,"Intuit Dome, Inglewood, United States"
3/20/2026,1,Rob Schneider,"Live Nation, MGM Resorts International",1396,77569.0,1658.0,0.84,35.5,75.0,55.57,Club,1396,77569.0,"Center Stage at MGM Northfield Park, Northfield, United States"
3/20/2026,1,Rosalía,Live Nation,15573,1663078.35,15954.0,0.97,62.75,154.28,106.79,Arena,15573,1663078.35,"Accor Arena, Paris, France"
3/20/2026,1,"La Fiera De Ojinaga, ""Vive Chihuahua Fest""",Live Nation,1811,188319.0,2553.0,0.7,39.0,149.0,103.99,Theater ,1811,188319.0,"YouTube Theater, Inglewood, United States"
3/20/2026,1,Bad Omens,Live Nation,12525,898677.5,12525.0,1.0,39.5,109.5,71.75,Arena,12525,898677.5,"Frost Bank Center, San Antonio, United States"
3/20/2026,1,Miguel,Live Nation,5873,274018.0,8101.0,0.72,32.0,79.5,46.66,Theater ,5873,274018.0,"The Pavilion at Toyota Music Factory, Irving, United States"
3/20/2026,1,Puscifer,"Live Nation, MGM Resorts International",2116,182440.0,2250.0,0.94,59.95,163.49,86.22,Club,2116,182440.0,"The Chelsea, Las Vegas, United States"
3/20/2026,1,Conan Gray,Live Nation,13945,1309077.5,13945.0,1.0,39.5,139.5,93.87,Arena,13945,1309077.5,"Kia Forum, Inglewood, United States"
3/20/2026,1,HARDY,Live Nation,7683,571022.7,9079.0,0.84,23.75,163.75,74.32,Arena,7683,571022.7,"Vibrant Arena at The Mark, Moline, United States"
3/20/2026,1,Sammy Hagar,Live Nation,2386,485763.0,2527.0,0.94,69.0,629.0,203.59,Theater ,2386,485763.0,"Dolby Live at Park MGM Las Vegas, Las Vegas, United States"
3/20/2026,1,Serena Terry,Live Nation / Gaiety Investments (MCD Productions),1042,39377.03,1298.0,0.8,37.79,37.79,37.79,Theater ,1042,39377.03,"3Olympia Theatre, Dublin, Ireland"
3/20/2026,1,Reneé Rapp,Live Nation,11455,905148.84,11842.0,0.96,53.62,100.53,79.02,Arena,11455,905148.84,"OVO Arena Wembley, London, United Kingdom"
3/20/2026,1,Maná,Live Nation,13359,1556537.36,13600.0,0.98,34.37,295.0,116.52,Arena,13359,1556537.36,"Kia Center, Orlando, United States"
3/21/2026,1,Andy Hull,"Live Nation, NS2",608,16456.0,700.0,0.86,27.0,30.0,27.07,Club,608,16456.0,"Music Farm, Charleston, United States"
3/21/2026,1,"""I'm Grand Mam""",Live Nation / Gaiety Investments (MCD Productions),1652,83451.05,2000.0,0.82,50.57,50.57,50.52,Arena,1652,83451.05,"Gleneagle Arena, Killarney, Ireland"
3/21/2026,1,Love of Lesbian,OCESA,888,44945.32,1208.0,0.73,22.35,173.22,50.61,Theater ,888,44945.32,"Teatro de la Paz, San Luis Potosi, Mexico"
3/21/2026,1,Nirvani: A Nirvana Tribute,"Live Nation, Marathon Live",390,8210.0,660.0,0.59,20.0,40.0,21.05,Club,390,8210.0,"The Signal, Chattanooga, United States"
3/21/2026,7,"""The Lion King""",OCESA,396,31588.47,1400.0,0.28,55.88,279.39,79.6,Theater ,2778,221119.29,"Teatro Telcel, Mexico City, Mexico"
3/21/2026,7,"""The Phantom Of The Opera""",OCESA,314,29833.39,1400.0,0.22,44.7,223.51,94.8,Theater ,2203,208833.73,"Teatro de los Insurgentes, Mexico City, Mexico"
3/21/2026,1,Kaydy Cain,OCESA,3793,126433.95,4775.0,0.79,11.18,111.75,33.33,Arena,3793,126433.95,"Pabellón del Palacio de los Deportes, Mexico City, Mexico"
3/21/2026,1,Matt Berninger,"(In-House Promotion), evenko, Greenland Events Inc, Live Nation",991,39340.2,996.0,0.99,36.41,47.34,39.7,Club,991,39340.2,"Théâtre Beanfield, Montreal, Canada"
3/21/2026,1,"""Help I Sexted My Boss""",Live Nation,6246,401350.7,7622.0,0.81,43.35,76.7,64.26,Arena,6246,401350.7,"OVO Arena Wembley, London, United Kingdom"
3/21/2026,2,Rise Against,Live Nation,1762,89036.16,1765.0,0.99,32.77,58.26,50.53,Theater ,3524,178072.32,"Burton Cummings Theatre, Winnipeg, Canada"
3/21/2026,1,Subtronics ,"(In-House Promotion), Crossroads Presents, Live Nation",3659,157177.58,3772.0,0.97,20.99,65.5,42.96,Club,3659,157177.58,"MGM Music Hall at Fenway, Boston, United States"
3/21/2026,1,"""Dancing With The Stars Live""","Live Nation, NS2",1917,198047.5,1917.0,1.0,59.5,129.5,103.31,Theater ,1917,198047.5,"Mark C. Smith Concert Hall, Huntsville, United States"
3/21/2026,1,"""Reggae Fest"", Alkaline","CJ Milan, Live Nation",15243,2003913.0,15243.0,1.0,49.5,499.0,131.46,Arena,15243,2003913.0,"Barclays Center, Brooklyn, United States"
3/21/2026,1,Kraftklub,Live Nation,9971,945836.1,11370.0,0.87,92.59,98.93,94.86,Arena,9971,945836.1,"Hallenstadion Zurich, Zurich, Switzerland"
3/21/2026,1,Eagles,Live Nation,16382,4754147.13,16382.0,1.0,120.0,311.0,290.21,Arena,16382,4754147.13,"Sphere, Las Vegas, United States"
3/21/2026,1,HARDY,Live Nation,9687,720840.0,13342.0,0.72,25.75,145.75,74.41,Arena,9687,720840.0,"CHI Health Center Omaha, Omaha, United States"
3/21/2026,1,FKA Twigs,Live Nation,10390,886660.65,12706.0,0.81,37.5,150.0,85.34,Arena,10390,886660.65,"Madison Square Garden, New York, United States"
3/21/2026,1,Joyce Manor,Live Nation,1902,67333.0,2425.0,0.78,27.6,55.0,35.4,Club,1902,67333.0,"Citizens House of Blues Boston, Boston, United States"
3/21/2026,1,Matt Friend,"Bill Blumenreich Presents, Live Nation",339,19937.89,1001.0,0.33,30.0,75.0,58.81,Theater ,339,19937.89,"The Palazzo Theatre, Las Vegas, United States"
3/21/2026,1,Dylan Scott,"Hard Rock International (HRI), Live Nation",1383,60529.08,2001.0,0.69,47.7,54.98,43.77,Theater ,1383,60529.08,"Hard Rock LIVE, Ottawa, Canada"
3/21/2026,1,Bassem Youssef,Live Nation,1163,55223.0,1282.0,0.9,31.0,71.0,47.48,Theater ,1163,55223.0,"Moore Theatre, Seattle, United States"
3/21/2026,1,Miguel,Live Nation,5065,285429.65,5065.0,1.0,54.5,99.5,56.35,Club,5065,285429.65,"713 Music Hall, Houston, United States"
3/21/2026,1,Bill Bellamy,Live Nation,1671,91963.0,1945.0,0.85,35.0,120.0,55.03,Theater ,1671,91963.0,"The Theater at MGM National Harbor, Oxon Hill, United States"
3/21/2026,1,Calum Bowie,Live Nation / Gaiety Investments (MCD Productions),209,4800.57,210.0,0.99,23.03,23.03,22.97,Club,209,4800.57,"The Academy 2, Dublin, Ireland"
3/21/2026,1,Yami Safdie,OCESA,1088,34829.6,1144.0,0.95,11.18,111.75,32.01,Club,1088,34829.6,"Lunario, Mexico City, Mexico"
3/21/2026,1,Sigrid,Live Nation / Gaiety Investments (MCD Productions),1595,91981.83,1661.0,0.96,57.63,57.63,57.67,Theater ,1595,91981.83,"3Olympia Theatre, Dublin, Ireland"
3/21/2026,1,Paradise Lost,Live Nation / Gaiety Investments (MCD Productions),850,35556.01,850.0,1.0,41.89,41.89,41.83,Theater ,850,35556.01,"The Academy, Dublin, Ireland"
3/21/2026,1,Cardi B,Live Nation,14372,2469585.0,14372.0,1.0,59.5,299.5,171.83,Arena,14372,2469585.0,"United Center, Chicago, United States"
3/21/2026,1,Tyler Childers,Live Nation,5989,330005.78,5999.0,0.99,56.7,71.74,55.1,Theater ,5989,330005.78,"AFAS Live, Amsterdam, Netherlands"
3/22/2026,1,Nathan Evans &amp; St Phnx Band	,Live Nation / Gaiety Investments (MCD Productions),900,26861.43,1100.0,0.81,29.88,29.88,29.85,Other,900,26861.43,"Telegraph Building, Belfast, United Kingdom"
3/22/2026,1,Jason Mraz,OCESA,3010,243896.6,3066.0,0.98,39.11,279.36,81.03,Theater ,3010,243896.6,"Teatro Metropolitan, Mexico City, Mexico"
3/22/2026,1,Ed Maverick,"(In-House Promotion), OCESA",1927,126873.09,2777.0,0.69,39.11,83.81,65.84,Theater ,1927,126873.09,"Auditorio La Isla Mérida, Merida, Mexico"
3/22/2026,1,Sticky Fingers ,Live Nation,2100,57711.1,2100.0,1.0,27.67,27.67,27.48,Club,2100,57711.1,"MTELUS, Montreal, Canada"
3/22/2026,1,FKA Twigs,"(In-House Promotion), Crossroads Presents, Live Nation",3363,187723.75,3777.0,0.89,29.2,95.5,55.82,Club,3363,187723.75,"MGM Music Hall at Fenway, Boston, United States"
3/22/2026,1,Mariah The Scientist,Live Nation,1456,100555.0,1500.0,0.97,45.0,145.0,69.06,Club,1456,100555.0,"McMenamins Crystal Ballroom, Portland, United States"
3/22/2026,1,"""Dancing With The Stars Live""","Live Nation, NS2",2782,285057.0,2782.0,1.0,59.5,129.5,102.46,Theater ,2782,285057.0,"BJCC Concert Hall, Birmingham, United States"
3/22/2026,1,Giveon,"Live Nation, Prime Entertainment GmbH",7184,541767.68,7710.0,0.93,75.32,75.32,75.41,Theater ,7184,541767.68,"Mitsubishi Electric Halle, Dusseldorf, Germany"
3/22/2026,1,Rosalía,Live Nation,13862,1853832.92,14000.0,0.99,88.78,169.96,133.73,Arena,13862,1853832.92,"Hallenstadion Zurich, Zurich, Switzerland"
3/22/2026,1,Bad Omens,Live Nation,8452,709724.0,8452.0,1.0,34.5,104.5,83.97,Arena,8452,709724.0,"Paycom Center, Oklahoma City, United States"
3/22/2026,1,Ustad Rahat Fateh Ali Khan,Live Nation,3044,277558.06,3044.0,1.0,46.69,146.73,91.18,Theater ,3044,277558.06,"Royal Albert Hall, London, United Kingdom"
3/22/2026,1,Mammoth,"Live Nation, Marathon Live",528,23058.0,1266.0,0.41,35.0,50.0,43.67,Theater ,528,23058.0,"FIVE, Jacksonville, United States"
3/22/2026,1,Waterparks,Live Nation / Gaiety Investments (MCD Productions),533,21709.12,650.0,0.82,40.79,40.79,40.73,Theater ,533,21709.12,"The Academy, Dublin, Ireland"
3/22/2026,1,BOYS LIKE GIRLS,"Live Nation, Omaha Performing Arts",1407,55854.2,2856.0,0.49,14.0,58.0,39.7,Theater ,1407,55854.2,"Steelhouse Omaha, Omaha, United States"
3/22/2026,1,Reneé Rapp,Live Nation / Gaiety Investments (MCD Productions),10228,749955.17,12055.0,0.84,73.35,73.35,73.32,Arena,10228,749955.17,"3Arena, Dublin, Ireland"
3/23/2026,1,"""31 Minutos""","OCESA, Páramo Presenta, Promotora Colombia",6888,314933.01,7110.0,0.96,38.0,92.0,45.72,Arena,6888,314933.01,"Movistar Arena, Bogota, Colombia"
3/23/2026,2,Kyla Cobbler,Live Nation / Gaiety Investments (MCD Productions),1212,58659.42,1298.0,0.93,48.38,48.38,48.38,Theater ,2425,117318.83,"3Olympia Theatre, Dublin, Ireland"
3/23/2026,1,Mitski,OCESA,8868,660953.07,9564.0,0.92,43.39,131.28,74.53,Theater ,8868,660953.07,"Auditorio Nacional, Mexico City, Mexico"
3/23/2026,1,John Legend,Live Nation,1437,137337.63,2109.0,0.68,45.5,246.0,95.57,Theater ,1437,137337.63,"BJCC Concert Hall, Birmingham, United States"
3/23/2026,1,AC/DC,"DF Entertainment, Live Nation",65635,11636935.28,71328.0,0.92,118.01,246.76,177.3,Stadium,65635,11636935.28,"Estadio Mâs Monumental, Buenos Aires, Argentina"
3/23/2026,1,I See Stars,Live Nation,568,15196.0,600.0,0.94,25.0,30.0,26.75,Club,568,15196.0,"Goldfield Trading Post, Roseville, United States"
3/23/2026,2,Lady Gaga,Live Nation,13579,3800300.5,13579.0,1.0,61.0,376.0,279.87,Arena,27158,7600601.0,"Capital One Arena, Washington, United States"
3/23/2026,1,The Feeling,Live Nation / Gaiety Investments (MCD Productions),318,11016.24,400.0,0.79,34.64,34.64,34.64,Theater ,318,11016.24,"The Academy, Dublin, Ireland"
3/23/2026,1,Lauren Spencer Smith,Live Nation,1405,70927.5,1737.0,0.8,37.5,57.5,50.48,Theater ,1405,70927.5,"Moore Theatre, Seattle, United States"
3/24/2026,1,"Tyler, The Creator",OCESA,16660,2048672.22,17175.0,0.97,56.03,420.19,122.97,Arena,16660,2048672.22,"Palacio de los Deportes, Mexico City, Mexico"
3/24/2026,1,George Thorogood &amp; The Destroyers,Live Nation,1423,79202.99,1450.0,0.98,33.44,65.8,55.66,Theater ,1423,79202.99,"Burton Cummings Theatre, Winnipeg, Canada"
3/24/2026,1,"""Dancing With The Stars Live""","Live Nation, NS2",2760,279560.0,2760.0,1.0,59.5,129.5,101.29,Theater ,2760,279560.0,"Moran Theater, Jacksonville, United States"
3/24/2026,1,Peso Pluma,Live Nation,14736,1146391.65,14736.0,1.0,49.5,249.5,77.8,Amphitheatre,14736,1146391.65,"First Financial Credit Union Amphitheater, Albuquerque, United States"
3/24/2026,1,Halestorm,OCESA,1436,72518.9,5000.0,0.28,22.41,173.68,50.5,Arena,1436,72518.9,"Pabellón del Palacio de los Deportes, Mexico City, Mexico"
3/24/2026,1,Bad Omens,Live Nation,11987,1057891.5,11987.0,1.0,34.5,114.5,88.25,Arena,11987,1057891.5,"Desert Diamond Arena, Glendale, United States"
3/25/2026,1,Love of Lesbian,OCESA,1180,49488.24,1983.0,0.59,16.91,146.53,41.94,Amphitheatre,1180,49488.24,"Foro del Lago, Leon, Mexico"
3/25/2026,7,"""The Lion King""",OCESA,404,32449.75,1400.0,0.28,56.36,281.79,80.29,Theater ,2829,227148.26,"Teatro Telcel, Mexico City, Mexico"
3/25/2026,7,"""The Phantom Of The Opera""",OCESA,321,30691.39,1400.0,0.22,4.51,225.43,95.57,Theater ,2248,214839.76,"Teatro de los Insurgentes, Mexico City, Mexico"
3/25/2026,1,Simple Plan,OCESA,3048,150364.23,9015.0,0.33,22.54,169.07,49.33,Arena,3048,150364.23,"Auditorio GNP Seguros, Puebla, Mexico"
3/25/2026,1,"Tyler, The Creator",OCESA,16688,1878849.74,17175.0,0.97,56.36,422.68,112.59,Arena,16688,1878849.74,"Palacio de los Deportes, Mexico City, Mexico"
3/25/2026,1,Djo,OCESA,7966,378154.46,8000.0,0.99,22.54,163.44,47.47,Theater ,7966,378154.46,"Pepsi Center Mexico, Mexico City, Mexico"
3/25/2026,3,Tedeschi Trucks Band,Live Nation,2755,426803.01,2755.0,1.0,59.75,219.75,154.92,Theater ,8265,1280409.03,"Beacon Theatre, New York, United States"
3/25/2026,1,Los Fabulosos Cadillacs,OCESA,7709,836823.02,8181.0,0.94,50.72,371.96,108.55,Theater ,7709,836823.02,"Auditorio Telmex, Zapopan, Mexico"
3/25/2026,1,Sticky Fingers ,Live Nation,2340,57520.74,2340.0,1.0,24.69,24.69,24.58,Club,2340,57520.74,"HISTORY, Toronto, Canada"
3/25/2026,1,"""Dancing With The Stars Live""","Live Nation, NS2",2405,226774.23,2405.0,1.0,59.5,129.5,94.29,Theater ,2405,226774.23,"Peabody Auditorium, Daytona Beach, United States"
3/25/2026,1,Cammy Barnes,Live Nation / Gaiety Investments (MCD Productions),63,1681.35,75.0,0.84,26.69,26.69,26.69,Club,63,1681.35,"The Academy 2, Dublin, Ireland"
3/25/2026,1,Gene,Live Nation / Gaiety Investments (MCD Productions),548,27932.47,650.0,0.84,50.94,50.94,50.97,Theater ,548,27932.47,"The Academy, Dublin, Ireland"
3/25/2026,1,Luck Ra,OCESA,1033,42966.85,1200.0,0.86,16.91,146.53,41.59,Club,1033,42966.85,"Lunario, Mexico City, Mexico"
3/25/2026,2,Cardi B,Live Nation,13105,2662745.5,13105.0,1.0,59.5,299.5,203.18,Arena,26211,5325491.0,"Madison Square Garden, New York, United States"
3/26/2026,1,Love of Lesbian,OCESA,2104,95797.64,4874.0,0.43,22.51,157.56,45.53,Theater ,2104,95797.64,"Auditorio Telmex, Zapopan, Mexico"
3/26/2026,1,LosPetitFellas,OCESA,749,23606.54,1200.0,0.62,11.25,112.55,31.52,Club,749,23606.54,"Lunario, Mexico City, Mexico"
3/26/2026,1,"Mosca, Kapanga",OCESA,970,18499.14,1159.0,0.83,5.63,67.53,19.07,Theater ,970,18499.14,"Foro Puebla, Puebla, Mexico"
3/26/2026,1,The Billy Joel Songbook,Live Nation / Gaiety Investments (MCD Productions),926,46216.53,930.0,0.99,50.79,50.79,49.91,Theater ,926,46216.53,"Ulster Hall, Belfast, United Kingdom"
3/26/2026,1,"""HBCU Aware Fest"", Coco Jones, Common",Live Nation,9880,684649.0,10424.0,0.94,49.0,1000.0,69.3,Arena,9880,684649.0,"State Farm Arena, Atlanta, United States"
3/26/2026,1,Bad Omens,Live Nation,12594,1248240.0,12594.0,1.0,33.5,113.5,99.11,Arena,12594,1248240.0,"Kia Forum, Inglewood, United States"
3/26/2026,1,Love of Lesbian,OCESA,3100,95797.64,4874.0,0.63,36.58,73.15,30.9,Theater ,3100,95797.64,"Auditorio Telmex, Zapopan, Mexico"
3/26/2026,1,Ed Maverick,"(In-House Promotion), OCESA",1295,84589.62,1351.0,0.95,39.39,112.55,65.32,Theater ,1295,84589.62,"Teatro de la Paz, San Luis Potosi, Mexico"
3/26/2026,1,"""Heated Rivalry Rave""","Live Nation, NS2",449,11040.0,675.0,0.66,20.0,30.0,24.59,Club,449,11040.0,"Music Farm, Charleston, United States"
3/26/2026,1,"""Dancing With The Stars Live""","Live Nation, NS2",6128,577625.0,6128.0,1.0,59.5,129.5,94.26,Arena,6128,577625.0,"Addition Financial Arena, Orlando, United States"
3/26/2026,1,Beto Cuevas,Live Nation,2598,221667.24,2893.0,0.89,49.5,149.5,85.32,Theater ,2598,221667.24,"YouTube Theater, Inglewood, United States"
3/26/2026,1,Peso Pluma,Live Nation,15032,2350126.98,15032.0,1.0,39.5,249.5,156.34,Arena,15032,2350126.98,"Ball Arena, Denver, United States"
3/26/2026,1,Manuel Mijares,OCESA,9322,885059.27,9564.0,0.97,19.7,227.91,94.94,Theater ,9322,885059.27,"Auditorio Nacional, Mexico City, Mexico"
3/26/2026,1,Danny Brown,Live Nation / Gaiety Investments (MCD Productions),908,40979.09,1100.0,0.82,45.12,45.12,45.13,Theater ,908,40979.09,"3Olympia Theatre, Dublin, Ireland"
3/26/2026,1,HARDY,Live Nation,8181,707056.65,8578.0,0.95,29.75,164.75,86.43,Arena,8181,707056.65,"PPL Center, Allentown, United States"
3/26/2026,1,Becky Robinson,Live Nation,807,39916.5,807.0,1.0,35.5,69.5,49.46,Theater ,807,39916.5,"The Buckhead Theatre, Atlanta, United States"
3/27/2026,1,Saint Motel,OCESA,1544,53516.13,1939.0,0.79,16.76,122.92,34.66,Theater ,1544,53516.13,"Auditorio BB, Mexico City, Mexico"
3/27/2026,1,"""The Square Ball"" Podcast",Live Nation / Gaiety Investments (MCD Productions),586,22009.94,610.0,0.96,37.62,37.62,37.56,Theater ,586,22009.94,"Ambassador Theatre, Dublin, Ireland"
3/27/2026,1,"""I'm Grand Mam""",Live Nation / Gaiety Investments (MCD Productions),883,41332.54,930.0,0.94,42.02,47.36,46.81,Theater ,883,41332.54,"Ulster Hall, Belfast, United Kingdom"
3/27/2026,1,The Divine Comedy,Live Nation / Gaiety Investments (MCD Productions),1892,121576.36,1940.0,0.97,62.03,68.7,64.26,Theater ,1892,121576.36,"Waterfront Hall, Belfast, United Kingdom"
3/27/2026,1,Kreator,Live Nation,2827,186681.49,4500.0,0.62,66.7,66.7,66.04,Theater ,2827,186681.49,"O2 Academy Brixton, London, United Kingdom"
3/27/2026,1,El Malilla,OCESA,2831,112812.74,8498.0,0.33,16.76,139.68,39.85,Arena,2831,112812.74,"Auditorio GNP Seguros, Puebla, Mexico"
3/27/2026,1,Djo,OCESA,2500,133935.59,2549.0,0.98,22.35,184.38,53.57,Club,2500,133935.59,"Teatro Estudio Cavaret, Guadalajara, Mexico"
3/27/2026,1,Simple Plan,OCESA,6142,334819.98,6426.0,0.95,34.64,88.84,54.51,Theater ,6142,334819.98,"Auditorio Telmex, Zapopan, Mexico"
3/27/2026,1,The Brook &amp; The Bluff,Live Nation,1581,36793.0,3000.0,0.52,16.1,28.0,23.27,Other,1581,36793.0,"Avondale Brewing Company, Birmingham, United States"
3/27/2026,2,"""Dancing With The Stars Live""","Live Nation, NS2",2095,228838.75,2095.0,1.0,59.5,129.5,109.23,Theater ,4190,457677.5,"Ruth Eckerd Hall, Clearwater, United States"
3/27/2026,1,Eagles,Live Nation,16345,4859512.65,16345.0,1.0,120.0,311.0,297.31,Arena,16345,4859512.65,"Sphere, Las Vegas, United States"
3/27/2026,1,Lucero,OCESA,9339,520774.35,9564.0,0.97,22.35,139.68,55.76,Theater ,9339,520774.35,"Auditorio Nacional, Mexico City, Mexico"
3/27/2026,1,AC/DC,"DF Entertainment, Live Nation",66088,11990619.26,71328.0,0.92,120.61,252.19,181.43,Stadium,66088,11990619.26,"Estadio Mâs Monumental, Buenos Aires, Argentina"
3/27/2026,1,Conor Byrne,Live Nation / Gaiety Investments (MCD Productions),70,1405.46,70.0,1.0,20.08,20.08,20.08,Club,70,1405.46,"Upstairs At Whelans, Dublin, Ireland"
3/27/2026,1,BENEE,Live Nation,840,23260.0,975.0,0.86,30.0,35.0,27.69,Club,840,23260.0,"Scoot Inn, Austin, United States"
3/27/2026,1,Bad Omens,Live Nation,10228,859079.49,10228.0,1.0,39.5,109.5,83.99,Arena,10228,859079.49,"Oakland Arena, Oakland, United States"
3/27/2026,1,Trampled By Turtles,Live Nation,2276,143238.05,2276.0,1.0,40.5,70.5,62.93,Theater ,2276,143238.05,"Ryman Auditorium, Nashville, United States"
3/27/2026,1,HARDY,Live Nation,7884,628470.36,7884.0,1.0,25.75,165.75,79.71,Arena,7884,628470.36,"Charleston Coliseum, Charleston, United States"
3/27/2026,1,KC &amp; The Sunshine Band,Live Nation,1704,140424.0,1945.0,0.87,59.5,139.5,82.41,Theater ,1704,140424.0,"The Theater at MGM National Harbor, Oxon Hill, United States"
3/27/2026,2,TWICE,Live Nation,17190,2113496.5,17759.0,0.96,55.5,225.0,122.95,Arena,34380,4226993.0,"Kia Center, Orlando, United States"
3/27/2026,1,Yacht Rock Revue,"(In-House Promotion), Live Nation",1491,86917.6,1924.0,0.77,39.5,125.0,58.29,Club,1491,86917.6,"Wind Creek Event Center, Bethlehem, United States"
3/27/2026,2,Parker McCollum,Live Nation,4052,219836.18,4622.0,0.87,17.25,88.0,54.25,Amphitheatre,8105,439672.35,"The St. Augustine Amphitheatre, Saint Augustine, United States"
3/27/2026,1,Bailey Zimmerman,Live Nation,9484,541535.0,9484.0,1.0,20.75,80.75,57.1,Amphitheatre,9484,541535.0,"The Wharf Amphitheater, Orange Beach, United States"
3/27/2026,1,The Billy Joel Songbook,Live Nation / Gaiety Investments (MCD Productions),980,50477.14,1200.0,0.81,51.46,51.46,51.51,Theater ,980,50477.14,"3Olympia Theatre, Dublin, Ireland"
3/28/2026,1,Miguel,Live Nation,3995,159430.0,3995.0,1.0,29.5,89.5,39.91,Theater ,3995,159430.0,"Toyota Oakdale Theatre, Wallingford, United States"
3/28/2026,1,Maicín,Live Nation / Gaiety Investments (MCD Productions),90,1501.36,90.0,1.0,16.74,16.74,16.68,Club,90,1501.36,"Upstairs At Whelans, Dublin, Ireland"
3/28/2026,2,Kyla Cobbler,Live Nation / Gaiety Investments (MCD Productions),89,3447.13,89.0,1.0,38.79,38.79,38.73,Other,178,6894.26,"Theatre Royal, Waterford, Ireland"
3/28/2026,1,Beluga Lagoon,Live Nation / Gaiety Investments (MCD Productions),850,27475.92,850.0,1.0,32.32,32.32,32.32,Theater ,850,27475.92,"The Academy, Dublin, Ireland"
3/28/2026,1,Carolina Durante,OCESA,836,24502.93,975.0,0.85,11.04,104.85,29.31,Theater ,836,24502.93,"Foro Puebla, Puebla, Mexico"
3/28/2026,1,Mario Adrion,Live Nation / Gaiety Investments (MCD Productions),573,19709.82,610.0,0.93,34.4,34.4,34.4,Theater ,573,19709.82,"Ambassador Theatre, Dublin, Ireland"
3/28/2026,1,Los Bunkers,"OCESA, Páramo Presenta",1852,100592.42,2852.0,0.64,51.6,57.06,54.32,Theater ,1852,100592.42,"Royal Center, Bogota, Colombia"
3/28/2026,1,Kreator,Live Nation,2817,177523.03,3300.0,0.85,63.68,63.68,63.02,Theater ,2817,177523.03,"O2 Apollo Manchester, Manchester, United Kingdom"
3/28/2026,1,Yacht Rock Revue,"Hard Rock International (HRI), Live Nation",3639,158888.5,4000.0,0.9,29.0,49.0,43.66,Theater ,3639,158888.5,"Hard Rock Live at Etess Arena, Atlantic City, United States"
3/28/2026,1,July Talk,"(In-House Promotion), evenko, Greenland Events Inc, Live Nation",1000,34552.71,1000.0,1.0,32.37,39.57,34.55,Club,1000,34552.71,"Théâtre Beanfield, Montreal, Canada"
3/28/2026,1,Goo Goo Dolls,Live Nation,7061,433236.91,7259.0,0.97,32.37,92.8,61.36,Arena,7061,433236.91,"Canada Life Centre, Winnipeg, Canada"
3/28/2026,1,The Neighbourhood,Live Nation,12072,1123647.25,12072.0,1.0,33.5,173.5,93.08,Arena,12072,1123647.25,"Moody Center, Austin, United States"
3/28/2026,1,Stavros Halkias,Live Nation,5892,388289.5,5892.0,1.0,39.5,99.5,65.9,Theater ,5892,388289.5,"Radio City Music Hall, New York, United States"
3/28/2026,3,"""Hot Wheels Monster Trucks Live: Glow-N-Fire""",Live Nation,5411,250967.98,8457.0,0.63,66.33,66.33,46.38,Arena,16233,752903.95,"First Direct Arena, Leeds, United Kingdom"
3/28/2026,1,E-40,Live Nation,12911,1057568.35,12911.0,1.0,98.0,328.0,81.91,Arena,12911,1057568.35,"Oakland Arena, Oakland, United States"
3/28/2026,2,Morgan Jay,"(In-House Promotion), Live Nation",1913,101269.0,2022.0,0.94,31.0,71.0,52.92,Theater ,3827,202538.0,"Kodak Center, Rochester, United States"
3/28/2026,1,Turtle Smash ,"Live Nation, NS2",301,6415.0,675.0,0.44,17.0,25.0,21.31,Club,301,6415.0,"Music Farm, Charleston, United States"
3/28/2026,1,Eagles,Live Nation,16340,4791714.93,16340.0,1.0,120.0,311.0,293.25,Arena,16340,4791714.93,"Sphere, Las Vegas, United States"
3/28/2026,1,Cardi B,Live Nation,12609,2308762.0,12609.0,1.0,59.5,299.5,183.1,Arena,12609,2308762.0,"Prudential Center, Newark, United States"
3/28/2026,1,Andrew Dice Clay,"Bill Blumenreich Presents, Live Nation",725,53826.76,1001.0,0.72,45.0,99.99,74.24,Theater ,725,53826.76,"The Palazzo Theatre, Las Vegas, United States"
3/28/2026,1,Peso Pluma,Live Nation,9887,1301557.3,9900.0,0.99,59.5,249.5,131.64,Arena,9887,1301557.3,"Maverik Center, West Valley City, United States"
3/28/2026,1,Avery Anna,"Live Nation, Marathon Live",1202,33474.0,1500.0,0.8,25.0,49.5,27.85,Club,1202,33474.0,"The Signal, Chattanooga, United States"
3/28/2026,1,Santiago Motorizado,OCESA,494,10464.6,1200.0,0.41,5.52,77.26,21.18,Club,494,10464.6,"Lunario, Mexico City, Mexico"
3/28/2026,1,"""Freestyle Explosion""",Live Nation,3529,315634.3,3856.0,0.91,39.5,149.5,89.44,Theater ,3529,315634.3,"YouTube Theater, Inglewood, United States"
3/28/2026,1,Matt Rife,Live Nation,12716,1124178.0,21251.0,0.59,26.0,155.0,88.41,Arena,12716,1124178.0,"KFC Yum! Center, Louisville, United States"
3/28/2026,2,Matt Mathews,"Live Nation, MGM Resorts International",1738,96807.5,1762.0,0.98,45.0,75.0,55.7,Club,3476,193615.0,"Center Stage at MGM Northfield Park, Northfield, United States"
3/28/2026,1,Sons of Legion,Live Nation,953,26207.5,953.0,1.0,27.5,27.5,27.5,Club,953,26207.5,"Paradise Rock Club, Boston, United States"
3/28/2026,1,HARDY,Live Nation,8267,632511.0,8774.0,0.94,26.75,166.75,76.51,Arena,8267,632511.0,"Ford Center, Evansville, United States"
3/28/2026,1,Pentire,Live Nation / Gaiety Investments (MCD Productions),93,1873.5,110.0,0.84,20.2,20.2,20.15,Club,93,1873.5,"The Grand Social, Dublin, Ireland"
3/28/2026,1,The Billy Joel Songbook,Live Nation / Gaiety Investments (MCD Productions),263,12357.35,300.0,0.87,46.99,46.99,46.99,Theater ,263,12357.35,"National Opera House (Wexford), Wexford, Ireland"
3/28/2026,1,Ardal O'Hanlon,Live Nation / Gaiety Investments (MCD Productions),1211,44820.33,1298.0,0.93,37.06,37.06,37.01,Theater ,1211,44820.33,"3Olympia Theatre, Dublin, Ireland"
3/29/2026,7,"""The Lion King""",OCESA,411,32350.25,1400.0,0.29,55.18,275.91,78.63,Theater ,2880,226451.72,"Teatro Telcel, Mexico City, Mexico"
3/29/2026,7,"""The Phantom Of The Opera""",OCESA,327,30640.13,1400.0,0.23,44.14,220.72,93.58,Theater ,2292,214480.92,"Teatro de los Insurgentes, Mexico City, Mexico"
3/29/2026,1,Deftones,OCESA,17942,1605192.43,18133.0,0.98,44.14,303.5,89.47,Arena,17942,1605192.43,"Palacio de los Deportes, Mexico City, Mexico"
3/29/2026,1,Sebastian Bach,"Live Nation, NS2",388,13750.0,675.0,0.57,35.0,40.0,35.44,Club,388,13750.0,"Music Farm, Charleston, United States"
3/29/2026,1,Royel Otis,OCESA,2331,98470.7,5000.0,0.46,16.55,148.99,42.24,Arena,2331,98470.7,"Pabellón del Palacio de los Deportes, Mexico City, Mexico"
3/29/2026,1,Slaughter To Prevail,Live Nation,2739,139075.0,2913.0,0.94,35.0,65.0,50.78,Theater ,2739,139075.0,"Paramount Theatre, Seattle, United States"
3/29/2026,1,Josh Groban,Live Nation / Gaiety Investments (MCD Productions),4029,385903.25,4970.0,0.81,95.81,95.81,95.78,Arena,4029,385903.25,"3Arena, Dublin, Ireland"
3/29/2026,1,Matt Rife,Live Nation,14564,1121484.0,14840.0,0.98,36.0,156.0,77.0,Arena,14564,1121484.0,"Heritage Bank Center, Cincinnati, United States"
3/29/2026,1,Sabrina Claudio,"Live Nation, Union Stage Presents",1020,38350.0,1200.0,0.85,34.5,54.5,37.6,Club,1020,38350.0,"The Howard Theatre, Washington, United States"
3/29/2026,1,BOYS LIKE GIRLS,Live Nation,1463,88140.86,2163.0,0.67,44.5,72.5,60.25,Theater ,1463,88140.86,"Ryman Auditorium, Nashville, United States"
3/29/2026,2,Ali Wong,"Dr. Phillips Center for the Performing Arts, Live Nation",2431,193018.25,2711.0,0.89,49.5,124.5,79.4,Theater ,4862,386036.5,"Dr. Phillips Center - Walt Disney Theater, Orlando, United States"
3/29/2026,1,I See Stars,Live Nation,589,15566.0,700.0,0.84,26.0,29.0,26.43,Theater ,589,15566.0,"The Oriental Theater, Denver, United States"
3/29/2026,1,Chelsea Handler,"Live Nation, MGM Resorts International",1776,114922.0,2571.0,0.69,33.0,123.0,64.71,Theater ,1776,114922.0,"Springfield Symphony Hall, Springfield, United States"
3/29/2026,2,Lady Gaga,Live Nation,13289,3889712.5,13289.0,1.0,61.0,376.0,292.69,Arena,26579,7779425.0,"TD Garden, Boston, United States"
3/29/2026,1,"""LOL Podcast Live""",Live Nation / Gaiety Investments (MCD Productions),1234,114608.25,1298.0,0.95,92.93,92.93,92.88,Theater ,1234,114608.25,"3Olympia Theatre, Dublin, Ireland"
3/30/2026,2,Diversity,"Live Nation, SJM Concerts",938,68409.89,967.0,0.97,43.13,59.72,72.93,Theater ,1876,136819.78,"G Live, Guildford, United Kingdom"
3/30/2026,1,Daniel Tosh,Live Nation,949,62362.0,956.0,0.99,46.0,192.0,65.71,Theater ,949,62362.0,"Lexington Opera House, Lexington, United States"
3/30/2026,1,Lamb of God,Live Nation,2610,170630.4,3806.0,0.68,44.99,79.99,65.38,Arena,2610,170630.4,"Moda Center, Portland, United States"
3/30/2026,1,Rosalía,Live Nation,16668,1746709.02,16668.0,1.0,59.31,150.28,104.79,Arena,16668,1746709.02,"Movistar Arena, Madrid, Spain"
3/30/2026,1,I See Stars,Live Nation,500,12977.0,500.0,1.0,27.0,30.0,25.95,Club,500,12977.0,"Black Sheep, Colorado Springs, United States"
3/30/2026,1,Cardi B,Live Nation,15052,1833767.19,15052.0,1.0,42.83,215.59,121.83,Arena,15052,1833767.19,"Scotiabank Arena, Toronto, Canada"
3/31/2026,1,Daniel Tosh,Live Nation,740,46738.5,956.0,0.77,46.0,192.0,63.16,Theater ,740,46738.5,"Lexington Opera House, Lexington, United States"
3/31/2026,1,Nothing But Thieves,OCESA,4607,264497.93,4805.0,0.95,27.61,193.25,57.41,Arena,4607,264497.93,"Pabellón del Palacio de los Deportes, Mexico City, Mexico"
3/31/2026,1,The Neighbourhood,Live Nation,12266,1155626.0,12521.0,0.97,64.5,164.5,94.21,Arena,12266,1155626.0,"Dickies Arena, Fort Worth, United States"
3/31/2026,1,"""Dancing With The Stars Live""","Live Nation, NS2",4357,420401.5,4357.0,1.0,59.5,129.5,96.49,Theater ,4357,420401.5,"Fox Theatre, Atlanta, United States"
3/31/2026,1,Melanie Martinez,OCESA,1263,110293.61,1304.0,0.96,38.65,298.15,87.33,Theater ,1263,110293.61,"Teatro de la Ciudad Esperanza Iris, Mexico City, Mexico"
3/31/2026,1,Beto Cuevas,Live Nation,1503,100330.0,2044.0,0.73,25.0,115.0,66.75,Theater ,1503,100330.0,"Plaza Theatre, El Paso, United States"
3/31/2026,1,Nothing But Thieves,OCESA,7238,424536.34,8000.0,0.9,43.62,125.89,58.65,Theater ,7238,424536.34,"Pepsi Center Mexico, Mexico City, Mexico"
3/31/2026,1,AC/DC,"DF Entertainment, Live Nation",66754,11857733.07,71328.0,0.93,118.0,246.73,177.63,Stadium,66754,11857733.07,"Estadio Mâs Monumental, Buenos Aires, Argentina"
3/31/2026,1,Sons of Legion,Live Nation,594,34103.5,594.0,1.0,25.0,29.5,57.41,Club,594,34103.5,"The Bowery Ballroom, New York, United States"
3/31/2026,1,TWICE,Live Nation,16500,2194530.0,16500.0,1.0,133.0,133.0,133.0,Arena,16500,2194530.0,"Spectrum Center, Charlotte, United States"
3/31/2026,1,Cardi B,Live Nation,11706,963838.3,11706.0,1.0,59.5,299.5,82.34,Arena,11706,963838.3,"TD Coliseum, Hamilton, Canada"
3/31/2026,1,Gorillaz,Live Nation / Gaiety Investments (MCD Productions),10086,1059248.7,10805.0,0.93,105.07,105.07,105.02,Arena,10086,1059248.7,"The SSE Arena, Belfast, Belfast, United Kingdom"
3/31/2026,1,bbno$,"Live Nation, Omaha Performing Arts",2748,104781.5,2993.0,0.91,17.5,60.5,38.13,Theater ,2748,104781.5,"Steelhouse Omaha, Omaha, United States"
3/31/2026,1,Leon Thomas,Live Nation / Gaiety Investments (MCD Productions),1603,81809.58,1661.0,0.96,51.04,51.04,51.04,Theater ,1603,81809.58,"3Olympia Theatre, Dublin, Ireland"
4/1/2026,1,Susie Mccabe,Live Nation / Gaiety Investments (MCD Productions),28,806.02,35.0,0.8,28.79,28.79,28.79,Club,28,806.02,"Whelans, Dublin, Ireland"
4/1/2026,1,Kyla Cobbler,Live Nation / Gaiety Investments (MCD Productions),490,22149.44,500.0,0.98,45.2,45.2,45.2,Other,490,22149.44,"TLT Concert Hall & Theatre, Drogheda, Ireland"
4/1/2026,1,Giovanni Smokes,Live Nation / Gaiety Investments (MCD Productions),130,3694.39,150.0,0.86,28.44,28.44,28.42,Theater ,130,3694.39,"Ambassador Theatre, Dublin, Ireland"
4/1/2026,1,Ali Wong,"(In-House Promotion), Live Nation",1867,141046.5,1903.0,0.98,49.5,129.5,75.55,Theater ,1867,141046.5,"Florida Theatre, Jacksonville, United States"
4/1/2026,1,"""31 Minutos""",OCESA,8313,350497.77,8313.0,1.0,25.12,75.37,42.16,Theater ,8313,350497.77,"Auditorio Telmex, Zapopan, Mexico"
4/1/2026,1,"""Dancing With The Stars Live""","Live Nation, NS2",2232,226626.5,2232.0,1.0,59.5,129.5,101.54,Theater ,2232,226626.5,"Orpheum Theatre, Memphis, United States"
4/1/2026,1,Cameron Whitcomb,Live Nation,2425,79179.75,2425.0,1.0,35.0,55.0,32.65,Club,2425,79179.75,"Citizens House of Blues Boston, Boston, United States"
4/1/2026,1,Rosalía,Live Nation,15922,2977363.19,15922.0,1.0,72.26,150.87,187.0,Arena,15922,2977363.19,"Movistar Arena, Madrid, Spain"
4/1/2026,1,Gorillaz,Live Nation / Gaiety Investments (MCD Productions),12767,1400821.41,13306.0,0.95,109.71,109.71,109.72,Arena,12767,1400821.41,"3Arena, Dublin, Ireland"
4/1/2026,1,BOYZLIFE feat. Brian McFadden and Keith Duffy,Live Nation / Gaiety Investments (MCD Productions),533,31130.49,648.0,0.82,58.36,58.36,58.41,Theater ,533,31130.49,"Waterfront Hall, Belfast, United Kingdom"
4/2/2026,1,Kyla Cobbler,Live Nation / Gaiety Investments (MCD Productions),400,18048.73,460.0,0.86,45.12,45.12,45.12,Theater ,400,18048.73,"National Opera House (Wexford), Wexford, Ireland"
4/2/2026,3,"""I'm Grand Mam""",Live Nation / Gaiety Investments (MCD Productions),250,12751.82,250.0,1.0,51.01,51.01,51.01,Theater ,750,38255.46,"Cork Opera House, Cork, Ireland"
4/2/2026,7,"""The Lion King""",OCESA,418,33304.01,1400.0,0.29,55.81,279.06,79.51,Theater ,2932,233128.07,"Teatro Telcel, Mexico City, Mexico"
4/2/2026,7,"""The Phantom Of The Opera""",OCESA,333,31586.04,1400.0,0.23,44.65,223.25,94.65,Theater ,2336,221102.31,"Teatro de los Insurgentes, Mexico City, Mexico"
4/2/2026,1,Jackson Wang,Live Nation,7077,730517.0,7077.0,1.0,19.7,190.0,103.22,Arena,7077,730517.0,"Oakland Arena, Oakland, United States"
4/2/2026,1,The Neighbourhood,Live Nation,6375,314148.0,6375.0,1.0,49.5,79.5,49.28,Theater ,6375,314148.0,"Armory, Minneapolis, United States"
4/2/2026,1,"Tab Benoit, Samantha Fish",Live Nation,1357,59291.6,1971.0,0.68,35.0,35.0,43.69,Theater ,1357,59291.6,"Brown County Music Center, Nashville, United States"
4/2/2026,1,Louis Tomlinson,Live Nation,13863,1005114.53,15645.0,0.88,53.08,106.17,72.5,Arena,13863,1005114.53,"Lanxess Arena, Cologne, Germany"
4/2/2026,1,Warren Zeiders,Live Nation,1102,50594.29,3000.0,0.36,23.37,87.75,45.91,Other,1102,50594.29,"Avondale Brewing Company, Birmingham, United States"
4/2/2026,1,ILLENIUM,Live Nation,16475,2280367.25,16475.0,1.0,56.25,298.0,138.41,Arena,16475,2280367.25,"Sphere, Las Vegas, United States"
4/2/2026,1,"""Dancing With The Stars Live""","Live Nation, NS2",5344,506968.0,5344.0,1.0,59.5,129.5,94.87,Arena,5344,506968.0,"Simmons Bank Arena, North Little Rock, United States"
4/2/2026,1,Peso Pluma,Live Nation,12789,1820619.7,12789.0,1.0,39.5,249.5,142.36,Arena,12789,1820619.7,"Toyota Center, Houston, United States"
4/2/2026,1,Nmixx,Live Nation,2792,322444.0,2900.0,0.96,69.5,159.5,115.49,Theater ,2792,322444.0,"The Theater at MGM National Harbor, Oxon Hill, United States"
4/2/2026,1,Mark McCabe,Live Nation / Gaiety Investments (MCD Productions),910,50542.21,1100.0,0.82,55.51,55.51,55.54,Theater ,910,50542.21,"3Olympia Theatre, Dublin, Ireland"
4/2/2026,1,Sticky Fingers ,"Live Nation, Seattle Theatre Group",1461,66764.0,2927.0,0.49,39.5,45.0,45.7,Theater ,1461,66764.0,"Paramount Theatre, Seattle, United States"
4/2/2026,1,Gorillaz,Live Nation / Gaiety Investments (MCD Productions),12925,1414103.83,13305.0,0.97,109.4,109.4,109.41,Arena,12925,1414103.83,"3Arena, Dublin, Ireland"
4/2/2026,1,Cardi B,Live Nation,13043,2114596.0,13043.0,1.0,59.5,299.5,162.12,Arena,13043,2114596.0,"TD Garden, Boston, United States"
4/2/2026,2,Lady Gaga,Live Nation,14473,2816085.92,14473.0,1.0,43.85,270.31,194.58,Arena,28946,5632171.84,"Bell Centre, Montreal, Canada"
4/2/2026,1,Bailey Zimmerman,Live Nation,10723,796143.25,10723.0,1.0,35.75,106.75,74.25,Arena,10723,796143.25,"Dickies Arena, Fort Worth, United States"
4/3/2026,1,Chewie,Live Nation / Gaiety Investments (MCD Productions),379,12635.87,450.0,0.84,33.34,33.34,33.34,Club,379,12635.87,"Whelans, Dublin, Ireland"
4/3/2026,1,ALKY,Live Nation / Gaiety Investments (MCD Productions),90,1225.16,100.0,0.9,13.61,13.61,13.61,Club,90,1225.16,"Upstairs At Whelans, Dublin, Ireland"
4/3/2026,4,Kyla Cobbler,Live Nation / Gaiety Investments (MCD Productions),340,15370.24,350.0,0.97,45.11,45.11,45.11,Other,1363,61480.97,"Town Hall Theatre, Galway, Ireland"
4/3/2026,1,The Wran,Live Nation / Gaiety Investments (MCD Productions),264,4857.72,300.0,0.88,18.46,18.46,18.4,Club,264,4857.72,"The Grand Social, Dublin, Ireland"
4/3/2026,1,God Is An Astronaut,Live Nation / Gaiety Investments (MCD Productions),503,19265.23,600.0,0.83,38.3,38.3,38.3,Theater ,503,19265.23,"The Academy, Dublin, Ireland"
4/3/2026,1,Stavros Halkias,"(In-House Promotion), Live Nation",1576,73420.5,1903.0,0.82,35.0,59.5,46.59,Theater ,1576,73420.5,"Florida Theatre, Jacksonville, United States"
4/3/2026,2,TWICE,Live Nation,14655,2002366.5,15248.0,0.96,52.5,222.5,136.63,Arena,29310,4004733.0,"TD Garden, Boston, United States"
4/3/2026,1,Bruce Springsteen &amp; The E Street Band,Live Nation,17895,4041088.0,17895.0,1.0,60.0,399.0,225.82,Arena,17895,4041088.0,"Moda Center, Portland, United States"
4/3/2026,1,Sticky Fingers ,Live Nation,3950,90228.08,3950.0,1.0,22.98,22.98,22.84,Arena,3950,90228.08,"PNE Forum, Vancouver, Canada"
4/3/2026,1,Devo,"Hard Rock International (HRI), Live Nation",2001,153977.0,2145.0,0.93,39.5,159.5,76.95,Club,2001,153977.0,"Hard Rock Live Sacramento, Wheatland, United States"
4/3/2026,1,ILLENIUM,Live Nation,16473,2418818.83,16473.0,1.0,56.25,298.0,146.84,Arena,16473,2418818.83,"Sphere, Las Vegas, United States"
4/3/2026,2,Morgan Jay,Live Nation,1724,79698.0,1994.0,0.86,15.0,109.0,46.23,Theater ,3448,159396.0,"Velma V. Morrison Center for the Performing Arts, Boise, United States"
4/3/2026,3,The xx,OCESA,7968,584137.97,8000.0,0.99,61.59,111.99,73.31,Theater ,23905,1752413.91,"Pepsi Center Mexico, Mexico City, Mexico"
4/3/2026,1,Drake Milligan,"Live Nation, Marathon Live",164,3565.0,550.0,0.29,21.0,36.0,21.74,Club,164,3565.0,"The Signal, Chattanooga, United States"
4/3/2026,1,Peso Pluma,Live Nation,14476,1986739.9,14476.0,1.0,39.5,249.5,137.24,Arena,14476,1986739.9,"Frost Bank Center, San Antonio, United States"
4/3/2026,1,Palomazo Norteño,Live Nation,6135,777972.5,7832.0,0.78,69.5,349.0,126.81,Arena,6135,777972.5,"Toyota Arena, Ontario, United States"
4/3/2026,1,Rosalía,Live Nation,15922,2971050.15,15922.0,1.0,72.1,150.55,186.6,Arena,15922,2971050.15,"Movistar Arena, Madrid, Spain"
4/3/2026,1,I See Stars,Live Nation,565,12925.0,950.0,0.59,25.0,30.0,22.88,Club,565,12925.0,"Deluxe, Indianapolis, United States"
4/3/2026,1,Cardi B,Live Nation,10723,1572099.0,10723.0,1.0,59.5,299.5,146.61,Arena,10723,1572099.0,"PeoplesBank Arena, Hartford, United States"
4/3/2026,1,Bailey Zimmerman,Live Nation,6762,430948.5,6762.0,1.0,24.25,84.25,63.73,Arena,6762,430948.5,"Raising Cane's River Center Arena, Baton Rouge, United States"
4/3/2026,1,BOYZLIFE feat. Brian McFadden and Keith Duffy,Live Nation / Gaiety Investments (MCD Productions),1278,65065.65,1476.0,0.86,50.88,50.88,50.91,Theater ,1278,65065.65,"3Olympia Theatre, Dublin, Ireland"
4/4/2026,1,The Survivalist,Live Nation / Gaiety Investments (MCD Productions),43,990.76,50.0,0.86,23.04,23.04,23.04,Other,43,990.76,"The Sound House, Dublin, Ireland"
4/4/2026,1,Jiaoying Summers,Live Nation / Gaiety Investments (MCD Productions),387,14851.42,420.0,0.92,38.36,38.36,38.38,Theater ,387,14851.42,"Ambassador Theatre, Dublin, Ireland"
4/4/2026,1,FKA Twigs,Live Nation,3203,174682.75,4160.0,0.76,34.5,64.5,54.54,Arena,3203,174682.75,"Moda Center, Portland, United States"
4/4/2026,1,Rise Against,"Hard Rock International (HRI), Live Nation",2209,124188.0,2415.0,0.91,45.0,65.0,56.22,Club,2209,124188.0,"Hard Rock Live Sacramento, Wheatland, United States"
4/4/2026,1,Sticky Fingers ,Live Nation,1308,51666.0,1500.0,0.87,39.5,39.5,39.5,Club,1308,51666.0,"McMenamins Crystal Ballroom, Portland, United States"
4/4/2026,1,Slacker University,"Live Nation, NS2",749,18470.0,749.0,1.0,15.0,30.0,24.66,Club,749,18470.0,"Music Farm, Charleston, United States"
4/4/2026,1,ILLENIUM,Live Nation,16400,2697251.0,16400.0,1.0,56.25,298.0,164.47,Arena,16400,2697251.0,"Sphere, Las Vegas, United States"
4/4/2026,1,Chris Tucker,Live Nation,2735,268037.0,2900.0,0.94,59.0,179.0,98.0,Theater ,2735,268037.0,"The Theater at MGM National Harbor, Oxon Hill, United States"
4/4/2026,1,Rosalía,Live Nation,15922,2966970.3,15922.0,1.0,72.0,150.34,186.34,Arena,15922,2966970.3,"Movistar Arena, Madrid, Spain"
4/4/2026,1,Goo Goo Dolls,Live Nation,5567,378613.38,5693.0,0.97,39.43,92.49,68.01,Arena,5567,378613.38,"Canada Life Place, London, Canada"
4/4/2026,1,"""Vive Chihuahua Fest"", Lamb of God",Live Nation,4739,326645.5,5622.0,0.84,49.5,79.5,68.93,Theater ,4739,326645.5,"YouTube Theater, Inglewood, United States"
4/4/2026,1,George Thorogood &amp; The Destroyers,"Hard Rock International (HRI), Live Nation",1809,119676.65,1826.0,0.99,43.74,90.34,66.16,Theater ,1809,119676.65,"Hard Rock LIVE, Ottawa, Canada"
4/4/2026,1,I See Stars,Live Nation,1000,25195.0,1000.0,1.0,25.0,30.0,25.2,Club,1000,25195.0,"St. Andrews Hall, Detroit, United States"
4/4/2026,1,Alex Warren,Live Nation,12662,975243.09,12830.0,0.98,51.84,69.12,77.02,Arena,12662,975243.09,"PSD Bank Dome, Dusseldorf, Germany"
4/4/2026,1,Cardi B,Live Nation,11743,2041833.0,11743.0,1.0,59.5,299.5,173.88,Arena,11743,2041833.0,"CFG Bank Arena, Baltimore, United States"
4/4/2026,1,Bailey Zimmerman,Live Nation,7052,450044.2,7052.0,1.0,25.75,85.75,63.82,Arena,7052,450044.2,"Hilliard Center, Corpus Christi, United States"
4/4/2026,1,Zara Larsson,"Live Nation, Marathon Live",1740,71930.0,1800.0,0.96,39.5,79.5,41.34,Club,1740,71930.0,"Marathon Music Works, Nashville, United States"
4/4/2026,1,Belle and Sebastian,Live Nation / Gaiety Investments (MCD Productions),1596,85488.67,1661.0,0.96,53.57,53.57,53.56,Theater ,1596,85488.67,"3Olympia Theatre, Dublin, Ireland"
4/4/2026,1,Puscifer,Live Nation,2934,197579.8,3484.0,0.84,39.5,99.5,67.34,Theater ,2934,197579.8,"Wang Theatre - Boch Center, Boston, United States"
4/5/2026,1,CupcakKe,"(In-House Promotion), Live Nation, NS2",675,18562.5,675.0,1.0,27.5,30.0,27.5,Club,675,18562.5,"Music Farm, Charleston, United States"
4/5/2026,1,ZHU,Live Nation,1116,55402.24,1116.0,1.0,49.43,58.6,49.64,Club,1116,55402.24,"170 Russell, Melbourne, Australia"
4/5/2026,1,Peso Pluma,Live Nation,7485,912793.6,7485.0,1.0,59.5,249.5,121.95,Arena,7485,912793.6,"Sames Auto Arena, Laredo, United States"
4/5/2026,1,Belle and Sebastian,Live Nation / Gaiety Investments (MCD Productions),1597,85539.59,1661.0,0.96,53.57,53.57,53.56,Theater ,1597,85539.59,"3Olympia Theatre, Dublin, Ireland"
4/5/2026,1,Kyla Cobbler,Live Nation / Gaiety Investments (MCD Productions),961,37143.87,962.0,0.99,38.71,38.71,38.65,Arena,961,37143.87,"Gleneagle Arena, Killarney, Ireland"
4/6/2026,1,Leigh-Anne,Live Nation / Gaiety Investments (MCD Productions),606,21649.26,750.0,0.8,35.71,35.71,35.72,Theater ,606,21649.26,"The Academy, Dublin, Ireland"
4/6/2026,7,"""The Lion King""",OCESA,426,34024.61,1400.0,0.3,56.04,280.18,79.84,Theater ,2983,238172.27,"Teatro Telcel, Mexico City, Mexico"
4/6/2026,7,"""The Phantom Of The Opera""",OCESA,340,32311.47,1400.0,0.24,44.83,224.14,95.03,Theater ,2380,226180.29,"Teatro de los Insurgentes, Mexico City, Mexico"
4/6/2026,1,The 2 Johnnies,Live Nation / Gaiety Investments (MCD Productions),8658,448974.0,8955.0,0.96,51.84,51.84,51.86,Arena,8658,448974.0,"3Arena, Dublin, Ireland"
4/6/2026,1,The Neighbourhood,Live Nation,14484,1002711.07,14484.0,1.0,28.34,121.6,69.23,Arena,14484,1002711.07,"Scotiabank Arena, Toronto, Canada"
4/6/2026,2,"""The Last Five Years""",Live Nation,5831,634217.93,5832.0,0.99,49.5,199.5,108.76,Theater ,11663,1268435.85,"Radio City Music Hall, New York, United States"
4/6/2026,1,Matt Rife,Live Nation,3770,291595.4,3770.0,1.0,57.97,98.65,77.35,Theater ,3770,291595.4,"Sala Palatului, Bucharest, Romania"
4/6/2026,1,Sticky Fingers ,Live Nation,2112,91464.0,2522.0,0.83,43.0,43.0,43.31,Theater ,2112,91464.0,"The Masonic, San Francisco, United States"
4/6/2026,2,Alex Warren,Live Nation,16623,699653.62,16655.0,0.99,57.6,80.63,42.09,Arena,33247,1399307.23,"Ziggo Dome, Amsterdam, Netherlands"
4/7/2026,1,Cardi B,Live Nation,14383,2295689.0,14383.0,1.0,59.5,299.5,159.61,Arena,14383,2295689.0,"Xfinity Mobile Arena, Philadelphia, United States"
4/7/2026,2,Bruce Springsteen &amp; The E Street Band,Live Nation,15521,3829829.5,15521.0,1.0,60.0,399.0,246.74,Arena,31043,7659659.0,"Kia Forum, Inglewood, United States"
4/7/2026,1,Peso Pluma,Live Nation,11933,1464965.89,11933.0,1.0,59.5,249.5,122.77,Arena,11933,1464965.89,"Moody Center, Austin, United States"
4/7/2026,1,The Guest List,Live Nation / Gaiety Investments (MCD Productions),216,4347.61,220.0,0.98,20.19,20.19,20.13,Club,216,4347.61,"The Academy 2, Dublin, Ireland"
4/7/2026,1,Santana,Live Nation,4538,486124.75,4538.0,1.0,54.0,154.0,107.12,Amphitheatre,4538,486124.75,"The St. Augustine Amphitheatre, Saint Augustine, United States"
4/7/2026,1,Mike Joyce,Live Nation / Gaiety Investments (MCD Productions),153,4764.93,160.0,0.95,31.14,31.14,31.14,Club,153,4764.93,"Sugar Club, Dublin, Ireland"
4/7/2026,1,J.I.D.,Live Nation / Gaiety Investments (MCD Productions),1605,77474.85,1661.0,0.96,48.21,48.21,48.27,Theater ,1605,77474.85,"3Olympia Theatre, Dublin, Ireland"
4/7/2026,1,Francis Rossi,Live Nation / Gaiety Investments (MCD Productions),586,43897.18,610.0,0.96,74.86,74.86,74.91,Theater ,586,43897.18,"Ambassador Theatre, Dublin, Ireland"
4/8/2026,1,Kyla Cobbler,Live Nation / Gaiety Investments (MCD Productions),200,7831.32,200.0,1.0,39.21,39.21,39.16,Theater ,200,7831.32,"University Concert Hall, Limerick, Ireland"
4/8/2026,1,Freely Fest,Live Nation,8325,741198.85,9749.0,0.85,55.27,184.26,89.03,Arena,8325,741198.85,"Bridgestone Arena, Nashville, United States"
4/8/2026,1,The Neighbourhood,Live Nation,13146,1355270.0,13281.0,0.98,32.5,142.5,103.09,Arena,13146,1355270.0,"TD Garden, Boston, United States"
4/8/2026,1,Mariah The Scientist,Live Nation,3060,144228.0,3060.0,1.0,38.0,125.0,47.13,Other,3060,144228.0,"Avondale Brewing Company, Birmingham, United States"
4/8/2026,1,Jackson Wang,Live Nation,5059,633336.0,5059.0,1.0,59.5,199.5,125.19,Arena,5059,633336.0,"Allstate Arena, Rosemont, United States"
4/8/2026,1,mgk,Live Nation,5795,741364.76,9359.0,0.61,81.11,145.85,127.93,Arena,5795,741364.76,"RAC Arena, Perth, Australia"
4/8/2026,1,Florence Black,Live Nation / Gaiety Investments (MCD Productions),75,2450.93,85.0,0.88,32.68,32.68,32.68,Club,75,2450.93,"Whelans, Dublin, Ireland"
4/8/2026,1,Aries,Live Nation / Gaiety Investments (MCD Productions),376,11190.27,450.0,0.83,29.76,29.76,29.76,Theater ,376,11190.27,"The Academy, Dublin, Ireland"
4/8/2026,1,5 Seconds Of Summer,Live Nation,9485,629798.01,9922.0,0.95,64.77,105.86,66.4,Arena,9485,629798.01,"Accor Arena, Paris, France"
4/8/2026,1,Cardi B,Live Nation,13603,2228447.0,13603.0,1.0,59.5,299.5,163.82,Arena,13603,2228447.0,"Capital One Arena, Washington, United States"
4/9/2026,2,Kyla Cobbler,Live Nation / Gaiety Investments (MCD Productions),249,8683.07,250.0,0.99,34.87,34.87,34.87,Other,498,17366.14,"Set Theatre, Kilkenny, Ireland"
4/9/2026,1,DJ Sara Landry,OCESA,5811,365567.17,8000.0,0.72,24.92,123.18,62.91,Theater ,5811,365567.17,"Pepsi Center Mexico, Mexico City, Mexico"
4/9/2026,1,The Man In Black: A Tribute to Johnny Cash,Live Nation,532,16383.6,944.0,0.56,26.0,66.0,30.8,Theater ,532,16383.6,"Lexington Opera House, Lexington, United States"
4/9/2026,1,HARDY,Live Nation,8272,637564.12,9814.0,0.84,25.75,165.75,77.07,Arena,8272,637564.12,"Thompson-Boling Arena at Food City Center, Knoxville, United States"
4/9/2026,1,Ole 60,Live Nation,3050,107960.0,3050.0,1.0,33.0,53.0,35.4,Other,3050,107960.0,"Avondale Brewing Company, Birmingham, United States"
4/9/2026,1,"""Dancing With The Stars Live""","Live Nation, NS2",6048,495346.0,6048.0,1.0,59.5,129.5,81.9,Theater ,6048,495346.0,"Smart Financial Centre at Sugar Land, Sugar Land, United States"
4/9/2026,1,Avery Anna,"Live Nation, Marathon Live",485,12255.0,1300.0,0.37,12.5,45.0,25.27,Club,485,12255.0,"The Hall, Little Rock, United States"
4/9/2026,1,Michael McGovern,Live Nation / Gaiety Investments (MCD Productions),300,8047.33,300.0,1.0,26.82,26.82,26.82,Club,300,8047.33,"The Grand Social, Dublin, Ireland"
4/9/2026,1,Bic Runga,Live Nation,827,35024.12,1360.0,0.6,42.33,56.25,42.35,Club,827,35024.12,"Northcote Theatre, Northcote, Australia"
4/9/2026,1,Nmixx,Live Nation,5731,580042.5,5737.0,0.99,69.5,159.5,101.21,Theater ,5731,580042.5,"YouTube Theater, Inglewood, United States"
4/9/2026,1,Alex Warren,Live Nation,14967,1148663.08,15147.0,0.98,61.81,99.13,76.75,Arena,14967,1148663.08,"Accor Arena, Paris, France"
4/9/2026,1,The Bros. Landreth,Live Nation / Gaiety Investments (MCD Productions),135,3589.81,160.0,0.84,26.59,26.59,26.59,Club,135,3589.81,"Whelans, Dublin, Ireland"
4/9/2026,2,Lady Gaga,Live Nation,14955,3514477.0,14955.0,1.0,61.0,376.0,235.0,Arena,29910,7028954.0,"Grand Casino Arena, Saint Paul, United States"
4/9/2026,1,Jason Byrne,Live Nation / Gaiety Investments (MCD Productions),1192,57854.49,1298.0,0.91,48.52,48.52,48.54,Theater ,1192,57854.49,"3Olympia Theatre, Dublin, Ireland"
4/9/2026,1,Full Of Hell,Live Nation / Gaiety Investments (MCD Productions),184,7221.14,220.0,0.83,39.3,39.3,39.25,Club,184,7221.14,"Opium Live, Dublin, Ireland"
4/9/2026,1,Garth Marenghi,Live Nation / Gaiety Investments (MCD Productions),131,5446.53,131.0,1.0,41.64,41.64,41.58,Theater ,131,5446.53,"Cork Opera House, Cork, Ireland"
4/9/2026,2,Matt Mathews,Live Nation,1473,82068.46,1499.0,0.98,39.5,69.5,55.72,Theater ,2946,164136.91,"Boch Center - Shubert Theatre, Boston, United States"
4/10/2026,1,"""Trinity College Ball""",Live Nation / Gaiety Investments (MCD Productions),7254,814033.23,7254.0,1.0,112.16,112.16,112.22,Theater ,7254,814033.23,"Trinity College, Dublin, Ireland"
4/10/2026,1,Francis Rossi,Live Nation / Gaiety Investments (MCD Productions),101,11274.07,120.0,0.84,111.58,111.58,111.62,Other,101,11274.07,"Theatre Royal, Waterford, Ireland"
4/10/2026,3,Dominguinho,Live Nation / Gaiety Investments (MCD Productions),815,42132.07,850.0,0.95,51.7,51.7,51.7,Theater ,2445,126396.2,"The Academy, Dublin, Ireland"
4/10/2026,1,Nach,OCESA,2037,102009.68,2797.0,0.72,25.03,170.27,50.08,Theater ,2037,102009.68,"Royal Center, Bogota, Colombia"
4/10/2026,7,"""The Lion King""",OCESA,433,35555.2,1400.0,0.3,57.56,287.82,82.01,Theater ,3035,248886.41,"Teatro Telcel, Mexico City, Mexico"
4/10/2026,7,"""The Phantom Of The Opera""",OCESA,346,33807.38,1400.0,0.24,46.05,230.26,97.63,Theater ,2424,236651.69,"Teatro de los Insurgentes, Mexico City, Mexico"
4/10/2026,2,Australia's Thunder From Down Under,Live Nation / Gaiety Investments (MCD Productions),550,31216.95,623.0,0.88,56.61,56.61,56.71,Theater ,1101,62433.89,"Ambassador Theatre, Dublin, Ireland"
4/10/2026,1,No Te Va Gustar,"OCESA, Páramo Presenta",1269,72998.4,1728.0,0.73,35.53,76.83,57.52,Theater ,1269,72998.4,"Teatro Universidad, Medellin, Colombia"
4/10/2026,1,"""Not Another D&amp;D Podcast""",Live Nation,5523,317049.5,5523.0,1.0,39.5,129.5,57.41,Theater ,5523,317049.5,"Radio City Music Hall, New York, United States"
4/10/2026,1,Jackson Wang,Live Nation,10344,1481898.0,10344.0,1.0,22.45,193.5,143.26,Arena,10344,1481898.0,"Barclays Center, Brooklyn, United States"
4/10/2026,1,Crudo Means Raw,"OCESA, Páramo Presenta, Promotora Colombia",5419,269529.0,5525.0,0.98,48.0,206.0,49.74,Arena,5419,269529.0,"Movistar Arena, Bogota, Colombia"
4/10/2026,1,Chelsea Handler,Live Nation,3551,224394.7,3551.0,1.0,35.0,125.0,63.19,Theater ,3551,224394.7,"Chicago Theatre, Chicago, United States"
4/10/2026,1,Hasan Minhaj,"(In-House Promotion), Live Nation",1773,101688.0,2022.0,0.87,30.5,145.5,57.35,Theater ,1773,101688.0,"Kodak Center, Rochester, United States"
4/10/2026,1,HARDY,Live Nation,7162,511185.56,8362.0,0.85,25.75,165.75,71.37,Arena,7162,511185.56,"Cadence Bank Arena, Tupelo, United States"
4/10/2026,1,Max McNown,Live Nation,1697,70833.23,3000.0,0.56,17.75,57.5,41.74,Other,1697,70833.23,"Avondale Brewing Company, Birmingham, United States"
4/10/2026,1,Eagles,Live Nation,16181,4944137.0,16181.0,1.0,120.0,311.0,305.55,Arena,16181,4944137.0,"Sphere, Las Vegas, United States"
4/10/2026,1,"""United We Dance: The Ultimate Rave Experience""","Live Nation, NS2",354,7420.0,675.0,0.52,18.0,30.0,20.96,Club,354,7420.0,"Music Farm, Charleston, United States"
4/10/2026,1,"""Dancing With The Stars Live""","Live Nation, NS2",6631,479704.0,6631.0,1.0,39.5,129.5,72.34,Theater ,6631,479704.0,"The Pavilion at Toyota Music Factory, Irving, United States"
4/10/2026,1,Florence + The Machine,Live Nation,12264,1210795.5,12264.0,1.0,39.5,155.0,98.73,Arena,12264,1210795.5,"Allstate Arena, Rosemont, United States"
4/10/2026,1,Chris Tucker,"Hard Rock International (HRI), Live Nation",2236,167389.5,2236.0,1.0,45.0,129.5,74.86,Club,2236,167389.5,"Hard Rock Live Sacramento, Wheatland, United States"
4/10/2026,1,hannah bahng,Live Nation / Gaiety Investments (MCD Productions),426,35770.68,450.0,0.94,83.98,83.98,83.97,Club,426,35770.68,"The Green Room, Dublin, Ireland"
4/10/2026,1,Rianne Downey,Live Nation / Gaiety Investments (MCD Productions),99,2767.36,120.0,0.82,27.95,27.95,27.95,Club,99,2767.36,"Whelans, Dublin, Ireland"
4/10/2026,2,Peso Pluma,Live Nation,18829,1576282.28,19327.0,0.97,49.5,249.5,83.72,Amphitheatre,37658,3152564.55,"Dos Equis Pavilion, Dallas, United States"
4/10/2026,1,Grupo Bryndis,Live Nation,2462,195959.5,2709.0,0.9,39.5,159.5,79.59,Theater ,2462,195959.5,"YouTube Theater, Inglewood, United States"
4/10/2026,1,MercyMe,Live Nation,7387,338361.85,7962.0,0.92,25.0,89.0,45.81,Arena,7387,338361.85,"Desert Diamond Arena, Glendale, United States"
4/10/2026,1,Alex Warren,Live Nation,10440,887427.9,10440.0,1.0,58.48,93.57,85.0,Arena,10440,887427.9,"Festhalle - Messe Frankfurt, Frankfurt, Germany"
4/10/2026,1,Garth Marenghi,Live Nation / Gaiety Investments (MCD Productions),908,36811.96,1100.0,0.82,40.58,40.58,40.54,Theater ,908,36811.96,"3Olympia Theatre, Dublin, Ireland"
4/11/2026,1,Blackbraid,Live Nation / Gaiety Investments (MCD Productions),334,13184.02,420.0,0.79,39.53,39.53,39.47,Club,334,13184.02,"Opium Live, Dublin, Ireland"
4/11/2026,1,Nach,OCESA,337,18031.88,365.0,0.92,25.93,176.38,53.51,Stadium,337,18031.88,"Arena Cañaveralejo, Cali, Colombia"
4/11/2026,1,ALLT,"Live Nation, Marathon Live",265,4803.5,1550.0,0.17,17.5,37.0,18.13,Club,265,4803.5,"The Signal, Chattanooga, United States"
4/11/2026,1,Slipknowt,Live Nation / Gaiety Investments (MCD Productions),230,5396.03,230.0,1.0,23.46,23.46,23.46,Club,230,5396.03,"The Academy 2, Dublin, Ireland"
4/11/2026,1,"""Party 101""",OCESA,2215,395563.0,8000.0,0.27,25.72,68.78,178.58,Theater ,2215,395563.0,"Pepsi Center Mexico, Mexico City, Mexico"
4/11/2026,1,Garth Marenghi,Live Nation / Gaiety Investments (MCD Productions),579,24703.0,930.0,0.62,37.01,43.06,42.66,Theater ,579,24703.0,"Ulster Hall, Belfast, United Kingdom"
4/11/2026,1,Bailey Zimmerman,Live Nation,8212,632977.0,8212.0,1.0,24.75,84.75,77.08,Arena,8212,632977.0,"Petersen Events Center, Pittsburgh, United States"
4/11/2026,1,No Te Va Gustar,"OCESA, Páramo Presenta, Promotora Colombia",3182,207773.0,3364.0,0.94,58.0,141.0,65.3,Arena,3182,207773.0,"Movistar Arena, Bogota, Colombia"
4/11/2026,1,Eagles,Live Nation,16330,5061660.3,16330.0,1.0,120.0,311.0,309.96,Arena,16330,5061660.3,"Sphere, Las Vegas, United States"
4/11/2026,1,"""Dancing With The Stars Live""","Live Nation, NS2",3571,342200.5,3571.0,1.0,59.5,129.5,95.83,Arena,3571,342200.5,"INTRUST Bank Arena, Wichita, United States"
4/11/2026,1,Florence + The Machine,Live Nation,12663,1258650.5,12663.0,1.0,39.5,155.0,99.4,Arena,12663,1258650.5,"Allstate Arena, Rosemont, United States"
4/11/2026,1,"""VACAFEST""",Live Nation,5892,503462.0,7263.0,0.81,33.5,103.5,85.45,Arena,5892,503462.0,"Toyota Arena, Ontario, United States"
4/11/2026,1,Tom Papa,"Bill Blumenreich Presents, Live Nation",438,26944.61,1001.0,0.43,34.0,85.0,61.52,Theater ,438,26944.61,"The Palazzo Theatre, Las Vegas, United States"
4/11/2026,1,Matt Rife,Live Nation,13821,1095469.98,15533.0,0.88,33.64,114.38,79.26,Arena,13821,1095469.98,"The O2 - London, London, United Kingdom"
4/11/2026,1,Mt. Joy,Live Nation,4189,279878.84,4548.0,0.92,38.0,95.5,66.81,Amphitheatre,4189,279878.84,"The St. Augustine Amphitheatre, Saint Augustine, United States"
4/11/2026,1,Cardi B,Live Nation,13426,2272333.0,13426.0,1.0,59.5,299.5,169.25,Arena,13426,2272333.0,"Lenovo Center, Raleigh, United States"
4/11/2026,2,Kyla Cobbler,Live Nation / Gaiety Investments (MCD Productions),1242,61096.52,1298.0,0.95,49.15,49.15,49.17,Theater ,2485,122193.04,"3Olympia Theatre, Dublin, Ireland"
4/12/2026,2,"""31 Minutos""",OCESA,9367,480739.78,9564.0,0.97,26.01,132.94,51.32,Theater ,18735,961479.55,"Auditorio Nacional, Mexico City, Mexico"
4/12/2026,1,Nasser Al-Rayess,Live Nation / Gaiety Investments (MCD Productions),150,4045.64,150.0,1.0,26.97,26.97,26.97,Club,150,4045.64,"Sugar Club, Dublin, Ireland"
4/12/2026,1,Roxette,Live Nation,2503,189550.87,3636.0,0.68,18.55,29.25,75.73,Theater ,2503,189550.87,"Vivo Rio, Rio De Janeiro, Brazil"
4/12/2026,1,Raye,"(In-House Promotion), evenko, Live Nation",8124,472358.18,8124.0,1.0,35.76,90.3,58.14,Arena,8124,472358.18,"Place Bell, Laval, Canada"
4/12/2026,1,Raf-Saperra,"Live Nation, Union Stage Presents",777,31715.0,1200.0,0.64,35.0,55.0,40.82,Club,777,31715.0,"The Howard Theatre, Washington, United States"
4/12/2026,1,José María Napoleón,"Hard Rock International (HRI), Live Nation",2157,154593.5,2207.0,0.97,39.5,149.5,71.67,Club,2157,154593.5,"Hard Rock Live Sacramento, Wheatland, United States"
4/12/2026,1,"""Out With The Buckleys""","Cuffe &amp; Taylor, Live Nation",1229,58969.91,1700.0,0.72,33.64,50.46,47.98,Theater ,1229,58969.91,"Sheffield City Hall, Sheffield, United Kingdom"
4/12/2026,1,"""Dancing With The Stars Live""","Live Nation, NS2",3757,357661.5,3757.0,1.0,59.5,129.5,95.2,Theater ,3757,357661.5,"Bellco Theatre, Denver, United States"
4/12/2026,1,PRESIDENT,Live Nation / Gaiety Investments (MCD Productions),846,26289.65,850.0,0.99,31.08,31.08,31.08,Theater ,846,26289.65,"The Academy, Dublin, Ireland"
4/12/2026,1,Ari Lennox,Live Nation,1453,60437.0,1701.0,0.85,35.5,51.0,41.59,Theater ,1453,60437.0,"Moore Theatre, Seattle, United States"
4/12/2026,1,Peso Pluma,Live Nation,10557,835986.3,10557.0,1.0,49.5,249.5,79.19,Amphitheatre,10557,835986.3,"Walmart AMP, Rogers, United States"
4/12/2026,1,Cardi B,Live Nation,14404,2088523.0,14404.0,1.0,59.5,299.5,145.0,Arena,14404,2088523.0,"Spectrum Center, Charlotte, United States"
4/12/2026,1,"Steve Martin, Martin Short",Live Nation,2718,383698.0,2718.0,1.0,71.0,295.0,141.17,Theater ,2718,383698.0,"BJCC Concert Hall, Birmingham, United States"
4/13/2026,1,Kamala Harris,Live Nation,1982,133420.9,2392.0,0.82,40.5,155.5,67.32,Theater ,1982,133420.9,"Steven Tanger Center for the Performing Arts, Greensboro, United States"
4/13/2026,1,5 Seconds Of Summer,Live Nation,8183,535666.49,8470.0,0.96,75.5,109.11,65.46,Arena,8183,535666.49,"Lanxess Arena, Cologne, Germany"
4/13/2026,1,Bruce Springsteen &amp; The E Street Band,Live Nation,16443,4175979.0,16443.0,1.0,60.0,399.0,253.97,Arena,16443,4175979.0,"Chase Center, San Francisco, United States"
4/13/2026,1,Matt Rife,Live Nation,12902,1203307.96,12902.0,1.0,64.28,140.26,93.27,Arena,12902,1203307.96,"Ziggo Dome, Amsterdam, Netherlands"
4/13/2026,1,Alex Warren,Live Nation,13427,1024230.39,13427.0,1.0,46.75,93.5,76.28,Arena,13427,1024230.39,"Uber Arena, Berlin, Germany"
4/13/2026,1,Lady Gaga,Live Nation,13690,4400234.0,13690.0,1.0,61.0,376.0,321.42,Arena,13690,4400234.0,"Madison Square Garden, New York, United States"
4/13/2026,1,"""Murder Trial Tonight""",Live Nation / Gaiety Investments (MCD Productions),967,59376.63,1150.0,0.84,61.36,61.36,61.4,Theater ,967,59376.63,"3Olympia Theatre, Dublin, Ireland"
4/13/2026,1,Rick Astley,Live Nation / Gaiety Investments (MCD Productions),3565,275392.4,4000.0,0.89,77.21,77.21,77.25,Arena,3565,275392.4,"The SSE Arena, Belfast, Belfast, United Kingdom"
4/13/2026,1,Francis Rossi,Live Nation / Gaiety Investments (MCD Productions),271,18790.02,320.0,0.84,69.31,69.31,69.34,Arena,271,18790.02,"Gleneagle Arena, Killarney, Ireland"
4/14/2026,1,Niamh McCrystal,Live Nation / Gaiety Investments (MCD Productions),44,975.99,50.0,0.88,22.24,22.24,22.18,Club,44,975.99,"Upstairs At Whelans, Dublin, Ireland"
4/14/2026,7,"""The Lion King""",OCESA,440,36298.66,1400.0,0.31,57.79,288.94,82.34,Theater ,3086,254090.6,"Teatro Telcel, Mexico City, Mexico"
4/14/2026,7,"""The Phantom Of The Opera""",OCESA,352,34556.13,1400.0,0.25,46.23,231.15,98.01,Theater ,2468,241892.9,"Teatro de los Insurgentes, Mexico City, Mexico"
4/14/2026,1,Roxette,Live Nation,4919,393574.38,8498.0,0.57,16.91,28.3,80.01,Theater ,4919,393574.38,"Espaço Unimed, São Paulo, Brazil"
4/14/2026,1,Alfie Boe,"Live Nation, SJM Concerts",1654,144052.98,1857.0,0.89,50.69,94.62,87.09,Theater ,1654,144052.98,"The Caird Hall, Dundee, United Kingdom"
4/14/2026,1,The Neighbourhood,Live Nation,14138,1400035.0,14138.0,1.0,39.5,179.5,99.03,Arena,14138,1400035.0,"Madison Square Garden, New York, United States"
4/14/2026,1,Lily Allen,Live Nation,5901,587049.0,5901.0,1.0,49.5,149.5,99.48,Theater ,5901,587049.0,"Radio City Music Hall, New York, United States"
4/14/2026,1,Slomosa,Live Nation,285,7125.0,300.0,0.95,25.0,30.0,25.0,Theater ,285,7125.0,"McMenamins Mission Theater, Portland, United States"
4/14/2026,1,The Neighbourhood,Live Nation,14501,1629673.25,14501.0,1.0,39.5,179.5,112.38,Arena,14501,1629673.25,"Madison Square Garden, New York, United States"
4/14/2026,1,mgk,Live Nation,9268,1316861.8,9701.0,0.95,79.38,166.06,142.09,Arena,9268,1316861.8,"Qudos Bank Arena, Sydney, Australia"
4/14/2026,1,Manuel Mijares,OCESA,9244,779883.52,9564.0,0.96,20.23,234.04,84.37,Theater ,9244,779883.52,"Auditorio Nacional, Mexico City, Mexico"
4/14/2026,1,Lucy Darling,Live Nation / Gaiety Investments (MCD Productions),1268,77358.91,1538.0,0.82,60.96,60.96,61.01,Theater ,1268,77358.91,"3Olympia Theatre, Dublin, Ireland"
4/14/2026,1,Maggie Lindemann,Live Nation / Gaiety Investments (MCD Productions),466,25072.49,550.0,0.84,53.78,53.78,53.8,Theater ,466,25072.49,"The Academy, Dublin, Ireland"
4/14/2026,1,Cardi B,Live Nation,13233,1879800.0,13233.0,1.0,59.5,299.5,142.05,Arena,13233,1879800.0,"Amerant Bank Arena, Sunrise, United States"
4/14/2026,1,Rick Astley,Live Nation / Gaiety Investments (MCD Productions),5231,412946.92,6500.0,0.8,78.96,78.96,78.94,Arena,5231,412946.92,"3Arena, Dublin, Ireland"
4/14/2026,1,Francis Rossi,Live Nation / Gaiety Investments (MCD Productions),218,15162.74,250.0,0.87,69.55,69.55,69.55,Other,218,15162.74,"Leisureland, Galway, Ireland"
4/15/2026,1,Raphael,OCESA,8670,531055.61,8670.0,1.0,61.25,61.25,61.25,Theater ,8670,531055.61,"Auditorio Nacional, Mexico City, Mexico"
4/15/2026,1,Florence + The Machine,"(In-House Promotion), evenko, Live Nation",13520,1227586.89,13520.0,1.0,34.84,127.03,90.8,Arena,13520,1227586.89,"Bell Centre, Montreal, Canada"
4/15/2026,2,Raye,Live Nation,5953,530083.97,5954.0,0.99,50.5,150.5,89.04,Theater ,11907,1060167.94,"Radio City Music Hall, New York, United States"
4/15/2026,1,"""Dancing With The Stars Live""","Live Nation, NS2",4439,423432.0,4439.0,1.0,59.5,129.5,95.39,Theater ,4439,423432.0,"WAMU Theater, Seattle, United States"
4/15/2026,1,Bad Suns,"Live Nation, NS2",367,9662.0,675.0,0.54,26.0,30.0,26.33,Club,367,9662.0,"Music Farm, Charleston, United States"
4/15/2026,1,Jacob Alon,Live Nation / Gaiety Investments (MCD Productions),500,13555.04,550.0,0.9,27.11,27.11,27.11,Theater ,500,13555.04,"Button Factory, Dublin, Ireland"
4/15/2026,1,Peaches,Live Nation / Gaiety Investments (MCD Productions),552,23195.38,650.0,0.84,42.08,42.08,42.02,Theater ,552,23195.38,"The Academy, Dublin, Ireland"
4/15/2026,1,Rod Stewart,Live Nation,8278,959089.48,8278.0,1.0,21.75,403.5,115.86,Arena,8278,959089.48,"Thompson-Boling Arena at Food City Center, Knoxville, United States"
4/15/2026,1,John Mulaney,Live Nation,8870,903543.0,9041.0,0.98,69.5,139.5,101.87,Amphitheatre,8870,903543.0,"Red Rocks Amphitheatre, Morrison, United States"
4/15/2026,1,Louis Tomlinson,Live Nation,6684,368162.51,13364.0,0.5,47.15,73.08,55.08,Arena,6684,368162.51,"LDLC Arena, Decines-Charpieu, France"
4/15/2026,1,Henry Moodie,Live Nation / Gaiety Investments (MCD Productions),781,27305.86,950.0,0.82,35.01,35.01,34.96,Theater ,781,27305.86,"3Olympia Theatre, Dublin, Ireland"
4/15/2026,1,Alex Warren,Live Nation,14680,1001168.15,14680.0,1.0,64.05,78.88,68.2,Arena,14680,1001168.15,"Unity Arena, Fornebu, Norway"
4/15/2026,1,Oh Wonder,Live Nation,866,42733.0,1482.0,0.58,39.5,69.5,49.35,Theater ,866,42733.0,"Boch Center - Shubert Theatre, Boston, United States"
4/16/2026,1,Charles Wesley Godwin,"Live Nation, Marathon Live",1496,64810.0,1550.0,0.96,30.0,75.0,43.32,Club,1496,64810.0,"The Signal, Chattanooga, United States"
4/16/2026,1,Roxette,"DF Entertainment, Live Nation",10699,1038457.87,10717.0,0.99,0.04,0.09,97.06,Arena,10699,1038457.87,"Movistar Arena, Buenos Aires, Argentina"
4/16/2026,1,Alfie Boe,"Live Nation, SJM Concerts",1167,106279.74,1200.0,0.97,50.93,95.07,91.07,Theater ,1167,106279.74,"Music Hall, Aberdeen, United Kingdom"
4/16/2026,1,Riley Green,Live Nation,7836,615373.0,7979.0,0.98,36.75,116.75,78.53,Arena,7836,615373.0,"Landers Center, Southaven, United States"
4/16/2026,1,Depresión Sonora,"OCESA, Páramo Presenta",1200,43944.37,1200.0,1.0,30.5,58.47,36.62,Club,1200,43944.37,"The Bonfire, Bogota, Colombia"
4/16/2026,1,Bailey Zimmerman,Live Nation,7408,565128.0,7408.0,1.0,29.75,89.75,76.29,Arena,7408,565128.0,"Huntington Center, Toledo, United States"
4/16/2026,1,"""Dancing With The Stars Live""","Live Nation, NS2",3545,291192.5,3733.0,0.94,59.5,129.5,82.14,Arena,3545,291192.5,"Moda Center, Portland, United States"
4/16/2026,3,Phish,Live Nation,16539,3424711.11,16652.0,0.99,103.5,232.0,207.06,Arena,49618,10274133.33,"Sphere, Las Vegas, United States"
4/16/2026,1,Grupo Frontera,"OCESA, Páramo Presenta, Promotora Colombia",8847,673526.01,9208.0,0.96,65.0,196.0,76.13,Arena,8847,673526.01,"Movistar Arena, Bogota, Colombia"
4/16/2026,1,Bloodywood,Live Nation,999,29175.5,1500.0,0.66,29.5,29.5,29.2,Club,999,29175.5,"McMenamins Crystal Ballroom, Portland, United States"
4/16/2026,1,Lewis Capaldi,Live Nation,12194,1096023.0,12194.0,1.0,44.75,154.5,89.88,Arena,12194,1096023.0,"Madison Square Garden, New York, United States"
4/16/2026,1,David Michael Wyatt,"Live Nation, Union Stage Presents",377,15980.0,600.0,0.62,40.0,60.0,42.39,Club,377,15980.0,"The Howard Theatre, Washington, United States"
4/16/2026,1,Laura Ramoso,Live Nation / Gaiety Investments (MCD Productions),1228,46953.66,1298.0,0.94,38.27,38.27,38.24,Theater ,1228,46953.66,"3Olympia Theatre, Dublin, Ireland"
4/16/2026,1,Odeal,Live Nation,1120,57755.17,1120.0,1.0,51.57,51.57,51.57,Club,1120,57755.17,"170 Russell, Melbourne, Australia"
4/16/2026,1,Demi Lovato,Live Nation,6326,688127.9,13036.0,0.48,39.5,129.5,108.78,Arena,6326,688127.9,"Capital One Arena, Washington, United States"
4/16/2026,1,Ricardo O'Farrill,OCESA,9097,269988.45,9564.0,0.95,11.61,58.05,29.68,Theater ,9097,269988.45,"Auditorio Nacional, Mexico City, Mexico"
4/16/2026,1,Alex Warren,Live Nation,15523,1514735.09,15540.0,0.99,71.13,109.86,97.58,Arena,15523,1514735.09,"Royal Arena Copenhagen, Copenhagen, Denmark"
4/16/2026,1,mgk,Live Nation,9102,1302909.7,9102.0,1.0,80.59,315.77,143.15,Arena,9102,1302909.7,"Brisbane Entertainment Centre, Boondall, Australia"
4/16/2026,1,Francis Rossi,Live Nation / Gaiety Investments (MCD Productions),249,20841.57,270.0,0.92,83.66,83.66,83.7,Theater ,249,20841.57,"Ulster Hall, Belfast, United Kingdom"
4/16/2026,3,Peter Kay,Live Nation / Gaiety Investments (MCD Productions),8150,743157.14,8473.0,0.96,90.37,92.14,91.18,Arena,24450,2229471.41,"3Arena, Dublin, Ireland"
4/17/2026,1,Roger O'Sullivan,Live Nation / Gaiety Investments (MCD Productions),79,2690.25,100.0,0.79,34.05,34.05,34.05,Club,79,2690.25,"The Grand Social, Dublin, Ireland"
4/17/2026,1,Kenan Flannery,Live Nation / Gaiety Investments (MCD Productions),75,1325.62,75.0,1.0,17.67,17.67,17.67,Other,75,1325.62,"The Cobblestone, Dublin, Ireland"
4/17/2026,1,Alfie Boe,"Live Nation, SJM Concerts",1859,173769.47,1982.0,0.93,50.72,50.72,93.47,Theater ,1859,173769.47,"Glasgow Royal Concert Hall, Glasgow, United Kingdom"
4/17/2026,1,Kany García ,"OCESA, Rimas Entertainment",12729,1026105.26,12729.0,1.0,51.62,150.21,80.61,Arena,12729,1026105.26,"Palacio de los Deportes, Mexico City, Mexico"
4/17/2026,1,Riley Green,Live Nation,12804,963116.0,15087.0,0.84,19.75,127.75,75.22,Arena,12804,963116.0,"KFC Yum! Center, Louisville, United States"
4/17/2026,1,Depresión Sonora,"OCESA, Páramo Presenta",400,18981.25,500.0,0.8,41.17,49.46,47.45,Club,400,18981.25,"La Pascacia, Medellin, Colombia"
4/17/2026,1,He Is Legend,Live Nation,299,8300.0,325.0,0.92,28.0,32.0,27.76,Club,299,8300.0,"The Parish at House Of Blues, Anaheim, United States"
4/17/2026,1,Bailey Zimmerman,Live Nation,7550,570662.5,7550.0,1.0,26.75,106.75,75.58,Arena,7550,570662.5,"Resch Center, Green Bay, United States"
4/17/2026,1,Tedeschi Trucks Band,Live Nation,3448,262780.0,6300.0,0.54,45.0,150.0,76.21,Amphitheatre,3448,262780.0,"The Cynthia Woods Mitchell Pavilion, The Woodlands, United States"
4/17/2026,1,Hippie Sabotage,Live Nation,1116,37110.0,3000.0,0.37,15.0,45.0,33.25,Other,1116,37110.0,"Avondale Brewing Company, Birmingham, United States"
4/17/2026,1,"""Slacker University 2000's Dance Party""","Live Nation, Omaha Performing Arts",1404,29742.0,1688.0,0.83,10.0,30.0,21.18,Theater ,1404,29742.0,"Steelhouse Omaha, Omaha, United States"
4/17/2026,1,The Sheepdogs,Live Nation,1600,55811.05,1670.0,0.95,25.56,40.16,34.88,Theater ,1600,55811.05,"Burton Cummings Theatre, Winnipeg, Canada"
4/17/2026,1,TWICE,Live Nation,13362,2146167.0,13362.0,1.0,33.5,223.5,160.62,Arena,13362,2146167.0,"Moody Center, Austin, United States"
4/17/2026,1,Blessd,Live Nation,10727,879531.5,10727.0,1.0,30.85,123.5,81.99,Arena,10727,879531.5,"Barclays Center, Brooklyn, United States"
4/17/2026,1,Matt Rife,Live Nation,8479,938543.77,13000.0,0.65,74.04,163.4,110.69,Arena,8479,938543.77,"Hallenstadion Zurich, Zurich, Switzerland"
4/17/2026,1,The Runarounds,"Live Nation, NS2",650,22750.0,650.0,1.0,35.0,35.0,35.0,Club,650,22750.0,"Music Farm, Charleston, United States"
4/17/2026,1,Rawayana,"OCESA, Páramo Presenta, Promotora Colombia, Rimas Entertainment",12167,692940.01,12339.0,0.98,42.0,150.0,56.95,Arena,12167,692940.01,"Movistar Arena, Bogota, Colombia"
4/17/2026,1,Bloodywood,Live Nation,931,27464.5,999.0,0.93,29.5,29.5,29.5,Club,931,27464.5,"The Neptune, Seattle, United States"
4/17/2026,1,Rod Stewart,Live Nation,6644,932097.33,6644.0,1.0,59.5,399.5,140.29,Amphitheatre,6644,932097.33,"The Orion Amphitheater, Huntsville, United States"
4/17/2026,1,Better Joy,Live Nation / Gaiety Investments (MCD Productions),50,1028.09,50.0,1.0,20.62,20.62,20.56,Club,50,1028.09,"Upstairs At Whelans, Dublin, Ireland"
4/17/2026,1,Cooper Alan,Live Nation / Gaiety Investments (MCD Productions),797,28643.49,830.0,0.96,35.94,35.94,35.94,Theater ,797,28643.49,"The Academy, Dublin, Ireland"
4/17/2026,1,Stavros Halkias,"Live Nation, Professional Facilities Mgmt.",1887,87807.5,2011.0,0.93,34.5,54.5,46.53,Theater ,1887,87807.5,"The VETS, Providence, United States"
4/17/2026,2,Cardi B,Live Nation,11449,2445564.5,11494.0,0.99,59.5,299.5,213.61,Arena,22898,4891129.0,"State Farm Arena, Atlanta, United States"
4/17/2026,2,Shane Todd,Live Nation / Gaiety Investments (MCD Productions),1169,42738.76,1298.0,0.9,36.65,36.65,36.56,Theater ,2338,85477.52,"3Olympia Theatre, Dublin, Ireland"
4/17/2026,1,Francis Rossi,Live Nation / Gaiety Investments (MCD Productions),173,14898.71,220.0,0.78,86.16,86.16,86.12,Club,173,14898.71,"Millennium Forum, Londonderry, United Kingdom"
4/17/2026,1,Siddhartha,OCESA,9392,617151.42,9564.0,0.98,20.22,161.75,65.71,Theater ,9392,617151.42,"Auditorio Nacional, Mexico City, Mexico"
4/18/2026,1,Ed Bassmaster,Live Nation / Gaiety Investments (MCD Productions),40,821.81,50.0,0.8,20.6,20.6,20.55,Club,40,821.81,"Upstairs At Whelans, Dublin, Ireland"
4/18/2026,1,Sleeper,Live Nation / Gaiety Investments (MCD Productions),297,13165.48,350.0,0.84,44.39,44.39,44.33,Club,297,13165.48,"Opium Live, Dublin, Ireland"
4/18/2026,2,"""I'm Grand Mam""",Live Nation / Gaiety Investments (MCD Productions),783,40262.39,1011.0,0.77,51.33,51.33,51.39,Other,1567,80524.78,"Leisureland, Galway, Ireland"
4/18/2026,7,"""The Lion King""",OCESA,448,3690.37,1400.0,0.32,57.77,288.83,8.23,Theater ,3138,25832.56,"Teatro Telcel, Mexico City, Mexico"
4/18/2026,7,"""The Phantom Of The Opera""",OCESA,358,35159.77,1400.0,0.25,46.21,231.07,97.98,Theater ,2512,246118.39,"Teatro de los Insurgentes, Mexico City, Mexico"
4/18/2026,1,The Ultimate Garth Brooks Experience,Live Nation / Gaiety Investments (MCD Productions),123,3605.95,150.0,0.82,29.32,29.32,29.32,Club,123,3605.95,"The Academy 2, Dublin, Ireland"
4/18/2026,1,Alfie Boe,"Live Nation, SJM Concerts",1718,159410.8,2001.0,0.85,50.72,94.67,92.79,Theater ,1718,159410.8,"Usher Hall, Edinburgh, United Kingdom"
4/18/2026,1,Mariachazo,Live Nation,2121,220580.0,2415.0,0.87,45.0,199.0,104.0,Theater ,2121,220580.0,"YouTube Theater, Inglewood, United States"
4/18/2026,1,Cooper Alan,Live Nation / Gaiety Investments (MCD Productions),1610,64184.91,1630.0,0.98,40.57,40.57,39.87,Theater ,1610,64184.91,"Ulster Hall, Belfast, United Kingdom"
4/18/2026,1,Bailey Zimmerman,Live Nation,9769,629122.75,9769.0,1.0,24.75,84.75,64.4,Arena,9769,629122.75,"Denny Sanford PREMIER Center, Sioux Falls, United States"
4/18/2026,1,Riley Green,Live Nation,14522,1241169.5,14833.0,0.97,51.75,141.75,85.47,Arena,14522,1241169.5,"Bridgestone Arena, Nashville, United States"
4/18/2026,1,Roxette,"DG Medios, Live Nation",6222,397086.94,7230.0,0.86,35.08,112.74,63.82,Arena,6222,397086.94,"Antel Arena, Montevideo, Uruguay"
4/18/2026,1,Ari Lennox,"Hard Rock International (HRI), Live Nation",1334,59567.5,2054.0,0.64,47.5,79.5,44.65,Club,1334,59567.5,"Hard Rock Live Sacramento, Wheatland, United States"
4/18/2026,1,TWICE,Live Nation,12997,1682909.5,12997.0,1.0,33.5,223.5,129.48,Arena,12997,1682909.5,"Moody Center, Austin, United States"
4/18/2026,1,Akaash Singh,Live Nation,5957,376114.6,5957.0,1.0,49.0,79.0,63.14,Theater ,5957,376114.6,"Radio City Music Hall, New York, United States"
4/18/2026,1,Soda Stereo,OCESA,8181,808377.85,8181.0,1.0,51.99,179.08,98.81,Theater ,8181,808377.85,"Auditorio Telmex, Zapopan, Mexico"
4/18/2026,1,Dream Theater,"OCESA, Páramo Presenta, Promotora Colombia",6055,451465.01,6171.0,0.98,50.0,196.0,74.56,Arena,6055,451465.01,"Movistar Arena, Bogota, Colombia"
4/18/2026,2,"""Dancing With The Stars Live""","Live Nation, NS2",2618,262975.75,2619.0,0.99,59.5,129.5,100.43,Theater ,5237,525951.5,"San Jose Civic, San Jose, United States"
4/18/2026,1,Lewis Capaldi,"(In-House Promotion), Crossroads Presents, Live Nation",4965,336592.5,4965.0,1.0,41.0,125.5,67.79,Club,4965,336592.5,"MGM Music Hall at Fenway, Boston, United States"
4/18/2026,1,Baby Keem,"Live Nation, Marathon Live",1752,120660.0,1752.0,1.0,69.5,99.5,68.87,Club,1752,120660.0,"Marathon Music Works, Nashville, United States"
4/18/2026,1,Peso Pluma,Live Nation,12752,1695523.0,12752.0,1.0,39.5,249.5,132.96,Arena,12752,1695523.0,"Benchmark International Arena, Tampa, United States"
4/18/2026,1,Dave,Live Nation,5585,280475.0,5585.0,1.0,45.0,100.0,50.22,Theater ,5585,280475.0,"The Anthem, Washington, United States"
4/18/2026,1,Matt Rife,Live Nation,18339,1319623.33,18520.0,0.99,59.24,106.2,71.96,Arena,18339,1319623.33,"Unity Arena, Fornebu, Norway"
4/18/2026,1,Max McNown,"Live Nation, Omaha Performing Arts",2950,101931.0,2951.0,0.99,33.0,55.0,34.55,Theater ,2950,101931.0,"Steelhouse Omaha, Omaha, United States"
4/18/2026,1,Florence + The Machine,Live Nation,13978,1576154.1,14078.0,0.99,39.5,155.0,112.76,Arena,13978,1576154.1,"Capital One Arena, Washington, United States"
4/18/2026,1,Aaron Lewis &amp; The Stateliners,Live Nation,1043,93641.0,2081.0,0.5,69.5,149.5,89.78,Theater ,1043,93641.0,"The Theater at MGM National Harbor, Oxon Hill, United States"
4/18/2026,1,Raphael,OCESA,9494,684789.55,9564.0,0.99,28.83,170.58,72.13,Theater ,9494,684789.55,"Auditorio Nacional, Mexico City, Mexico"
4/18/2026,1,Alex Warren,Live Nation,19312,1386449.64,19646.0,0.98,47.1,88.3,71.79,Arena,19312,1386449.64,"AFAS Dome, Merksem, Belgium"
4/18/2026,1,mgk,Live Nation,3288,276804.98,4800.0,0.68,84.19,84.19,84.19,Arena,3288,276804.98,"Spark Arena, Auckland, New Zealand"
4/18/2026,1,Chelsea Handler,"Live Nation, MGM Resorts International",1223,91034.0,1933.0,0.63,53.96,184.76,74.43,Club,1223,91034.0,"The Chelsea, Las Vegas, United States"
4/18/2026,1,Clinton Baptiste,Live Nation / Gaiety Investments (MCD Productions),540,21925.64,610.0,0.88,40.62,40.62,40.6,Theater ,540,21925.64,"Ambassador Theatre, Dublin, Ireland"
4/19/2026,1,ITZY,Live Nation,6402,796833.2,7500.0,0.85,60.2,351.08,124.47,Theater ,6402,796833.2,"TikTok Entertainment Centre, Sydney, Australia"
4/19/2026,1,Hi-Standard,Live Nation,20000,970812.56,20000.0,1.0,4.85,4.85,48.54,Arena,20000,970812.56,"K-Arena Yokohama, Yokohama, Japan"
4/19/2026,1,Rod Stewart,"(In-House Promotion), Live Nation",11268,1254850.75,15833.0,0.71,51.5,411.5,111.36,Amphitheatre,11268,1254850.75,"The Cynthia Woods Mitchell Pavilion, The Woodlands, United States"
4/19/2026,1,Chevelle,"Hard Rock International (HRI), Live Nation",2708,160280.0,2708.0,1.0,55.0,65.0,59.19,Club,2708,160280.0,"Hard Rock Live Sacramento, Wheatland, United States"
4/19/2026,1,Diego Torres,Live Nation,1020,38962.75,2000.0,0.51,50.62,50.62,38.2,Theater ,1020,38962.75,"Auditorio Roig Arena, Valencia, Spain"
4/19/2026,1,"""Crazy Ex-Girlfriend: The 10 (ish) Year Reunion Concert""",Live Nation,3016,186776.25,3549.0,0.84,39.0,104.0,61.93,Theater ,3016,186776.25,"Chicago Theatre, Chicago, United States"
4/19/2026,1,Soda Stereo,OCESA,8181,740424.25,8181.0,1.0,51.99,179.08,90.51,Theater ,8181,740424.25,"Auditorio Telmex, Zapopan, Mexico"
4/19/2026,1,Milo J,"OCESA, Páramo Presenta, Promotora Colombia",11177,688546.0,11257.0,0.99,49.0,114.0,61.6,Arena,11177,688546.0,"Movistar Arena, Bogota, Colombia"
4/19/2026,1,"John Oliver, Seth Meyers",Live Nation,2605,304432.5,2605.0,1.0,75.0,149.5,116.86,Theater ,2605,304432.5,"Beacon Theatre, New York, United States"
4/19/2026,1,Lewis Capaldi,"(In-House Promotion), Crossroads Presents, Live Nation",4905,333597.5,4972.0,0.98,41.0,125.5,68.01,Club,4905,333597.5,"MGM Music Hall at Fenway, Boston, United States"
4/19/2026,1,fakemink,Live Nation,1960,72058.95,1982.0,0.98,35.0,66.0,36.76,Club,1960,72058.95,"The Van Buren, Phoenix, United States"
4/19/2026,1,Aoife Dunne,Live Nation / Gaiety Investments (MCD Productions),1236,55535.13,1298.0,0.95,44.97,44.97,44.93,Theater ,1236,55535.13,"3Olympia Theatre, Dublin, Ireland"
4/19/2026,1,Jimmy Barnes,Live Nation,5029,391090.86,5825.0,0.86,77.77,77.77,77.77,Arena,5029,391090.86,"Spark Arena, Auckland, New Zealand"
4/19/2026,1,Celtic Woman,"Hard Rock International (HRI), Live Nation",1021,59327.94,1821.0,0.56,43.55,72.58,58.11,Theater ,1021,59327.94,"Hard Rock LIVE, Ottawa, Canada"
4/19/2026,1,Rod Stewart,Live Nation,10949,1053968.42,10949.0,1.0,25.75,411.5,96.26,Amphitheatre,10949,1053968.42,"The Cynthia Woods Mitchell Pavilion, The Woodlands, United States"
4/19/2026,1,"""Dancing With The Stars Live""",Live Nation,2431,179592.0,2431.0,1.0,59.5,129.5,73.88,Theater ,2431,179592.0,"Grand Theatre, Reno, United States"
4/19/2026,1,Tori Amos,Live Nation / Gaiety Investments (MCD Productions),1973,170083.27,2086.0,0.94,86.18,86.18,86.21,Theater ,1973,170083.27,"Bord Gáis Energy Theatre, Dublin, Ireland"
4/19/2026,1,Margaret Cho,"Live Nation, Seattle Theatre Group",1401,59250.5,1746.0,0.8,25.5,60.5,42.29,Theater ,1401,59250.5,"Moore Theatre, Seattle, United States"
4/20/2026,1,Alfie Boe,"Live Nation, SJM Concerts",1682,161390.65,1769.0,0.95,50.65,94.54,95.95,Theater ,1682,161390.65,"The Bridgewater Hall, Manchester, United Kingdom"
4/20/2026,1,Pentatonix,Live Nation,8380,586686.16,8762.0,0.95,49.39,76.44,70.01,Arena,8380,586686.16,"PSD Bank Dome, Dusseldorf, Germany"
4/20/2026,1,Florence + The Machine,Live Nation,11845,1488092.0,12223.0,0.96,42.5,148.0,125.63,Arena,11845,1488092.0,"TD Garden, Boston, United States"
4/20/2026,1,Good Kid,Live Nation,1976,55786.0,2650.0,0.74,25.0,35.0,28.23,Club,1976,55786.0,"The Fillmore Philadelphia, Philadelphia, United States"
4/20/2026,1,Milo J,"OCESA, Páramo Presenta, Promotora Colombia",7417,523399.02,7503.0,0.98,48.86,113.68,70.57,Arena,7417,523399.02,"Movistar Arena, Bogota, Colombia"
4/20/2026,1,Feid,Live Nation,2425,202938.75,2425.0,1.0,79.5,129.5,83.69,Club,2425,202938.75,"Citizens House of Blues Boston, Boston, United States"
4/20/2026,1,Two Feet,"Live Nation, NS2",362,10904.5,675.0,0.53,29.5,35.0,30.12,Club,362,10904.5,"Music Farm, Charleston, United States"
4/20/2026,1,Raye,"(In-House Promotion), Crossroads Presents, Live Nation",4976,272483.5,4976.0,1.0,32.0,96.5,54.76,Club,4976,272483.5,"MGM Music Hall at Fenway, Boston, United States"
4/20/2026,1,Lorna Shore,"Live Nation, Omaha Performing Arts",1504,70292.0,2909.0,0.51,45.0,60.5,46.74,Theater ,1504,70292.0,"Steelhouse Omaha, Omaha, United States"
4/20/2026,1,Matt Rife,Live Nation,10039,748725.27,10039.0,1.0,53.96,150.45,74.58,Arena,10039,748725.27,"Avicii Arena, Stockholm, Sweden"
4/20/2026,2,Skye Newman,Live Nation / Gaiety Investments (MCD Productions),1594,62352.93,1661.0,0.95,39.04,39.04,39.11,Theater ,3189,124705.85,"3Olympia Theatre, Dublin, Ireland"
4/20/2026,1,Tucker Wetmore,Live Nation / Gaiety Investments (MCD Productions),830,44468.51,845.0,0.98,53.63,53.63,53.58,Theater ,830,44468.51,"The Academy, Dublin, Ireland"
4/20/2026,1,Alex Warren,Live Nation,17467,1572102.7,17658.0,0.98,47.27,108.05,90.0,Arena,17467,1572102.7,"The O2 - London, London, United Kingdom"
4/20/2026,1,Craig Ferguson,Live Nation / Gaiety Investments (MCD Productions),204,9572.07,250.0,0.81,46.92,46.92,46.92,Theater ,204,9572.07,"Ambassador Theatre, Dublin, Ireland"
4/21/2026,1,Enter Shikari,Live Nation / Gaiety Investments (MCD Productions),725,39442.36,850.0,0.85,54.4,54.4,54.4,Theater ,725,39442.36,"The Academy, Dublin, Ireland"
4/21/2026,1,Tucker Wetmore,Live Nation / Gaiety Investments (MCD Productions),1601,91284.88,1630.0,0.98,48.53,48.53,57.02,Theater ,1601,91284.88,"Ulster Hall, Belfast, United Kingdom"
4/21/2026,1,"""The Price Is Right - Live""","Hard Rock International (HRI), Live Nation",1771,71705.42,1806.0,0.98,26.01,50.92,40.49,Theater ,1771,71705.42,"Hard Rock LIVE, Ottawa, Canada"
4/21/2026,1,Monaleo,Live Nation,2142,72273.5,3000.0,0.71,25.0,47.5,33.74,Other,2142,72273.5,"Avondale Brewing Company, Birmingham, United States"
4/21/2026,1,Lily Allen,Live Nation,4276,347800.0,4406.0,0.97,45.0,125.0,81.34,Theater ,4276,347800.0,"Fox Theatre, Atlanta, United States"
4/21/2026,1,Roxette,"DG Medios, Live Nation",6101,408921.0,8883.0,0.68,39.55,141.25,67.03,Arena,6101,408921.0,"Movistar Arena, Santiago, Chile"
4/21/2026,1,Good Kid,"(In-House Promotion), Live Nation",2000,78510.0,2000.0,1.0,25.0,50.0,39.26,Theater ,2000,78510.0,"The Fillmore Silver Spring, Silver Spring, United States"
4/21/2026,2,Florence + The Machine,Live Nation,13357,1574558.29,13358.0,0.99,39.5,175.0,117.88,Arena,26715,3149116.58,"Madison Square Garden, New York, United States"
4/21/2026,1,"""Dancing With The Stars Live""","Live Nation, NS2",2105,216604.5,2105.0,1.0,59.5,129.5,102.9,Theater ,2105,216604.5,"SAFE Credit Union Performing Arts Center, Sacramento, United States"
4/21/2026,1,Raphael,OCESA,3291,16889.32,4199.0,0.78,69.2,69.2,5.13,Theater ,3291,16889.32,"Escenario GNP Seguros, Monterrey, Mexico"
4/21/2026,1,Louis Tomlinson,Live Nation,11644,717005.37,12403.0,0.93,47.1,79.49,61.58,Arena,11644,717005.37,"Accor Arena, Paris, France"
4/21/2026,1,Alex Warren,Live Nation,17511,1577884.59,17511.0,1.0,47.31,108.14,90.11,Arena,17511,1577884.59,"The O2 - London, London, United Kingdom"
4/22/2026,1,The Upshot,Live Nation / Gaiety Investments (MCD Productions),144,3887.77,150.0,0.96,27.0,27.0,27.0,Club,144,3887.77,"Sugar Club, Dublin, Ireland"
4/22/2026,7,"""The Lion King""",OCESA,455,37474.74,1400.0,0.32,57.74,288.68,82.26,Theater ,3189,262323.21,"Teatro Telcel, Mexico City, Mexico"
4/22/2026,7,"""The Phantom Of The Opera""",OCESA,365,35757.96,1400.0,0.26,46.19,230.95,97.93,Theater ,2556,250305.69,"Teatro de los Insurgentes, Mexico City, Mexico"
4/22/2026,1,Natalia LaFourcade,"Dr. Phillips Center for the Performing Arts, Live Nation",2031,206334.5,2687.0,0.75,59.5,129.5,101.59,Theater ,2031,206334.5,"Dr. Phillips Center - Walt Disney Theater, Orlando, United States"
4/22/2026,1,"""The Price Is Right - Live""","Hard Rock International (HRI), Live Nation",1785,72282.6,1802.0,0.99,25.99,50.88,40.49,Theater ,1785,72282.6,"Hard Rock LIVE, Ottawa, Canada"
4/22/2026,1,Blessd,Live Nation,4154,262758.6,4154.0,1.0,25.0,137.5,63.25,Theater ,4154,262758.6,"Rosemont Theatre, Rosemont, United States"
4/22/2026,1,Willie Nelson,Live Nation,3000,190350.0,3000.0,1.0,57.5,83.0,63.45,Other,3000,190350.0,"Avondale Brewing Company, Birmingham, United States"
4/22/2026,1,Soen,"(In-House Promotion), evenko, Live Nation",947,31768.28,950.0,0.99,30.75,36.6,33.55,Club,947,31768.28,"Théâtre Beanfield, Montreal, Canada"
4/22/2026,1,Rüfüs Du Sol,Live Nation,11185,918169.02,12553.0,0.89,64.56,99.78,82.09,Arena,11185,918169.02,"PSD Bank Dome, Dusseldorf, Germany"
4/22/2026,1,Demi Lovato,Live Nation,11086,849034.0,11958.0,0.92,32.5,122.5,76.59,Arena,11086,849034.0,"TD Garden, Boston, United States"
4/22/2026,1,Stevie Nicks,Live Nation,11528,2311567.25,11528.0,1.0,53.75,994.0,200.52,Arena,11528,2311567.25,"Moody Center, Austin, United States"
4/22/2026,1,Zoé,Live Nation,5329,605809.35,5329.0,1.0,40.0,225.0,113.68,Theater ,5329,605809.35,"Infosys Theater at Madison Square Garden, New York, United States"
4/22/2026,1,"""Dancing With The Stars Live""","Live Nation, NS2",2861,282073.0,2861.0,1.0,59.5,129.5,98.59,Theater ,2861,282073.0,"San Diego Civic Theatre, San Diego, United States"
4/22/2026,2,"""I'm Grand Mam""",Live Nation / Gaiety Investments (MCD Productions),1227,61620.94,1298.0,0.94,50.24,50.24,50.22,Theater ,2454,123241.88,"3Olympia Theatre, Dublin, Ireland"
4/22/2026,1,Thee Sacred Souls,"Live Nation, Nederlander Concerts",5871,278413.0,5930.0,0.99,34.5,79.0,47.42,Amphitheatre,5871,278413.0,"Greek Theatre, Los Angeles, United States"
4/22/2026,1,Miki Berenyi Trio,Live Nation / Gaiety Investments (MCD Productions),82,2310.12,100.0,0.82,28.17,28.17,28.17,Club,82,2310.12,"The Grand Social, Dublin, Ireland"
4/22/2026,2,Chayanne,OCESA,9367,1390388.51,9564.0,0.97,31.75,378.17,148.43,Theater ,18734,2780777.01,"Auditorio Nacional, Mexico City, Mexico"
4/22/2026,1,Matt Rife,"Live Nation, Live Nation / Gaiety Investments (MCD Productions)",8512,574900.65,8600.0,0.98,58.69,87.39,67.54,Arena,8512,574900.65,"3Arena, Dublin, Ireland"
4/22/2026,1,Stephen Wilson Jr.,"Live Nation, Omaha Performing Arts",2928,106875.0,2937.0,0.99,35.0,55.0,36.5,Theater ,2928,106875.0,"Steelhouse Omaha, Omaha, United States"
4/22/2026,1,Laura Pausini,"Friends &amp; Partners, OCESA, Páramo Presenta, Promotora Colombia",8919,866168.01,9212.0,0.96,49.0,23.7,97.11,Arena,8919,866168.01,"Movistar Arena, Bogota, Colombia"
4/23/2026,1,Sei Green,Live Nation / Gaiety Investments (MCD Productions),80,1305.24,80.0,1.0,16.37,16.37,16.32,Club,80,1305.24,"Upstairs At Whelans, Dublin, Ireland"
4/23/2026,1,La Vela Puerca,"OCESA, Páramo Presenta",747,27836.37,1000.0,0.74,27.54,43.67,37.26,Club,747,27836.37,"The Bonfire, Bogota, Colombia"
4/23/2026,1,HARDY,Live Nation,6040,374215.32,7472.0,0.8,35.25,165.25,61.96,Arena,6040,374215.32,"VyStar Veterans Memorial Arena, Jacksonville, United States"
4/23/2026,1,Flatland Cavalry,Live Nation,2420,100993.75,3000.0,0.8,27.25,68.0,41.73,Other,2420,100993.75,"Avondale Brewing Company, Birmingham, United States"
4/23/2026,1,Matt Rife,Live Nation,14661,1220923.33,15927.0,0.92,64.06,114.63,83.28,Arena,14661,1220923.33,"The O2 - London, London, United Kingdom"
4/23/2026,1,Aymen,Live Nation,7665,532047.28,8607.0,0.89,80.7,94.15,69.41,Arena,7665,532047.28,"Lanxess Arena, Cologne, Germany"
4/23/2026,3,Phish,Live Nation,16619,3435475.89,16655.0,0.99,103.0,232.0,206.72,Arena,49857,10306427.67,"Sphere, Las Vegas, United States"
4/23/2026,1,"""Dancing With The Stars Live""","Live Nation, NS2",2807,277971.5,2807.0,1.0,64.5,140.5,99.03,Theater ,2807,277971.5,"Segerstrom Center For The Arts, Costa Mesa, United States"
4/23/2026,1,BOYS LIKE GIRLS,"Hard Rock International (HRI), Live Nation",2331,108994.8,2913.0,0.8,19.95,75.0,46.76,Club,2331,108994.8,"Hard Rock Live Orlando, Orlando, United States"
4/23/2026,1,Cazzu,Live Nation,3545,416738.15,3545.0,1.0,39.5,139.5,117.56,Theater ,3545,416738.15,"Chicago Theatre, Chicago, United States"
4/23/2026,1,Rawayana,"OCESA, Páramo Presenta, Promotora Colombia, Rimas Entertainment",12133,732667.02,12365.0,0.98,43.28,152.0,60.39,Arena,12133,732667.02,"Movistar Arena, Bogota, Colombia"
4/23/2026,1,Alex Warren,"Live Nation, Metropolis, SJM Concerts",10146,896670.13,10146.0,1.0,47.2,107.88,88.38,Arena,10146,896670.13,"Utilita Arena Newcastle, Newcastle upon Tyne, United Kingdom"
4/23/2026,1,Bruce Springsteen &amp; The E Street Band,Live Nation,17279,4291680.0,17279.0,1.0,60.0,399.0,248.38,Arena,17279,4291680.0,"Amerant Bank Arena, Sunrise, United States"
4/23/2026,1,"Ne-Yo, Akon",Live Nation / Gaiety Investments (MCD Productions),9768,1035456.23,10010.0,0.97,105.96,105.96,106.0,Arena,9768,1035456.23,"3Arena, Dublin, Ireland"
4/23/2026,1,Ari Lennox,Live Nation,3104,219925.0,3539.0,0.87,42.5,115.0,70.85,Theater ,3104,219925.0,"YouTube Theater, Inglewood, United States"
4/23/2026,1,Gov't Mule,"Live Nation, Marathon Live",580,33036.5,1500.0,0.38,29.5,89.5,56.96,Club,580,33036.5,"The Signal, Chattanooga, United States"
4/23/2026,1,Thee Sacred Souls,"Live Nation, Nederlander Concerts",5907,277964.0,5930.0,0.99,34.5,79.0,47.06,Amphitheatre,5907,277964.0,"Greek Theatre, Los Angeles, United States"
4/23/2026,1,Sekou,Live Nation / Gaiety Investments (MCD Productions),190,4555.46,220.0,0.86,23.98,23.98,23.98,Club,190,4555.46,"The Academy 2, Dublin, Ireland"
4/23/2026,1,Nurse John,Live Nation,7180,463311.72,8714.0,0.82,43.83,94.4,64.53,Arena,7180,463311.72,"OVO Arena Wembley, London, United Kingdom"
4/23/2026,1,Tyler Childers,Live Nation,18731,1841531.0,18731.0,1.0,59.5,199.5,98.31,Amphitheatre,18731,1841531.0,"Dos Equis Pavilion, Dallas, United States"
4/23/2026,1,FKA Twigs,OCESA,7222,381269.66,8000.0,0.9,28.5,125.5,52.79,Theater ,7222,381269.66,"Pepsi Center Mexico, Mexico City, Mexico"
4/23/2026,1,Alfie Boe,"Live Nation, SJM Concerts",1433,135092.13,1497.0,0.95,50.57,94.4,94.27,Theater ,1433,135092.13,"The Glasshouse International Centre for Music, Gateshead, United Kingdom"
4/24/2026,1,Rules,Live Nation / Gaiety Investments (MCD Productions),300,6954.29,300.0,1.0,23.24,23.24,23.18,Club,300,6954.29,"Workman's Club, Dublin, Ireland"
4/24/2026,1,The Lumineers,Live Nation,2586,181650.85,3420.0,0.75,20.21,25.35,70.24,Club,2586,181650.85,"Live Curitiba, Curitiba, Brazil"
4/24/2026,1,Alfie Boe,"Live Nation, SJM Concerts",1189,110046.34,1210.0,0.98,50.48,94.22,92.55,Theater ,1189,110046.34,"Hull City Hall, Hull, United Kingdom"
4/24/2026,1,Kany García ,"OCESA, Rimas Entertainment",5749,483548.17,5749.0,1.0,48.72,164.77,84.11,Theater ,5749,483548.17,"Auditorio Banamex, Monterrey, Mexico"
4/24/2026,1,Hasan Minhaj,"Live Nation, Professional Facilities Mgmt.",1701,108172.25,2011.0,0.84,27.5,144.5,63.59,Theater ,1701,108172.25,"The VETS, Providence, United States"
4/24/2026,1,Kreator,Live Nation,1700,127135.09,1700.0,1.0,74.79,74.79,74.79,Theater ,1700,127135.09,"Sentrum Scene, Oslo, Norway"
4/24/2026,1,HARDY,Live Nation,8640,556337.75,11396.0,0.75,23.25,163.25,64.39,Stadium,8640,556337.75,"Credit One Stadium, Charleston, United States"
4/24/2026,1,Marlon Hoffstadt,OCESA,4726,265013.61,5773.0,0.81,28.01,190.68,56.08,Theater ,4726,265013.61,"Chamorro Entertainment City Hall, Bogota, Colombia"
4/24/2026,1,Mountain Grass Unit,Live Nation,1516,43633.2,3000.0,0.5,19.76,33.0,28.78,Other,1516,43633.2,"Avondale Brewing Company, Birmingham, United States"
4/24/2026,1,Mike Sherm,"Hard Rock International (HRI), Live Nation",2786,110047.0,2786.0,1.0,39.5,39.5,39.5,Club,2786,110047.0,"Hard Rock Live Sacramento, Wheatland, United States"
4/24/2026,1,Goose,Live Nation,4456,273964.75,5625.0,0.79,28.5,78.5,61.48,Arena,4456,273964.75,"Moody Center, Austin, United States"
4/24/2026,1,"""Dancing With The Stars Live""","Live Nation, NS2",2950,290963.2,2950.0,1.0,59.5,125.0,98.63,Theater ,2950,290963.2,"Fontainebleau Las Vegas / BleauLive Theater, Las Vegas, United States"
4/24/2026,1,Lacuna Coil,"Live Nation, NS2",480,13529.67,675.0,0.71,27.99,30.0,28.19,Club,480,13529.67,"Music Farm, Charleston, United States"
4/24/2026,1,Demi Lovato,Live Nation,12733,1249023.58,12733.0,1.0,39.5,149.5,98.09,Arena,12733,1249023.58,"Madison Square Garden, New York, United States"
4/24/2026,1,Florence + The Machine,Live Nation,14610,1759139.5,14610.0,1.0,33.5,169.0,120.41,Arena,14610,1759139.5,"Barclays Center, Brooklyn, United States"
4/24/2026,1,Raphael,OCESA,8181,299755.81,8181.0,1.0,28.66,80.24,36.64,Theater ,8181,299755.81,"Auditorio Telmex, Zapopan, Mexico"
4/24/2026,1,fakemink,Live Nation,1625,65223.0,1674.0,0.97,32.5,49.5,40.14,Club,1625,65223.0,"House Of Blues, Dallas, United States"
4/24/2026,1,Grooveline,Live Nation / Gaiety Investments (MCD Productions),368,8373.18,420.0,0.87,22.77,22.77,22.75,Theater ,368,8373.18,"Button Factory, Dublin, Ireland"
4/24/2026,1,"Ne-Yo, Akon",Live Nation / Gaiety Investments (MCD Productions),12435,1455937.87,12586.0,0.98,117.13,117.13,117.08,Arena,12435,1455937.87,"3Arena, Dublin, Ireland"
4/24/2026,1,Demon Hunter,"Live Nation, Marathon Live",572,15876.0,1300.0,0.44,25.0,40.0,27.76,Club,572,15876.0,"The Hall, Little Rock, United States"
4/24/2026,1,Peso Pluma,Live Nation,16868,1589693.44,16868.0,1.0,49.5,249.5,94.24,Amphitheatre,16868,1589693.44,"Cellairis Amphitheatre At Lakewood, Atlanta, United States"
4/24/2026,1,Ben Böhmer,OCESA,6209,366748.41,8000.0,0.77,31.24,102.02,59.07,Theater ,6209,366748.41,"Pepsi Center Mexico, Mexico City, Mexico"
4/24/2026,1,The Maine,"Live Nation, Marathon Live",1453,59507.0,1700.0,0.85,39.0,75.0,40.95,Club,1453,59507.0,"Marathon Music Works, Nashville, United States"
4/24/2026,1,Party Cannon,Live Nation / Gaiety Investments (MCD Productions),192,5605.47,220.0,0.87,29.2,29.2,29.2,Club,192,5605.47,"The Grand Social, Dublin, Ireland"
4/24/2026,1,Banda Machos,Live Nation,3580,325640.0,3870.0,0.92,39.0,149.0,90.96,Theater ,3580,325640.0,"YouTube Theater, Inglewood, United States"
4/24/2026,1,Matt Rife,Live Nation,12903,985144.09,13639.0,0.94,63.94,114.41,76.35,Arena,12903,985144.09,"AO Arena, Manchester, United Kingdom"
4/24/2026,1,Rüfüs Du Sol,Live Nation,16046,1405407.26,17183.0,0.93,70.07,93.42,87.59,Arena,16046,1405407.26,"Palau Sant Jordi, Barcelona, Spain"
4/24/2026,1,Electric Callboy ,Live Nation,2837,180821.5,2901.0,0.97,49.5,94.5,63.74,Theater ,2837,180821.5,"Paramount Theatre, Seattle, United States"
4/24/2026,1,Alex Warren,Live Nation,14523,1278698.23,14698.0,0.98,47.11,107.68,88.05,Arena,14523,1278698.23,"Utilita Arena Birmingham, Birmingham, United Kingdom"
4/24/2026,1,Russell Dickerson,Live Nation,3230,168020.7,3961.0,0.81,13.65,69.0,52.02,Amphitheatre,3230,168020.7,"The St. Augustine Amphitheatre, Saint Augustine, United States"
4/24/2026,1,Ben Portsmouth,Live Nation / Gaiety Investments (MCD Productions),920,52168.03,1150.0,0.8,56.76,56.76,56.7,Theater ,920,52168.03,"3Olympia Theatre, Dublin, Ireland"
4/25/2026,1,Aaron Rowe,Live Nation / Gaiety Investments (MCD Productions),787,23985.55,850.0,0.92,30.48,30.48,30.48,Theater ,787,23985.55,"The Academy, Dublin, Ireland"
4/25/2026,1,DMODE: Ultimate Depeche Mode Experience,Live Nation / Gaiety Investments (MCD Productions),307,8276.9,380.0,0.8,26.96,26.96,26.96,Club,307,8276.9,"The Green Room, Dublin, Ireland"
4/25/2026,1,The Lumineers,Live Nation,5275,367600.99,6777.0,0.77,17.92,30.67,69.69,Theater ,5275,367600.99,"Suhai Music Hall, São Paulo, Brazil"
4/25/2026,1,Alfie Boe,"Live Nation, SJM Concerts",2569,211343.52,2760.0,0.93,50.75,94.74,82.27,Theater ,2569,211343.52,"Opera House, Blackpool, United Kingdom"
4/25/2026,1,Zoé,Live Nation,4329,409180.0,4329.0,1.0,38.0,223.0,94.52,Theater ,4329,409180.0,"Rosemont Theatre, Rosemont, United States"
4/25/2026,1,HARDY,Live Nation,6978,542090.83,9586.0,0.72,25.75,165.25,77.69,Arena,6978,542090.83,"Kia Center, Orlando, United States"
4/25/2026,1,Yacht Rock Revue,"(In-House Promotion), Live Nation",3910,162694.56,6509.0,0.6,25.0,149.5,41.61,Amphitheatre,3910,162694.56,"Ameris Bank Amphitheatre, Alpharetta, United States"
4/25/2026,1,Mt. Joy,Live Nation,4496,272906.0,5136.0,0.87,44.5,94.5,60.7,Arena,4496,272906.0,"Moody Center, Austin, United States"
4/25/2026,1,"""Dancing With The Stars Live""","Live Nation, NS2",5991,595380.63,5991.0,1.0,59.5,150.0,99.38,Theater ,5991,595380.63,"Dolby Theatre, Hollywood, United States"
4/25/2026,1,cbdb,Live Nation,527,10540.0,527.0,1.0,18.0,22.0,20.0,Club,527,10540.0,"Saturn, Birmingham, United States"
4/25/2026,1,Cazzu,Live Nation,3025,264415.0,3335.0,0.9,39.0,179.0,87.41,Theater ,3025,264415.0,"Dolby Live at Park MGM Las Vegas, Las Vegas, United States"
4/25/2026,1,Gov't Mule,"Live Nation, Marathon Live",613,34633.0,1300.0,0.47,29.5,85.0,56.5,Club,613,34633.0,"The Hall, Little Rock, United States"
4/25/2026,1,Alesso,Live Nation,8278,543700.0,9373.0,0.88,59.5,125.0,65.68,Amphitheatre,8278,543700.0,"Red Rocks Amphitheatre, Morrison, United States"
4/25/2026,1,"Ne-Yo, Akon",Live Nation / Gaiety Investments (MCD Productions),12384,1448992.92,12492.0,0.99,116.99,116.99,117.01,Arena,12384,1448992.92,"3Arena, Dublin, Ireland"
4/25/2026,1,Naomi Watanabe,"Bill Blumenreich Presents, Live Nation",318,18439.19,1001.0,0.31,29.0,79.99,57.98,Theater ,318,18439.19,"The Palazzo Theatre, Las Vegas, United States"
4/25/2026,1,Peso Pluma,Live Nation,14005,1250417.65,14005.0,1.0,49.5,249.5,89.28,Amphitheatre,14005,1250417.65,"Truliant Amphitheater, Charlotte, United States"
4/25/2026,1,Avatar,"Live Nation, Omaha Performing Arts",937,32986.0,1561.0,0.6,17.75,65.5,35.2,Theater ,937,32986.0,"Steelhouse Omaha, Omaha, United States"
4/25/2026,1,David and Tamela Mann,Live Nation,2038,141920.0,2900.0,0.7,49.5,99.5,69.64,Theater ,2038,141920.0,"The Theater at MGM National Harbor, Oxon Hill, United States"
4/25/2026,1,Triumph,Live Nation,10875,779923.44,10875.0,1.0,36.92,110.03,71.72,Arena,10875,779923.44,"TD Coliseum, Hamilton, Canada"
4/25/2026,1,Oscar Blue,Live Nation / Gaiety Investments (MCD Productions),125,3003.76,150.0,0.83,24.03,24.03,24.03,Club,125,3003.76,"Whelans, Dublin, Ireland"
4/25/2026,1,The Lilacs,Live Nation / Gaiety Investments (MCD Productions),89,1559.67,90.0,0.98,17.58,17.58,17.52,Club,89,1559.67,"Upstairs At Whelans, Dublin, Ireland"
4/25/2026,1,Matt Rife,Live Nation,11743,895669.81,11743.0,1.0,64.29,115.04,76.27,Arena,11743,895669.81,"The OVO Hydro, Glasgow, United Kingdom"
4/25/2026,1,Hayley Williams,Live Nation,2110,132602.44,2110.0,1.0,53.75,75.0,62.84,Theater ,2110,132602.44,"Ryman Auditorium, Nashville, United States"
4/25/2026,1,Daniel Tosh,"Live Nation, MGM Resorts International",1979,225253.0,2250.0,0.87,75.21,249.61,113.82,Club,1979,225253.0,"The Chelsea, Las Vegas, United States"
4/25/2026,1,Ben Portsmouth,Live Nation / Gaiety Investments (MCD Productions),1049,58514.68,1298.0,0.8,55.8,55.8,55.78,Theater ,1049,58514.68,"3Olympia Theatre, Dublin, Ireland"
4/25/2026,1,fakemink,Live Nation,1400,45300.0,1400.0,1.0,32.0,35.0,32.36,Theater ,1400,45300.0,"White Oak Music Hall, Houston, United States"
4/26/2026,1,Morgan Jay,Live Nation,2498,122730.0,2582.0,0.96,35.0,60.0,49.13,Theater ,2498,122730.0,"Celebrity Theatre, Phoenix, United States"
4/26/2026,7,Lionel Richie,OCESA,587,48187.66,1400.0,0.41,57.54,287.69,81.97,Theater ,4115,337313.59,"Teatro Telcel, Mexico City, Mexico"
4/26/2026,7,"""The Phantom Of The Opera""",OCESA,371,36248.96,1400.0,0.26,46.03,230.15,97.59,Theater ,2600,253742.73,"Teatro de los Insurgentes, Mexico City, Mexico"
4/26/2026,2,Zakir Khan,Live Nation / Gaiety Investments (MCD Productions),1281,84962.5,1494.0,0.85,66.0,66.94,66.3,Theater ,2563,169925.0,"Bord Gáis Energy Theatre, Dublin, Ireland"
4/26/2026,1,Zoé,Live Nation,4380,408658.0,4380.0,1.0,38.0,223.0,93.3,Theater ,4380,408658.0,"Rosemont Theatre, Rosemont, United States"
4/26/2026,1,Lamb of God,"(In-House Promotion), Crossroads Presents, Live Nation",3778,209885.4,4991.0,0.75,25.95,75.5,55.55,Club,3778,209885.4,"MGM Music Hall at Fenway, Boston, United States"
4/26/2026,1,Masayoshi Takanaka,Live Nation,1953,116587.11,1953.0,1.0,59.7,59.7,59.7,Club,1953,116587.11,"Forum Melbourne, Melbourne, Australia"
4/26/2026,1,Bruce Springsteen &amp; The E Street Band,Live Nation,13237,3888583.0,13237.0,1.0,60.0,399.0,293.77,Arena,13237,3888583.0,"Moody Center, Austin, United States"
4/26/2026,1,John Legend,"Live Nation, Professional Facilities Mgmt.",1407,228701.0,2011.0,0.69,99.0,525.0,162.55,Theater ,1407,228701.0,"The VETS, Providence, United States"
4/26/2026,1,Peso Pluma,Live Nation,13781,1017854.95,13781.0,1.0,49.5,249.5,73.86,Amphitheatre,13781,1017854.95,"Coastal Credit Union Music Park at Walnut Creek, Raleigh, United States"
4/26/2026,1,Ninja Sex Party,Live Nation / Gaiety Investments (MCD Productions),1539,81449.76,1661.0,0.92,52.87,52.87,52.92,Theater ,1539,81449.76,"3Olympia Theatre, Dublin, Ireland"
4/26/2026,1,Megadeth,"OCESA, Páramo Presenta, Promotora Colombia",11297,978873.01,11443.0,0.98,75.97,198.92,86.65,Arena,11297,978873.01,"Movistar Arena, Bogota, Colombia"
4/26/2026,1,Rüfüs Du Sol,Live Nation,14069,1210532.41,14983.0,0.93,70.34,99.65,86.04,Arena,14069,1210532.41,"Movistar Arena, Madrid, Spain"
4/26/2026,1,ERNEST,"Live Nation, Marathon Live",572,19368.0,1500.0,0.38,15.0,59.5,33.86,Club,572,19368.0,"The Signal, Chattanooga, United States"
4/26/2026,1,Raye,Live Nation,6000,356850.0,6000.0,1.0,50.5,100.5,59.48,Theater ,6000,356850.0,"The Anthem, Washington, United States"
4/26/2026,1,Alex Warren,"DF Concerts, Live Nation",13188,1224957.08,13231.0,0.99,74.44,108.27,92.88,Arena,13188,1224957.08,"The OVO Hydro, Glasgow, United Kingdom"
4/26/2026,1,The Weeknd,Live Nation,51351,3754686.67,58657.0,0.87,20.01,32.78,73.12,Stadium,51351,3754686.67,"Estádio Nilton Santos, Rio De Janeiro, Brazil"
4/26/2026,1,Sooshi Mango,Live Nation,758,33111.0,1486.0,0.51,45.0,55.0,43.68,Theater ,758,33111.0,"Boch Center - Shubert Theatre, Boston, United States"
4/27/2026,1,"""Weird Ireland"" Podcast",Live Nation / Gaiety Investments (MCD Productions),119,3614.98,150.0,0.79,30.38,30.38,30.38,Club,119,3614.98,"Sugar Club, Dublin, Ireland"
4/27/2026,1,Alfie Boe,"Live Nation, SJM Concerts",1492,145098.35,1536.0,0.97,50.11,94.81,97.25,Theater ,1492,145098.35,"Liverpool Philharmonic, Liverpool, United Kingdom"
4/27/2026,1,Matt Rife,Live Nation,4387,359832.55,4712.0,0.93,46.92,140.75,82.02,Theater ,4387,359832.55,"Sala Santa Cecilia, Rome, Italy"
4/27/2026,1,Lorna Shore,Live Nation,1308,76077.74,1325.0,0.98,49.4,64.04,58.16,Theater ,1308,76077.74,"Burton Cummings Theatre, Winnipeg, Canada"
4/27/2026,1,Masayoshi Takanaka,Live Nation,1978,118553.89,1978.0,1.0,59.94,59.94,59.94,Club,1978,118553.89,"Forum Melbourne, Melbourne, Australia"
4/27/2026,1,PinkPantheress,"Hard Rock International (HRI), Live Nation",2913,150313.5,2913.0,1.0,39.5,79.5,51.6,Club,2913,150313.5,"Hard Rock Live Orlando, Orlando, United States"
4/27/2026,1,Alex Warren,"Live Nation, Metropolis Music",18176,1612097.38,18176.0,1.0,47.4,108.35,88.69,Arena,18176,1612097.38,"Co-op Live, Manchester, United Kingdom"
4/27/2026,1,"Ne-Yo, Akon",Live Nation,10131,1016775.31,10483.0,0.96,67.72,142.21,100.36,Arena,10131,1016775.31,"Utilita Arena Newcastle, Newcastle upon Tyne, United Kingdom"
4/27/2026,1,John Mulaney,Live Nation / Gaiety Investments (MCD Productions),1220,111000.7,1298.0,0.93,91.02,91.02,90.98,Theater ,1220,111000.7,"3Olympia Theatre, Dublin, Ireland"
4/27/2026,1,Megadeth,"OCESA, Páramo Presenta, Promotora Colombia",7799,678341.01,8016.0,0.97,76.01,199.04,86.98,Arena,7799,678341.01,"Movistar Arena, Bogota, Colombia"
4/27/2026,1,GWAR,"Live Nation, Marathon Live",811,30258.0,1500.0,0.54,35.0,60.0,37.31,Club,811,30258.0,"The Signal, Chattanooga, United States"
4/27/2026,1,Two Feet,"Live Nation, Marathon Live",396,12414.5,1700.0,0.23,29.5,65.0,31.35,Club,396,12414.5,"Marathon Music Works, Nashville, United States"
4/27/2026,1,Hayley Williams,Live Nation,2187,137376.22,2187.0,1.0,53.75,75.0,62.81,Theater ,2187,137376.22,"Ryman Auditorium, Nashville, United States"
4/27/2026,1,The Prodigy,Live Nation / Gaiety Investments (MCD Productions),8899,750217.4,10231.0,0.86,84.24,84.24,84.3,Arena,8899,750217.4,"The SSE Arena, Belfast, Belfast, United Kingdom"
4/28/2026,2,Nurse John,Live Nation / Gaiety Investments (MCD Productions),1680,77148.52,1973.0,0.85,46.03,46.03,45.91,Stadium,3361,154297.03,"National Stadium, Dublin, Ireland"
4/28/2026,1,Wage War,"Live Nation, Rialto Theatre",616,26164.0,1300.0,0.47,40.0,58.0,42.47,Club,616,26164.0,"Rialto Theatre, Tucson, United States"
4/28/2026,1,Triumph,"(In-House Promotion), evenko, Live Nation",3126,231820.43,4009.0,0.77,29.34,110.4,74.16,Arena,3126,231820.43,"Scotiabank Centre, Halifax, Canada"
4/28/2026,1,Foo Fighters,Live Nation,8810,1183300.0,8972.0,0.98,99.0,149.0,134.31,Arena,8810,1183300.0,"Total Mortgage Arena, Bridgeport, United States"
4/28/2026,1,Jackson Wang,"DG Medios, Live Nation",7487,533889.76,11453.0,0.65,44.69,117.32,71.31,Arena,7487,533889.76,"Movistar Arena, Santiago, Chile"
4/28/2026,1,Baxter Dury,Live Nation,1122,63120.4,1800.0,0.62,56.26,56.26,56.26,Club,1122,63120.4,"Forum Melbourne, Melbourne, Australia"
4/28/2026,1,Mumford &amp; Sons,Live Nation,8452,1029443.25,8452.0,1.0,73.93,147.18,121.8,Arena,8452,1029443.25,"Brisbane Entertainment Centre, Boondall, Australia"
4/28/2026,1,"Ne-Yo, Akon",Live Nation,12266,1382130.53,12266.0,1.0,60.89,730.72,112.68,Arena,12266,1382130.53,"The OVO Hydro, Glasgow, United Kingdom"
4/28/2026,1,Peso Pluma,Live Nation,11583,1003871.73,11583.0,1.0,49.5,249.5,86.67,Amphitheatre,11583,1003871.73,"Jiffy Lube Live, Bristow, United States"
4/28/2026,1,Waylon Wyatt,"Live Nation, Marathon Live",1134,30630.0,1300.0,0.87,25.0,45.0,27.01,Club,1134,30630.0,"The Hall, Little Rock, United States"
4/28/2026,1,Robert Finley,Live Nation / Gaiety Investments (MCD Productions),80,2623.85,100.0,0.8,32.8,32.8,32.8,Club,80,2623.85,"Whelans, Dublin, Ireland"
4/28/2026,1,Ist Ist,Live Nation / Gaiety Investments (MCD Productions),104,2558.26,120.0,0.86,24.6,24.6,24.6,Club,104,2558.26,"The Grand Social, Dublin, Ireland"
4/28/2026,1,Rüfüs Du Sol,Live Nation,8332,595151.61,10296.0,0.8,64.42,93.71,71.43,Arena,8332,595151.61,"Unipol Arena, Bologna, Italy"
4/28/2026,1,Hayley Williams,Live Nation,2177,136980.31,2177.0,1.0,53.75,75.0,62.92,Theater ,2177,136980.31,"Ryman Auditorium, Nashville, United States"
4/28/2026,1,"Helloween, Hammerfall",Live Nation,1202,80592.5,2921.0,0.41,55.0,70.0,67.05,Theater ,1202,80592.5,"Paramount Theatre, Seattle, United States"
4/28/2026,1,Splean,Live Nation / Gaiety Investments (MCD Productions),737,77396.55,850.0,0.86,105.07,105.07,105.02,Theater ,737,77396.55,"The Academy, Dublin, Ireland"
4/28/2026,1,Florence + The Machine,Live Nation,11374,1050038.0,11374.0,1.0,34.75,130.25,92.32,Arena,11374,1050038.0,"Benchmark International Arena, Tampa, United States"
4/28/2026,1,Alfie Boe,"Live Nation, SJM Concerts",1330,124289.58,1330.0,1.0,50.74,94.72,93.45,Theater ,1330,124289.58,"York Barbican, York, United Kingdom"
4/28/2026,1,Café Del Mundo,Live Nation / Gaiety Investments (MCD Productions),582,30029.07,612.0,0.95,51.54,51.54,51.6,Theater ,582,30029.07,"Ambassador Theatre, Dublin, Ireland"
4/28/2026,1,The Prodigy,Live Nation / Gaiety Investments (MCD Productions),12796,970900.72,13305.0,0.96,75.9,75.9,75.88,Arena,12796,970900.72,"3Arena, Dublin, Ireland"
4/29/2026,1,Alex Warren,Live Nation,11780,1012691.57,12183.0,0.96,47.29,108.09,85.97,Arena,11780,1012691.57,"First Direct Arena, Leeds, United Kingdom"
4/29/2026,1,The Lumineers,"DF Entertainment, Live Nation",3419,181766.33,4500.0,0.75,0.04,0.05,53.16,Stadium,3419,181766.33,"Malvinas Argentinas Stadium, Mendoza, Argentina"
4/29/2026,1,Triumph,"(In-House Promotion), evenko, Live Nation",2749,170792.14,4044.0,0.67,25.94,109.96,62.13,Arena,2749,170792.14,"Avenir Centre, Moncton, Canada"
4/29/2026,1,Celtic Woman,"(In-House Promotion), evenko, Live Nation",760,46054.8,1185.0,0.64,43.47,72.7,60.6,Theater ,760,46054.8,"Casino New Brunswick, Moncton, Canada"
4/29/2026,1,Bring Me The Horizon,"(In-House Promotion), evenko, Heavy Montreal, Live Nation",12417,928629.45,12417.0,1.0,36.17,101.93,74.79,Arena,12417,928629.45,"Bell Centre, Montreal, Canada"
4/29/2026,1,Lorde,OCESA,8343,529266.87,8343.0,1.0,49.44,129.92,63.44,Theater ,8343,529266.87,"Auditorio Telmex, Zapopan, Mexico"
4/29/2026,1,Rosalía,Live Nation,15379,1327593.05,15379.0,1.0,60.58,141.35,86.33,Arena,15379,1327593.05,"Lanxess Arena, Cologne, Germany"
4/29/2026,1,Rüfüs Du Sol,Live Nation,14000,1610974.55,14000.0,1.0,107.73,116.61,115.07,Arena,14000,1610974.55,"Hallenstadion Zurich, Zurich, Switzerland"
4/29/2026,2,"""Dancing With The Stars Live""","Live Nation, NS2",3968,387146.0,3969.0,0.99,59.5,129.5,97.55,Theater ,7937,774292.0,"Arizona Financial Theatre, Phoenix, United States"
4/29/2026,1,Metalocalypse: Dethklok,"(In-House Promotion), Crossroads Presents, Live Nation",3302,183296.46,4981.0,0.66,25.95,75.5,55.51,Club,3302,183296.46,"MGM Music Hall at Fenway, Boston, United States"
4/29/2026,1,Mumford &amp; Sons,Live Nation,14867,1897598.46,15090.0,0.98,73.73,146.71,127.64,Arena,14867,1897598.46,"Qudos Bank Arena, Sydney, Australia"
4/29/2026,1,Queens of The Stone Age,Live Nation,2719,249405.5,2719.0,1.0,74.5,144.5,91.73,Theater ,2719,249405.5,"Paramount Theatre, Seattle, United States"
4/29/2026,2,"""I'm Grand Mam""",Live Nation / Gaiety Investments (MCD Productions),1225,61398.82,1298.0,0.94,50.1,50.1,50.12,Theater ,2450,122797.63,"3Olympia Theatre, Dublin, Ireland"
4/29/2026,1,Bad Suns,"Live Nation, Rialto Theatre",574,16192.0,1300.0,0.44,26.0,45.0,28.21,Club,574,16192.0,"Rialto Theatre, Tucson, United States"
4/29/2026,2,Zoé,Live Nation,5676,718223.25,5767.0,0.98,40.0,250.0,126.53,Theater ,11353,1436446.5,"YouTube Theater, Inglewood, United States"
4/29/2026,1,Raye,Live Nation,2229,171416.38,2229.0,1.0,40.5,100.5,76.9,Theater ,2229,171416.38,"Ryman Auditorium, Nashville, United States"
4/29/2026,1,Alex Warren,Live Nation,11780,1049125.88,12106.0,0.97,47.29,108.09,89.06,Arena,11780,1049125.88,"First Direct Arena, Leeds, United Kingdom"
4/30/2026,1,"Ne-Yo, Akon",Live Nation,11668,1117890.91,11903.0,0.98,60.64,141.49,95.81,Arena,11668,1117890.91,"First Direct Arena, Leeds, United Kingdom"
4/30/2026,7,"""The Lion King""",OCESA,624,50661.82,1400.0,0.44,56.93,284.66,81.11,Theater ,4372,354632.72,"Teatro Telcel, Mexico City, Mexico"
4/30/2026,7,"""The Phantom Of The Opera""",OCESA,440,42555.0,1400.0,0.31,45.55,227.73,96.56,Theater ,3085,297885.02,"Teatro de los Insurgentes, Mexico City, Mexico"
4/30/2026,1,Bailey Zimmerman,Live Nation,5323,332233.06,5323.0,1.0,25.75,85.75,62.41,Other,5323,332233.06,"Von Braun Center, Huntsville, United States"
4/30/2026,1,Celtic Woman,"(In-House Promotion), evenko, Live Nation",1320,74384.09,2073.0,0.63,36.19,72.74,56.35,Arena,1320,74384.09,"Scotiabank Centre, Halifax, Canada"
4/30/2026,1,Mon Laferte,OCESA,8181,719612.2,8181.0,1.0,44.41,148.02,87.96,Theater ,8181,719612.2,"Auditorio Telmex, Zapopan, Mexico"
4/30/2026,1,Tori Amos,"Dirk Becker Entertainment GmbH, Live Nation",2328,184637.1,3571.0,0.65,58.33,99.16,79.31,Theater ,2328,184637.1,"Mitsubishi Electric Halle, Dusseldorf, Germany"
4/30/2026,3,Phish,Live Nation,16642,3469136.13,16656.0,0.99,103.0,232.0,208.45,Arena,49928,10407408.39,"Sphere, Las Vegas, United States"
4/30/2026,1,Peso Pluma,Live Nation,14584,2037222.29,14584.0,1.0,39.5,249.5,139.69,Arena,14584,2037222.29,"Madison Square Garden, New York, United States"
4/30/2026,1,Jake Worthington,"Live Nation, Marathon Live",96,2475.0,550.0,0.17,26.0,31.0,25.78,Club,96,2475.0,"The Signal, Chattanooga, United States"
4/30/2026,1,Elmiene,Live Nation,970,37720.0,1000.0,0.97,35.0,50.0,38.89,Club,970,37720.0,"St. Andrews Hall, Detroit, United States"
4/30/2026,1,Creeper,Live Nation / Gaiety Investments (MCD Productions),229,7747.36,280.0,0.81,33.83,33.83,33.83,Club,229,7747.36,"Whelans, Dublin, Ireland"
4/30/2026,1,Electric Callboy ,Live Nation,7917,464762.0,9402.0,0.84,45.5,99.5,58.7,Amphitheatre,7917,464762.0,"Red Rocks Amphitheatre, Morrison, United States"
4/30/2026,1,Louis Tomlinson,Live Nation / Gaiety Investments (MCD Productions),7304,479122.25,9000.0,0.81,65.56,65.56,65.6,Arena,7304,479122.25,"3Arena, Dublin, Ireland"
4/30/2026,1,Alex Warren,"Live Nation, Metropolis Music",8485,770017.39,8485.0,1.0,47.16,107.81,90.75,Arena,8485,770017.39,"The Motorpoint Arena Nottingham, Nottingham, United Kingdom"
4/30/2026,1,The Weeknd,Live Nation,50779,3722711.47,64511.0,0.78,18.89,32.29,73.31,Stadium,50779,3722711.47,"MorumBIS, São Paulo, Brazil"
5/1/2026,1,Old Dominion,Live Nation,4261,298246.61,4300.0,0.99,58.87,95.69,69.99,Arena,4261,298246.61,"Canada Life Centre, Winnipeg, Canada"
5/1/2026,1,Charlie Noordewier,Live Nation / Gaiety Investments (MCD Productions),33,617.47,40.0,0.82,18.71,18.71,18.71,Club,33,617.47,"Upstairs At Whelans, Dublin, Ireland"
5/1/2026,1,Fiinka,Live Nation / Gaiety Investments (MCD Productions),152,10672.12,180.0,0.84,70.21,70.21,70.21,Theater ,152,10672.12,"The Academy, Dublin, Ireland"
5/1/2026,1,"""Still Not Okay Tour""","Live Nation, Marathon Live",163,3801.0,1500.0,0.1,11.0,47.0,23.32,Club,163,3801.0,"The Signal, Chattanooga, United States"
5/1/2026,1,Maroon 5,Live Nation,4555,580597.63,4570.0,0.99,80.7,470.74,127.46,Arena,4555,580597.63,"Altos De Chavon, La Romana, Dominican Republic"
5/1/2026,3,BLAST Premier,"Blast.tv, Live Nation",4923,147336.67,6448.0,0.76,35.0,265.0,29.92,Arena,14771,442010.0,"Dickies Arena, Fort Worth, United States"
5/1/2026,1,Jumbo,"Apodaca Group, OCESA",1292,50654.52,2302.0,0.56,34.34,91.58,39.21,Theater ,1292,50654.52,"Escenario GNP Seguros, Monterrey, Mexico"
5/1/2026,1,Bailey Zimmerman,Live Nation,6362,336483.03,6362.0,1.0,23.21,89.75,52.89,Amphitheatre,6362,336483.03,"Ascend Amphitheater, Nashville, United States"
5/1/2026,1,Kenia Os,OCESA,4391,442458.16,5460.0,0.8,45.79,343.42,100.76,Arena,4391,442458.16,"Foro GNP Seguros, Merida, Mexico"
5/1/2026,1,Isaiah Rashad,Live Nation,3788,90098.0,3788.0,1.0,15.0,201.5,23.79,Arena,3788,90098.0,"Intuit Dome, Inglewood, United States"
5/1/2026,1,BoDeans,Live Nation,429,17937.5,555.0,0.77,19.5,19.5,41.81,Club,429,17937.5,"Blue Ocean Music Hall, Salisbury, United States"
5/1/2026,1,Lorde,OCESA,17199,1327386.33,17341.0,0.99,34.34,263.29,77.18,Arena,17199,1327386.33,"Palacio de los Deportes, Mexico City, Mexico"
5/1/2026,1,Florence + The Machine,Live Nation,12952,1158779.5,12952.0,1.0,39.5,135.0,89.47,Arena,12952,1158779.5,"State Farm Arena, Atlanta, United States"
5/1/2026,1,5 Seconds Of Summer,Live Nation,6427,367216.19,6500.0,0.98,68.04,68.04,57.14,Arena,6427,367216.19,"Roig Arena, Valencia, Spain"
5/1/2026,1,Alfie Boe,"Live Nation, SJM Concerts",1689,152130.97,1974.0,0.85,95.22,238.04,90.07,Theater ,1689,152130.97,"Sheffield City Hall, Sheffield, United Kingdom"
5/1/2026,2,Nimesh Patel,Live Nation,2219,102979.6,2774.0,0.79,45.0,75.0,46.41,Theater ,4438,205959.2,"Beacon Theatre, New York, United States"
5/1/2026,1,The Lumineers,"DG Medios, Live Nation",4083,250467.82,5973.0,0.68,44.4,88.79,61.34,Arena,4083,250467.82,"Movistar Arena, Santiago, Chile"
5/1/2026,1,"Ne-Yo, Akon",Live Nation,17603,1883919.83,17945.0,0.98,68.01,149.63,107.02,Arena,17603,1883919.83,"Co-op Live, Manchester, United Kingdom"
5/1/2026,1,Bleech 9:3,Live Nation / Gaiety Investments (MCD Productions),359,7349.08,359.0,1.0,20.47,20.47,20.47,Club,359,7349.08,"Whelans, Dublin, Ireland"
5/1/2026,1,The Kid LAROI,Live Nation,4151,225160.75,4570.0,0.9,34.75,74.75,54.24,Arena,4151,225160.75,"Yuengling Center, Tampa, United States"
5/1/2026,1,Iliza Shlesinger,"Bill Blumenreich Presents, Live Nation",779,49882.92,1001.0,0.77,25.0,119.0,64.03,Theater ,779,49882.92,"The Palazzo Theatre, Las Vegas, United States"
5/1/2026,1,Elmiene,Live Nation,1200,48445.0,1250.0,0.96,35.0,50.0,40.37,Club,1200,48445.0,"House Of Blues, Chicago, United States"
5/1/2026,1,Peso Pluma,Live Nation,12174,1454303.98,12174.0,1.0,39.5,249.5,119.46,Arena,12174,1454303.98,"UBS Arena, Elmont, United States"
5/1/2026,1,Mary J. Blige,Live Nation,3380,756300.0,3772.0,0.89,99.0,499.0,223.76,Theater ,3380,756300.0,"Dolby Live at Park MGM Las Vegas, Las Vegas, United States"
5/1/2026,1,Eliades Ochoa,OCESA,1718,56844.96,3139.0,0.54,11.45,114.47,33.09,Theater ,1718,56844.96,"Teatro Metropolitan, Mexico City, Mexico"
5/1/2026,1,Two Friends,Live Nation,9297,582379.0,9297.0,1.0,58.5,91.0,62.64,Amphitheatre,9297,582379.0,"Red Rocks Amphitheatre, Morrison, United States"
5/1/2026,1,"Helloween, Hammerfall",Live Nation,2263,188739.5,3070.0,0.73,60.0,135.0,83.4,Theater ,2263,188739.5,"YouTube Theater, Inglewood, United States"
5/1/2026,2,Rüfüs Du Sol,Live Nation,9730,886594.04,9731.0,0.99,76.25,87.98,91.11,Arena,19461,1773188.07,"Velodrom, Berlin, Germany"
5/1/2026,1,Ashnikko,"Live Nation, Marathon Live",1800,73940.0,1800.0,1.0,39.5,75.0,41.08,Club,1800,73940.0,"Marathon Music Works, Nashville, United States"
5/1/2026,1,The Weeknd,Live Nation,51790,4448471.8,64511.0,0.8,19.07,32.6,85.89,Stadium,51790,4448471.8,"MorumBIS, São Paulo, Brazil"
5/1/2026,1,Just Mustard,Live Nation / Gaiety Investments (MCD Productions),1224,41387.71,1361.0,0.89,33.81,33.81,33.81,Theater ,1224,41387.71,"3Olympia Theatre, Dublin, Ireland"
5/1/2026,1,Diversity,Live Nation / Gaiety Investments (MCD Productions),791,51260.75,1000.0,0.79,64.8,64.8,64.8,Arena,791,51260.75,"Gleneagle Arena, Killarney, Ireland"
5/2/2026,1,Triumph,Live Nation,6657,473934.16,8452.0,0.78,37.14,110.68,71.19,Arena,6657,473934.16,"Canadian Tire Centre, Ottawa, Canada"
5/2/2026,2,Diversity,Live Nation / Gaiety Investments (MCD Productions),830,51829.83,1100.0,0.75,59.24,65.06,62.45,Other,1660,103659.65,"The Convention Centre Dublin, Dublin, Ireland"
5/2/2026,1,Mi Amigo Invencible,OCESA,430,9095.1,1200.0,0.35,5.73,74.47,21.15,Club,430,9095.1,"Lunario, Mexico City, Mexico"
5/2/2026,1,El Malilla,OCESA,1704,57616.92,8292.0,0.2,11.46,120.29,33.81,Stadium,1704,57616.92,"Estadio Caliente, Tijuana, Mexico"
5/2/2026,3,"""Hot Wheels Stunt Show""",Live Nation,4684,213340.19,7056.0,0.66,21.94,135.78,45.55,Arena,14052,640020.58,"The OVO Hydro, Glasgow, United Kingdom"
5/2/2026,1,Alfie Boe,"Live Nation, SJM Concerts",1341,130295.08,1521.0,0.88,50.92,95.05,97.16,Theater ,1341,130295.08,"De Montfort Hall, Leicester, United Kingdom"
5/2/2026,1,Korn,"30e, OCESA, Páramo Presenta",21225,2551172.16,22000.0,0.96,110.23,332.34,120.2,Arena,21225,2551172.16,"Coliseo MedPlus, Bogota, Colombia"
5/2/2026,1,Bailey Zimmerman,Live Nation,5909,314516.55,5909.0,1.0,23.21,89.75,53.23,Amphitheatre,5909,314516.55,"Ascend Amphitheater, Nashville, United States"
5/2/2026,1,Maria Daniela y su Sondio Lasser,OCESA,3056,104242.38,3139.0,0.97,11.46,120.29,34.11,Theater ,3056,104242.38,"Teatro Metropolitan, Mexico City, Mexico"
5/2/2026,1,Jim Gaffigan,"(In-House Promotion), Live Nation",4102,351190.5,6181.0,0.66,39.5,179.5,85.61,Amphitheatre,4102,351190.5,"The Cynthia Woods Mitchell Pavilion, The Woodlands, United States"
5/2/2026,1,Celtic Woman,"(In-House Promotion), evenko, Live Nation",950,54624.01,1550.0,0.61,43.76,73.18,57.5,Arena,950,54624.01,"Mary Brown's Centre, St. John's, Canada"
5/2/2026,1,Amon Amarth,"(In-House Promotion), evenko, Live Nation",3851,233954.39,3851.0,1.0,36.4,73.18,60.75,Arena,3851,233954.39,"Bell Centre, Montreal, Canada"
5/2/2026,1,Bruce Springsteen &amp; The E Street Band,Live Nation,14596,3520266.0,14596.0,1.0,59.5,399.5,241.18,Arena,14596,3520266.0,"State Farm Arena, Atlanta, United States"
5/2/2026,3,"""Dancing With The Stars Live""","Live Nation, NS2",2406,234161.67,2407.0,0.99,59.5,129.5,97.3,Theater ,7220,702485.0,"Eccles Theater, Salt Lake City, United States"
5/2/2026,1,Matteo Lane,Live Nation,3543,212424.06,3543.0,1.0,39.5,79.5,59.96,Theater ,3543,212424.06,"Chicago Theatre, Chicago, United States"
5/2/2026,1,"Ne-Yo, Akon",Live Nation,17612,1882988.93,17896.0,0.98,67.89,162.94,106.92,Arena,17612,1882988.93,"Co-op Live, Manchester, United Kingdom"
5/2/2026,1,Bring Me The Horizon,Live Nation,12454,1397723.23,12454.0,1.0,39.5,149.5,112.23,Arena,12454,1397723.23,"Madison Square Garden, New York, United States"
5/2/2026,2,Deftones,Live Nation,12794,1631474.07,13327.0,0.96,86.35,143.97,127.51,Arena,25589,3262948.14,"Qudos Bank Arena, Sydney, Australia"
5/2/2026,1,Ashley Gavin,Live Nation / Gaiety Investments (MCD Productions),433,14605.9,500.0,0.86,33.74,33.74,33.73,Theater ,433,14605.9,"Ambassador Theatre, Dublin, Ireland"
5/2/2026,1,Iza Tkm,OCESA,983,33780.91,991.0,0.99,11.46,120.29,34.37,Club,983,33780.91,"Foro Puebla 186, Mexico City, Mexico"
5/2/2026,1,The Royston Club,Live Nation / Gaiety Investments (MCD Productions),800,28142.62,800.0,1.0,35.18,35.18,35.18,Theater ,800,28142.62,"The Academy, Dublin, Ireland"
5/2/2026,1,Hit The Lights,Live Nation,251,6952.11,400.0,0.62,27.5,30.0,27.7,Club,251,6952.11,"The Social, Orlando, United States"
5/2/2026,1,Peso Pluma,Live Nation,12993,1680816.95,12996.0,0.99,39.5,249.5,129.36,Arena,12993,1680816.95,"Prudential Center, Newark, United States"
5/2/2026,1,Mary J. Blige,Live Nation,4389,874724.0,4389.0,1.0,99.0,499.0,199.3,Theater ,4389,874724.0,"Dolby Live at Park MGM Las Vegas, Las Vegas, United States"
5/2/2026,2,Cazzu,Live Nation,5699,688659.25,5699.0,1.0,39.5,139.5,120.84,Theater ,11398,1377318.5,"YouTube Theater, Inglewood, United States"
5/2/2026,1,Clutch,"Live Nation, Marathon Live",1500,62500.0,1500.0,1.0,39.0,79.0,41.67,Club,1500,62500.0,"The Signal, Chattanooga, United States"
5/2/2026,1,Gavin James,Live Nation / Gaiety Investments (MCD Productions),1942,107036.24,2085.0,0.93,55.11,55.11,55.12,Theater ,1942,107036.24,"Bord Gáis Energy Theatre, Dublin, Ireland"
5/2/2026,1,Colin Graham,Live Nation / Gaiety Investments (MCD Productions),44,900.33,55.0,0.8,20.46,20.46,20.46,Club,44,900.33,"Upstairs At Whelans, Dublin, Ireland"
5/2/2026,1,Mumford &amp; Sons,Live Nation,11304,1016750.38,11679.0,0.96,89.95,89.95,89.95,Arena,11304,1016750.38,"Spark Arena, Auckland, New Zealand"
5/2/2026,1,Eliades Ochoa,OCESA,465,20842.4,2384.0,0.19,17.18,154.66,44.82,Theater ,465,20842.4,"Teatro Diana, Guadalajara, Mexico"
5/2/2026,1,Mika,Live Nation,3578,184765.0,3578.0,1.0,49.5,99.5,51.64,Club,3578,184765.0,"The Rooftop at Pier 17, New York, United States"
5/2/2026,1,Gabrielle Aplin,Live Nation / Gaiety Investments (MCD Productions),350,11491.57,350.0,1.0,32.83,32.83,32.83,Club,350,11491.57,"Whelans, Dublin, Ireland"
5/2/2026,1,LANY,OCESA,4638,401980.35,8000.0,0.57,20.05,91.65,86.67,Theater ,4638,401980.35,"Pepsi Center Mexico, Mexico City, Mexico"
5/2/2026,1,Sherri Shepherd,"Bill Blumenreich Presents, Live Nation",634,39812.25,1001.0,0.63,35.0,79.0,62.8,Theater ,634,39812.25,"The Palazzo Theatre, Las Vegas, United States"
5/2/2026,1,Nathan Carter,Live Nation / Gaiety Investments (MCD Productions),895,55184.4,1000.0,0.89,61.66,61.66,61.66,Theater ,895,55184.4,"3Olympia Theatre, Dublin, Ireland"
5/2/2026,1,Alex Warren,"Live Nation, Live Nation / Gaiety Investments (MCD Productions)",9553,718384.32,9577.0,0.99,67.89,81.47,75.2,Arena,9553,718384.32,"The SSE Arena, Belfast, Belfast, United Kingdom"
5/2/2026,1,Alter Bridge,"Live Nation, Omaha Performing Arts",1547,49183.14,2722.0,0.56,17.7,65.49,31.79,Theater ,1547,49183.14,"Steelhouse Omaha, Omaha, United States"
5/3/2026,1,Diversity,Live Nation / Gaiety Investments (MCD Productions),1480,96979.56,1886.0,0.78,32.38,201.5,65.53,Theater ,1480,96979.56,"Waterfront Hall, Belfast, United Kingdom"
5/3/2026,1,Knives,Live Nation / Gaiety Investments (MCD Productions),46,887.5,55.0,0.83,19.29,19.29,19.29,Club,46,887.5,"The Academy 2, Dublin, Ireland"
5/3/2026,1,Biffy Clyro,"(In-House Promotion), evenko, Greenland Events Inc, Live Nation",697,25904.02,980.0,0.71,34.93,47.44,37.17,Club,697,25904.02,"Théâtre Beanfield, Montreal, Canada"
5/3/2026,1,SatchVai Band,Live Nation,1938,131799.16,3553.0,0.54,29.5,149.5,68.01,Theater ,1938,131799.16,"Chicago Theatre, Chicago, United States"
5/3/2026,1,Maroon 5,Live Nation,12600,1669200.0,13630.0,0.92,50.0,250.0,132.48,Arena,12600,1669200.0,"Coliseo de Puerto Rico José Miguel Agrelot, San Juan, United States"
5/3/2026,1,Drugdealer,"Live Nation, Union Stage Presents",262,7296.0,500.0,0.52,26.0,40.0,27.85,Club,262,7296.0,"Union Stage, Washington, United States"
5/3/2026,1,Purity Ring,"Live Nation, Marathon Live",331,10520.0,1266.0,0.26,27.5,40.0,31.78,Theater ,331,10520.0,"FIVE, Jacksonville, United States"
5/3/2026,1,Elmiene,Live Nation,900,24519.73,912.0,0.98,25.74,44.13,27.24,Club,900,24519.73,"The Opera House, Toronto, Canada"
5/3/2026,1,PinkPantheress,Live Nation,6000,286915.0,6000.0,1.0,44.5,79.5,47.82,Theater ,6000,286915.0,"The Anthem, Washington, United States"
5/3/2026,1,Gavin James,Live Nation / Gaiety Investments (MCD Productions),602,31408.33,750.0,0.8,52.17,52.17,52.17,Arena,602,31408.33,"Gleneagle Arena, Killarney, Ireland"
5/3/2026,1,Three Days Grace,Live Nation,11220,673036.02,11540.0,0.97,25.74,95.24,59.99,Arena,11220,673036.02,"TD Coliseum, Hamilton, Canada"
5/3/2026,1,Rüfüs Du Sol,Live Nation,12434,1053166.43,12434.0,1.0,64.51,93.83,84.7,Arena,12434,1053166.43,"ING Arena, Brussels, Belgium"
5/3/2026,1,Nathan Carter,Live Nation / Gaiety Investments (MCD Productions),514,30792.7,650.0,0.79,59.91,59.91,59.91,Theater ,514,30792.7,"3Olympia Theatre, Dublin, Ireland"
5/3/2026,1,Diversity,Live Nation / Gaiety Investments (MCD Productions),387,28272.13,450.0,0.86,73.05,73.05,73.05,Theater ,387,28272.13,"Waterfront Hall, Belfast, United Kingdom"
5/4/2026,1,Arankai,Live Nation,268,5460.0,400.0,0.67,20.0,25.0,20.37,Other,268,5460.0,"St Andrew's Hall - The Shelter, Detroit, United States"
5/4/2026,1,Bring Me The Horizon,"(In-House Promotion), Live Nation",11636,981867.25,11636.0,1.0,33.5,123.5,84.38,Arena,11636,981867.25,"CFG Bank Arena, Baltimore, United States"
5/4/2026,7,"""The Lion King""",OCESA,426,34846.53,1400.0,0.3,57.39,286.95,81.77,Theater ,2983,243925.69,"Teatro Telcel, Mexico City, Mexico"
5/4/2026,7,"""The Phantom Of The Opera""",OCESA,440,42897.04,1400.0,0.31,45.91,229.56,97.34,Theater ,3085,300279.27,"Teatro de los Insurgentes, Mexico City, Mexico"
5/4/2026,1,Alfie Boe,"Live Nation, SJM Concerts",1322,130941.3,1377.0,0.96,64.59,95.19,99.05,Theater ,1322,130941.3,"Milton Keynes Theatre, Buckinghamshire, United Kingdom"
5/4/2026,1,Dusty Slay,Live Nation,145,5085.0,150.0,0.96,35.0,35.0,35.07,Club,145,5085.0,"Troubadour, West Hollywood, United States"
5/4/2026,1,Florence + The Machine,Live Nation,10947,1055112.5,10947.0,1.0,33.5,129.0,96.38,Arena,10947,1055112.5,"Moody Center, Austin, United States"
5/4/2026,1,Alex Warren,"Live Nation, Metropolis Music",18273,1628231.87,18273.0,1.0,47.59,108.78,89.11,Arena,18273,1628231.87,"Co-op Live, Manchester, United Kingdom"
5/4/2026,1,The Lumineers,"Live Nation, OCESA, Páramo Presenta, Promotora Colombia",1971,124659.0,2100.0,0.93,64.0,107.0,63.25,Arena,1971,124659.0,"Movistar Arena, Bogota, Colombia"
5/4/2026,1,Jonas Brothers,"DF Entertainment, Live Nation",11228,1824012.38,12919.0,0.86,0.03,0.09,162.45,Arena,11228,1824012.38,"Movistar Arena, Buenos Aires, Argentina"
5/4/2026,1,Violent Vira,"Live Nation, Marathon Live",494,11807.0,1373.0,0.35,25.0,40.0,23.9,Club,494,11807.0,"The Signal, Chattanooga, United States"
5/4/2026,2,"Ne-Yo, Akon",Live Nation,13553,1397605.49,13780.0,0.98,129.86,204.65,103.12,Arena,27107,2795210.98,"Utilita Arena Birmingham, Birmingham, United Kingdom"
5/4/2026,1,Gravity,Live Nation / Gaiety Investments (MCD Productions),261,19768.78,300.0,0.87,75.74,75.74,75.74,Theater ,261,19768.78,"Waterfront Hall, Belfast, United Kingdom"
5/4/2026,1,PinkPantheress,Live Nation,6000,286915.0,6000.0,1.0,44.5,79.5,47.82,Theater ,6000,286915.0,"The Anthem, Washington, United States"
5/4/2026,1,bbno$,Live Nation / Gaiety Investments (MCD Productions),1926,109303.03,2033.0,0.94,56.75,56.75,56.75,Stadium,1926,109303.03,"National Stadium, Dublin, Ireland"
5/5/2026,1,Triumph,Live Nation,5373,298386.07,5500.0,0.97,26.05,103.12,55.53,Arena,5373,298386.07,"Canada Life Centre, Winnipeg, Canada"
5/5/2026,1,Booshle G.,Live Nation / Gaiety Investments (MCD Productions),94,2526.04,100.0,0.94,26.87,26.87,26.87,Club,94,2526.04,"Upstairs At Whelans, Dublin, Ireland"
5/5/2026,1,Alfie Boe,"Live Nation, SJM Concerts",1584,147514.18,1607.0,0.98,50.7,94.65,93.13,Theater ,1584,147514.18,"Bath Forum, Bath, United Kingdom"
5/5/2026,1,Ari Lennox,Live Nation,2935,217933.5,4543.0,0.64,35.5,118.0,74.25,Theater ,2935,217933.5,"Fox Theatre, Atlanta, United States"
5/5/2026,1,"""Dancing With The Stars Live""","Live Nation, NS2",2584,242428.0,2584.0,1.0,59.5,129.5,93.82,Theater ,2584,242428.0,"Orpheum Theater, Omaha, United States"
5/5/2026,1,BOYS LIKE GIRLS,"Hard Rock International (HRI), Live Nation",1389,55506.85,2440.0,0.56,25.0,62.5,39.96,Club,1389,55506.85,"Hard Rock Live Sacramento, Wheatland, United States"
5/5/2026,1,Xavi,OCESA,2590,82955.74,4763.0,0.54,38.81,131.25,32.03,Theater ,2590,82955.74,"Auditorio Telmex, Zapopan, Mexico"
5/5/2026,1,Ty Segall,"Live Nation, NS2",376,11460.0,700.0,0.53,30.0,35.0,30.48,Club,376,11460.0,"Music Farm, Charleston, United States"
5/5/2026,1,Jonas Brothers,"DF Entertainment, Live Nation",11488,997557.38,12919.0,0.88,0.03,0.09,86.83,Arena,11488,997557.38,"Movistar Arena, Buenos Aires, Argentina"
5/5/2026,1,Bruce Springsteen &amp; The E Street Band,Live Nation,16229,4460157.0,16229.0,1.0,60.0,399.0,274.83,Arena,16229,4460157.0,"UBS Arena, Elmont, United States"
5/5/2026,1,Endless Love - A Tribute to Diana Ross and Lionel Richie,Live Nation / Gaiety Investments (MCD Productions),546,24344.48,600.0,0.91,44.59,44.59,44.59,Theater ,546,24344.48,"3Olympia Theatre, Dublin, Ireland"
5/5/2026,1,Peso Pluma,Live Nation,6914,740798.5,6914.0,1.0,39.5,249.5,107.14,Arena,6914,740798.5,"Santander Arena, Reading, United States"
5/5/2026,1,"Dethklok, Amon Amarth",Live Nation,2432,157421.0,3994.0,0.6,69.5,89.5,64.73,Theater ,2432,157421.0,"The Theater at MGM National Harbor, Oxon Hill, United States"
5/5/2026,1,Florence + The Machine,Live Nation,7379,702260.0,7964.0,0.92,39.5,135.0,95.17,Arena,7379,702260.0,"Toyota Center, Houston, United States"
5/5/2026,1,Conan Gray,Live Nation / Gaiety Investments (MCD Productions),11844,874501.4,13305.0,0.89,73.83,73.83,73.83,Arena,11844,874501.4,"3Arena, Dublin, Ireland"
5/5/2026,1,Ryan Harris,Live Nation / Gaiety Investments (MCD Productions),74,2239.32,90.0,0.82,30.26,30.26,30.26,Club,74,2239.32,"The Green Room, Dublin, Ireland"
5/5/2026,1,bbno$,Live Nation / Gaiety Investments (MCD Productions),1502,81882.77,1800.0,0.83,54.52,54.52,54.52,Stadium,1502,81882.77,"National Stadium, Dublin, Ireland"
5/5/2026,1,"""Netflix Is A Joke"", ""Pardon My Take"" Podcast",Live Nation,1852,132129.7,3474.0,0.53,39.5,149.5,71.34,Theater ,1852,132129.7,"YouTube Theater, Inglewood, United States"
5/6/2026,1,Endless Love - A Tribute to Diana Ross and Lionel Richie,Live Nation / Gaiety Investments (MCD Productions),410,17776.98,930.0,0.44,43.41,47.48,43.36,Theater ,410,17776.98,"Ulster Hall, Belfast, United Kingdom"
5/6/2026,1,Endless Love - A Tribute to Diana Ross and Lionel Richie,Live Nation / Gaiety Investments (MCD Productions),109,5012.28,130.0,0.83,45.99,45.99,45.98,Theater ,109,5012.28,"Ulster Hall, Belfast, United Kingdom"
5/6/2026,1,Balu Brigada,Live Nation / Gaiety Investments (MCD Productions),846,19281.37,850.0,0.99,22.79,22.79,22.79,Theater ,846,19281.37,"The Academy, Dublin, Ireland"
5/6/2026,1,No Doubt,Live Nation,16405,3928602.68,16405.0,1.0,104.0,220.0,239.48,Arena,16405,3928602.68,"Sphere, Las Vegas, United States"
5/6/2026,2,Chayanne,OCESA,9471,1333200.77,9634.0,0.98,57.72,461.79,140.76,Theater ,18943,2666401.54,"Auditorio Nacional, Mexico City, Mexico"
5/6/2026,1,"""Dancing With The Stars Live""","Live Nation, NS2",2901,278109.88,2901.0,1.0,59.5,129.5,95.87,Theater ,2901,278109.88,"Stifel Theatre, St. Louis, United States"
5/6/2026,1,Built To Spill,"Live Nation, NS2",359,12865.0,700.0,0.51,25.0,45.0,35.84,Club,359,12865.0,"Music Farm, Charleston, United States"
5/6/2026,1,Cazzu,Live Nation,5249,580109.4,5249.0,1.0,39.5,169.5,110.52,Theater ,5249,580109.4,"Infosys Theater at Madison Square Garden, New York, United States"
5/6/2026,1,"Ne-Yo, Akon",Live Nation,16550,1725575.08,17961.0,0.92,67.83,162.78,104.26,Arena,16550,1725575.08,"Co-op Live, Manchester, United Kingdom"
5/6/2026,1,Elmiene,Live Nation,2842,110695.0,2850.0,0.99,35.0,75.0,38.95,Theater ,2842,110695.0,"Brooklyn Paramount, Brooklyn, United States"
5/6/2026,1,The Afghan Whigs,Live Nation,1233,56347.54,1350.0,0.91,30.0,75.0,45.7,Club,1233,56347.54,"Bogart's, Cincinnati, United States"
5/6/2026,1,Mary J. Blige,Live Nation,3695,755700.0,3695.0,1.0,99.0,499.0,204.52,Theater ,3695,755700.0,"Dolby Live at Park MGM Las Vegas, Las Vegas, United States"
5/6/2026,2,Deftones,Live Nation,9122,1143099.65,9123.0,0.99,86.72,144.58,125.31,Arena,18245,2286199.29,"Brisbane Entertainment Centre, Boondall, Australia"
5/6/2026,2,Rüfüs Du Sol,Live Nation,12076,939834.4,12077.0,0.99,46.87,87.88,77.82,Arena,24153,1879668.8,"Ziggo Dome, Amsterdam, Netherlands"
5/6/2026,1,Super Furry Animals,Live Nation / Gaiety Investments (MCD Productions),1588,94049.5,1661.0,0.95,59.22,59.22,59.23,Theater ,1588,94049.5,"3Olympia Theatre, Dublin, Ireland"
5/6/2026,1,Alex Warren,"Live Nation, Live Nation / Gaiety Investments (MCD Productions)",12502,952549.79,12535.0,0.99,70.31,82.02,76.19,Arena,12502,952549.79,"3Arena, Dublin, Ireland"
5/7/2026,1,Diljit Dosanjh,Live Nation,8950,687036.67,8950.0,1.0,94.95,329.56,76.76,Arena,8950,687036.67,"Canada Life Centre, Winnipeg, Canada"
5/7/2026,1,Leisure,OCESA,1321,45637.25,3010.0,0.43,11.59,121.75,34.55,Arena,1321,45637.25,"Palacio de los Deportes, Mexico City, Mexico"
5/7/2026,1,Alfie Boe,"Live Nation, SJM Concerts",1095,99498.96,1241.0,0.88,50.97,95.15,90.87,Theater ,1095,99498.96,"Warwick Arts Centre, Coventry, United Kingdom"
5/7/2026,1,Ty Myers,Live Nation,10249,540543.0,10986.0,0.93,34.5,34.5,52.74,Amphitheatre,10249,540543.0,"Walmart AMP, Rogers, United States"
5/7/2026,1,Riley Green,Live Nation,18456,922968.5,18882.0,0.97,20.75,130.75,50.01,Amphitheatre,18456,922968.5,"Truliant Amphitheater, Charlotte, United States"
5/7/2026,1,Paulo Londra,OCESA,4231,343966.42,5018.0,0.84,40.58,278.28,81.3,Theater ,4231,343966.42,"Auditorio Josefa Ortiz De Dominguez, Queretaro, Mexico"
5/7/2026,1,Charlie Puth,Live Nation,3820,193325.35,4337.0,0.88,34.95,94.95,50.61,Arena,3820,193325.35,"Veterans Memorial Coliseum, Portland, United States"
5/7/2026,1,Three Days Grace,"(In-House Promotion), evenko, Live Nation",7087,471360.59,7841.0,0.9,40.32,98.98,66.51,Arena,7087,471360.59,"Avenir Centre, Moncton, Canada"
5/7/2026,1,Heather McMahan,Live Nation,312,21784.0,384.0,0.81,49.5,99.5,69.82,Theater ,312,21784.0,"The Avalon / Bardot Hollywood, Los Angeles, United States"
5/7/2026,1,Trey Kennedy,Live Nation,1015,45709.5,1600.0,0.63,17.0,119.0,45.03,Theater ,1015,45709.5,"Dominion Energy Center - Carpenter Theatre, Richmond, United States"
5/7/2026,1,Mon Laferte,"OCESA, Páramo Presenta",10609,842302.22,10609.0,1.0,39.69,269.95,79.4,Arena,10609,842302.22,"Movistar Arena, Bogota, Colombia"
5/7/2026,3,BTS,OCESA,48587,14492588.5,48625.0,0.99,115.95,1014.55,298.28,Stadium,145763,43477765.51,"Estadio GNP Seguros, Mexico City, Mexico"
5/7/2026,1,"""Dancing With The Stars Live""","Live Nation, NS2",2276,234206.5,2276.0,1.0,59.5,129.5,102.9,Theater ,2276,234206.5,"The Andrew J Brady Music Center, Cincinnati, United States"
5/7/2026,1,Cris MJ,OCESA,3471,158012.02,8181.0,0.42,37.68,130.44,45.52,Theater ,3471,158012.02,"Auditorio Telmex, Zapopan, Mexico"
5/7/2026,1,The Lumineers,Live Nation,2711,132259.44,3200.0,0.84,12.34,23.03,48.79,Other,2711,132259.44,"Costa 21 Multiespacio, Magdalena del Mar, Peru"
5/7/2026,1,GRESLEY,Live Nation / Gaiety Investments (MCD Productions),19,389.53,20.0,0.95,20.5,20.5,20.5,Club,19,389.53,"Upstairs At Whelans, Dublin, Ireland"
5/7/2026,1,fakemink,Live Nation,2437,61033.65,2513.0,0.96,24.19,37.64,25.04,Club,2437,61033.65,"HISTORY, Toronto, Canada"
5/7/2026,1,Brògeal,Live Nation / Gaiety Investments (MCD Productions),381,10295.56,450.0,0.84,27.02,27.02,27.02,Theater ,381,10295.56,"The Academy, Dublin, Ireland"
5/7/2026,1,Elmiene,Live Nation,2000,80104.0,2000.0,1.0,35.0,55.0,40.05,Theater ,2000,80104.0,"The Fillmore Silver Spring, Silver Spring, United States"
5/7/2026,3,Peso Pluma,Live Nation,15631,2280424.47,15632.0,0.99,39.5,249.5,145.88,Arena,46895,6841273.4,"United Center, Chicago, United States"
5/7/2026,1,Nate Smith ,"Live Nation, Omaha Performing Arts",1490,40562.25,2699.0,0.55,8.1,55.25,27.22,Theater ,1490,40562.25,"Steelhouse Omaha, Omaha, United States"
5/7/2026,1,Alejandro Fernández,Live Nation,7182,618639.0,8350.0,0.86,39.5,199.5,86.14,Amphitheatre,7182,618639.0,"Red Rocks Amphitheatre, Morrison, United States"
5/7/2026,1,Joey Valence &amp; Brae,Live Nation / Gaiety Investments (MCD Productions),1125,39908.17,1300.0,0.86,35.47,35.47,35.47,Theater ,1125,39908.17,"3Olympia Theatre, Dublin, Ireland"
5/7/2026,1,Florence + The Machine,Live Nation,12160,1214566.0,12405.0,0.98,54.5,150.0,99.88,Arena,12160,1214566.0,"Dickies Arena, Fort Worth, United States"
5/7/2026,1,Eric Clapton,Live Nation,15996,8673213.93,16057.0,0.99,59.92,512.25,542.21,Arena,15996,8673213.93,"Movistar Arena, Madrid, Spain"
5/7/2026,1,Alex Warren,"Live Nation, Live Nation / Gaiety Investments (MCD Productions)",12503,955560.99,12511.0,0.99,70.49,82.24,76.43,Arena,12503,955560.99,"3Arena, Dublin, Ireland"
5/7/2026,1,"""Netflix Is A Joke"", Franco Escamilla",Live Nation,3691,463446.2,3893.0,0.94,69.5,179.5,125.56,Theater ,3691,463446.2,"YouTube Theater, Inglewood, United States"
5/8/2026,1,Fiona O'Connell,Live Nation / Gaiety Investments (MCD Productions),20,385.86,25.0,0.8,19.29,19.29,19.29,Club,20,385.86,"Upstairs At Whelans, Dublin, Ireland"
5/8/2026,7,"""The Phantom Of The Opera""",OCESA,503,49419.55,1400.0,0.35,46.28,231.41,98.11,Theater ,3526,345936.88,"Teatro de los Insurgentes, Mexico City, Mexico"
5/8/2026,1,Maca &amp; Gero,"OCESA, Páramo Presenta",929,28623.9,1288.0,0.72,13.16,74.96,30.81,Theater ,929,28623.9,"Teatro Mayor Santo Domingo, Bogota, Colombia"
5/8/2026,1,Riley Green,Live Nation,12018,720292.5,12018.0,1.0,20.75,110.75,59.93,Amphitheatre,12018,720292.5,"Ameris Bank Amphitheatre, Alpharetta, United States"
5/8/2026,1,Kapo,"OCESA, Páramo Presenta",2411,98777.59,5368.0,0.44,20.47,139.31,40.97,Other,2411,98777.59,"Expofuturo, Pereira, Colombia"
5/8/2026,1,Cris MJ,OCESA,4244,174315.76,7954.0,0.53,17.36,144.63,41.07,Theater ,4244,174315.76,"Auditorio Banamex, Monterrey, Mexico"
5/8/2026,1,Dave Matthews Band,Live Nation,10757,1171367.35,15850.0,0.67,51.2,199.5,108.89,Amphitheatre,10757,1171367.35,"The Cynthia Woods Mitchell Pavilion, The Woodlands, United States"
5/8/2026,1,Three Days Grace,"(In-House Promotion), evenko, Live Nation",7496,465514.4,7702.0,0.97,40.27,98.84,62.1,Arena,7496,465514.4,"Scotiabank Centre, Halifax, Canada"
5/8/2026,1,No Doubt,Live Nation,16635,3962820.53,16635.0,1.0,104.0,220.0,238.22,Arena,16635,3962820.53,"Sphere, Las Vegas, United States"
5/8/2026,1,"""Dancing With The Stars Live""","Live Nation, NS2",4583,482465.88,4583.0,1.0,59.5,129.5,105.27,Theater ,4583,482465.88,"Fox Theatre, Detroit, United States"
5/8/2026,1,All That Remains,"Live Nation, NS2",616,19877.0,700.0,0.88,32.0,35.0,32.27,Club,616,19877.0,"Music Farm, Charleston, United States"
5/8/2026,1,Teen Jesus And The Jean Teasers,Live Nation,1446,50653.34,1900.0,0.76,35.03,35.03,35.03,Club,1446,50653.34,"Forum Melbourne, Melbourne, Australia"
5/8/2026,1,Blessd,"Hard Rock International (HRI), Live Nation",2876,182931.5,2913.0,0.98,21.8,109.5,63.61,Club,2876,182931.5,"Hard Rock Live Orlando, Orlando, United States"
5/8/2026,1,Sleeping With Sirens,"Live Nation, Marathon Live",1740,62244.0,1740.0,1.0,36.0,79.5,35.77,Club,1740,62244.0,"Marathon Music Works, Nashville, United States"
5/8/2026,1,Neil Delamere,Live Nation / Gaiety Investments (MCD Productions),1128,44240.71,1298.0,0.86,39.22,39.22,39.22,Theater ,1128,44240.71,"3Olympia Theatre, Dublin, Ireland"
5/8/2026,3,"Ne-Yo, Akon",Live Nation,16819,1838546.0,16871.0,0.99,143.0,216.19,109.31,Arena,50459,5515637.99,"The O2 - London, London, United Kingdom"
5/8/2026,1,Hit The Lights,Live Nation,459,13085.71,500.0,0.91,22.5,35.0,28.51,Club,459,13085.71,"The Foundry, Philadelphia, United States"
5/8/2026,1,Kid Cudi,Live Nation,4152,408559.53,5284.0,0.78,24.35,175.0,98.4,Arena,4152,408559.53,"Benchmark International Arena, Tampa, United States"
5/8/2026,1,Mary J. Blige,Live Nation,4731,897917.0,4731.0,1.0,99.0,499.0,189.79,Theater ,4731,897917.0,"Dolby Live at Park MGM Las Vegas, Las Vegas, United States"
5/8/2026,1,The Longest Johns,Live Nation / Gaiety Investments (MCD Productions),338,11099.76,400.0,0.84,32.84,32.84,32.84,Theater ,338,11099.76,"The Academy, Dublin, Ireland"
5/8/2026,1,Alfie Boe,"Live Nation, SJM Concerts",1775,120647.5,1856.0,0.95,37.5,70.0,67.97,Theater ,1775,120647.5,"Atlanta Symphony Hall, Atlanta, United States"
5/8/2026,1,Fito &amp; Fitipaldis,Live Nation,15921,1694555.81,16187.0,0.98,53.36,79.75,106.44,Arena,15921,1694555.81,"Movistar Arena, Madrid, Spain"
5/8/2026,1,"""Netflix Is A Joke"", ""Bad Friends Podcast""",Live Nation,4036,301570.0,4363.0,0.92,39.5,149.5,74.72,Theater ,4036,301570.0,"YouTube Theater, Inglewood, United States"
5/9/2026,1,Ichiko Aoba,OCESA,904,42634.01,921.0,0.98,23.29,163.0,47.16,Other,904,42634.01,"Conjunto Santander de Artes Escénicas, Zapopan, Mexico"
5/9/2026,1,Yahir y Chucho Rivas,OCESA,576,17333.62,870.0,0.66,11.64,104.79,30.09,Theater ,576,17333.62,"Foro Puebla, Puebla, Mexico"
5/9/2026,1,Peter Flanagan,Live Nation / Gaiety Investments (MCD Productions),151,5112.26,180.0,0.83,33.86,33.86,33.86,Theater ,151,5112.26,"Ambassador Theatre, Dublin, Ireland"
5/9/2026,1,Riley Green,Live Nation,12120,815060.0,12120.0,1.0,20.75,110.75,67.25,Amphitheatre,12120,815060.0,"Ameris Bank Amphitheatre, Alpharetta, United States"
5/9/2026,1,Lorna Shore,Live Nation,2222,93390.0,3000.0,0.74,25.0,53.0,42.03,Other,2222,93390.0,"Avondale Brewing Company, Birmingham, United States"
5/9/2026,1,"""Evolution of a Snake"" Podcast","(In-House Promotion), evenko, Greenland Events Inc, Live Nation",161,4019.01,270.0,0.59,25.6,29.26,24.96,Theater ,161,4019.01,"Le Studio TD, Montreal, Canada"
5/9/2026,1,Tim Allen,"Hard Rock International (HRI), Live Nation",1981,178373.0,2096.0,0.94,25.0,179.5,90.04,Club,1981,178373.0,"Hard Rock Live Sacramento, Wheatland, United States"
5/9/2026,1,Mon Laferte,"OCESA, Páramo Presenta",5797,345203.04,5813.0,0.99,29.76,202.47,59.55,Stadium,5797,345203.04,"Centro de Espectáculos La Macarena, Medellin, Colombia"
5/9/2026,1,No Doubt,Live Nation,16781,4072274.1,16781.0,1.0,104.0,220.0,242.67,Arena,16781,4072274.1,"Sphere, Las Vegas, United States"
5/9/2026,2,Cris MJ,OCESA,17040,1063486.44,17687.0,0.96,29.11,221.22,62.41,Arena,34081,2126972.88,"Palacio de los Deportes, Mexico City, Mexico"
5/9/2026,1,Chayanne,OCESA,6121,877245.88,8114.0,0.75,58.22,465.72,143.32,Stadium,6121,877245.88,"Autódromo de Querétaro, Santiago de Querétaro, Mexico"
5/9/2026,1,The Lumineers,"Feel The Club, Live Nation",3585,212854.0,4000.0,0.89,49.0,99.0,59.37,Arena,3585,212854.0,"Arena Top Media, Quito, Ecuador"
5/9/2026,1,John Cusack,"Live Nation, Omaha Performing Arts",966,53214.5,1376.0,0.7,25.0,120.5,55.09,Theater ,966,53214.5,"Steelhouse Omaha, Omaha, United States"
5/9/2026,1,Jack Van Cleaf,Live Nation / Gaiety Investments (MCD Productions),70,1605.61,85.0,0.82,22.94,22.94,22.94,Club,70,1605.61,"The Grand Social, Dublin, Ireland"
5/9/2026,1,New Found Glory,"Live Nation, Marathon Live",1025,40392.0,1266.0,0.8,36.0,50.0,39.41,Theater ,1025,40392.0,"FIVE, Jacksonville, United States"
5/9/2026,2,Split Enz,Live Nation,7148,629856.25,8933.0,0.8,88.11,88.11,88.12,Arena,14296,1259712.49,"Spark Arena, Auckland, New Zealand"
5/9/2026,1,Chris Watson,Live Nation / Gaiety Investments (MCD Productions),210,6315.14,230.0,0.91,30.07,30.07,30.07,Club,210,6315.14,"The Academy 2, Dublin, Ireland"
5/9/2026,1,Laszewo,Live Nation,3600,142369.0,3600.0,1.0,24.84,99.5,39.55,Club,3600,142369.0,"The Rooftop at Pier 17, New York, United States"
5/9/2026,1,Elmiene,Live Nation,1000,38375.0,1000.0,1.0,35.0,50.0,38.38,Club,1000,38375.0,"Theatre Of Living Arts , Philadelphia, United States"
5/9/2026,1,Frankie Quinones,Live Nation,452,15955.0,720.0,0.62,29.0,36.5,35.3,Club,452,15955.0,"The Neptune, Seattle, United States"
5/9/2026,1,Mary J. Blige,Live Nation,5201,1004059.0,5201.0,1.0,99.0,499.0,193.05,Theater ,5201,1004059.0,"Dolby Live at Park MGM Las Vegas, Las Vegas, United States"
5/9/2026,1,These Charming Men ,Live Nation / Gaiety Investments (MCD Productions),1514,50429.14,1661.0,0.91,33.3,33.3,33.31,Theater ,1514,50429.14,"3Olympia Theatre, Dublin, Ireland"
5/9/2026,2,Rüfüs Du Sol,Live Nation,8810,695738.01,8810.0,1.0,64.86,94.34,78.97,Arena,17620,1391476.02,"Adidas Arena, Paris, France"
5/9/2026,1,Fito &amp; Fitipaldis,Live Nation,15994,1711698.63,16187.0,0.98,53.66,80.19,107.02,Arena,15994,1711698.63,"Movistar Arena, Madrid, Spain"
5/10/2026,1,Sooshi Mango,Live Nation,457,12795.75,500.0,0.91,25.6,40.23,28.0,Theater ,457,12795.75,"Burton Cummings Theatre, Winnipeg, Canada"
5/10/2026,1,Bella Kay,Live Nation / Gaiety Investments (MCD Productions),840,25250.98,850.0,0.98,30.06,30.06,30.06,Theater ,840,25250.98,"The Academy, Dublin, Ireland"
5/10/2026,1,Ichiko Aoba,OCESA,783,36021.33,1025.0,0.76,17.46,157.18,46.0,Other,783,36021.33,"San Pedro Auditorium, Monterrey, Mexico"
5/10/2026,1,Leisure,"OCESA, Páramo Presenta",414,14590.55,1000.0,0.41,31.93,42.12,35.24,Club,414,14590.55,"The Bonfire, Bogota, Colombia"
5/10/2026,1,Diljit Dosanjh,Live Nation,12220,1602078.6,12220.0,1.0,59.5,399.5,131.1,Arena,12220,1602078.6,"Allstate Arena, Rosemont, United States"
5/10/2026,1,"""Dancing With The Stars Live""","Live Nation, NS2",2930,264455.0,2930.0,1.0,59.5,129.5,90.26,Theater ,2930,264455.0,"Shea's Performing Arts Center, Buffalo, United States"
5/10/2026,1,Charlie Puth,Live Nation,3020,215028.06,3126.0,0.96,29.95,129.95,71.2,Theater ,3020,215028.06,"Bellco Theatre, Denver, United States"
5/10/2026,1,Asim Azhar,"(In-House Promotion), evenko, Greenland Events Inc, Live Nation",710,23108.42,710.0,1.0,32.55,36.2,32.55,Theater ,710,23108.42,"Le Studio TD, Montreal, Canada"
5/10/2026,2,Jonas Brothers,"DG Medios, Live Nation",8566,679101.14,10200.0,0.83,50.51,163.88,79.28,Arena,17132,1358202.27,"Movistar Arena, Santiago, Chile"
5/10/2026,1,"Earth, Wind &amp; Fire",Live Nation,2740,156074.5,3099.0,0.88,32.0,146.5,56.96,Arena,2740,156074.5,"Simmons Bank Arena, North Little Rock, United States"
5/10/2026,1,Kapo,"OCESA, Páramo Presenta, Promotora Colombia",11731,586963.36,11731.0,1.0,25.01,170.14,50.04,Arena,11731,586963.36,"Movistar Arena, Bogota, Colombia"
5/10/2026,1,Nekrogoblikon,"Live Nation, NS2",321,8210.0,700.0,0.45,25.0,30.0,25.58,Club,321,8210.0,"Music Farm, Charleston, United States"
5/10/2026,1,The Neighbourhood,Live Nation,16283,994825.96,16283.0,1.0,67.78,88.12,61.1,Arena,16283,994825.96,"Lanxess Arena, Cologne, Germany"
5/10/2026,1,fakemink,Live Nation,1290,40625.0,1350.0,0.95,35.0,40.0,31.49,Club,1290,40625.0,"House Of Blues, Chicago, United States"
5/10/2026,1,Ari Lennox,Live Nation,1657,101030.79,2245.0,0.73,27.44,85.0,60.97,Theater ,1657,101030.79,"Ryman Auditorium, Nashville, United States"
5/10/2026,1,Juvenile,"Live Nation, Marathon Live",839,30428.5,1760.0,0.47,39.5,79.5,36.27,Club,839,30428.5,"Marathon Music Works, Nashville, United States"
5/10/2026,1,Hippie Sabotage,Live Nation,5600,308675.0,9395.0,0.59,44.75,79.75,55.12,Amphitheatre,5600,308675.0,"Red Rocks Amphitheatre, Morrison, United States"
5/10/2026,1,Rodrigo y Gabriela,Live Nation,1783,112639.6,2603.0,0.68,29.5,199.5,63.17,Theater ,1783,112639.6,"YouTube Theater, Inglewood, United States"
5/10/2026,1,BOYS LIKE GIRLS,"Live Nation, Seattle Theatre Group",1440,74589.6,1701.0,0.84,38.5,65.5,51.8,Theater ,1440,74589.6,"Moore Theatre, Seattle, United States"
5/11/2026,1,Alana Jackson,Live Nation / Gaiety Investments (MCD Productions),21,540.69,25.0,0.84,25.75,25.75,25.75,Club,21,540.69,"Upstairs At Whelans, Dublin, Ireland"
5/11/2026,1,Three Days Grace,"(In-House Promotion), evenko, Live Nation",4864,414371.49,4991.0,0.97,40.18,98.62,85.19,Arena,4864,414371.49,"Mary Brown's Centre, St. John's, Canada"
5/11/2026,1,The Fray,"(In-House Promotion), evenko, Live Nation",1822,98363.63,1879.0,0.96,36.16,65.38,53.99,Theater ,1822,98363.63,"Casino New Brunswick, Moncton, Canada"
5/11/2026,1,Demi Lovato,Live Nation,8239,768248.75,8959.0,0.91,32.0,122.0,93.25,Arena,8239,768248.75,"Chase Center, San Francisco, United States"
5/11/2026,1,Dave Matthews Band,Live Nation,9536,1229511.35,11271.0,0.84,48.45,197.35,128.93,Arena,9536,1229511.35,"Moody Center, Austin, United States"
5/11/2026,2,"""The Road To The Great Escape""",Live Nation / Gaiety Investments (MCD Productions),226,4384.09,335.0,0.67,19.4,19.4,19.4,Club,452,8768.18,"Whelans, Dublin, Ireland"
5/11/2026,2,"""The Road To The Great Escape""",Live Nation / Gaiety Investments (MCD Productions),54,1047.53,80.0,0.67,19.4,19.4,19.4,Club,108,2095.05,"The Grand Social, Dublin, Ireland"
5/11/2026,1,fakemink,Live Nation,1900,52572.0,1954.0,0.97,29.5,60.0,27.67,Club,1900,52572.0,"The Fillmore Minneapolis, Minneapolis, United States"
5/11/2026,2,Arcángel,"Dale Play Live, Live Nation, Rimas Entertainment",14204,1078748.46,14500.0,0.97,64.66,94.05,75.94,Arena,28409,2157496.92,"Movistar Arena, Madrid, Spain"
5/11/2026,1,Marlon Funaki,Live Nation / Gaiety Investments (MCD Productions),219,5921.87,260.0,0.84,27.04,27.04,27.04,Club,219,5921.87,"Workman's Club, Dublin, Ireland"
5/11/2026,1,The Kid LAROI,Live Nation,3147,204407.0,3147.0,1.0,59.5,99.5,64.95,Theater ,3147,204407.0,"The Anthem, Washington, United States"
5/11/2026,1,Elmiene,Live Nation,1887,70526.0,1900.0,0.99,35.0,50.0,37.37,Club,1887,70526.0,"The Fillmore Charlotte, Charlotte, United States"
5/11/2026,1,Chance Peña,Live Nation / Gaiety Investments (MCD Productions),1564,56836.78,1661.0,0.94,36.34,36.34,36.34,Theater ,1564,56836.78,"3Olympia Theatre, Dublin, Ireland"
5/11/2026,1,Yungblud,Live Nation,8979,658291.0,8979.0,1.0,49.5,99.5,73.31,Amphitheatre,8979,658291.0,"Red Rocks Amphitheatre, Morrison, United States"
5/12/2026,1,Three Days Grace,"(In-House Promotion), evenko, Live Nation",3353,212345.69,4189.0,0.8,40.16,98.59,63.33,Arena,3353,212345.69,"Mary Brown's Centre, St. John's, Canada"
5/12/2026,1,"""The Road To The Great Escape""",Live Nation / Gaiety Investments (MCD Productions),29,987.01,35.0,0.82,34.03,34.03,34.03,Other,29,987.01,"Various Venues, Dublin, Ireland"
5/12/2026,1,Alfie Boe,"Live Nation, SJM Concerts",972,97094.99,992.0,0.97,50.94,95.08,99.89,Theater ,972,97094.99,"Embassy Theatre, Skegness, United Kingdom"
5/12/2026,1,Bring Me The Horizon,Live Nation,8501,745435.0,9091.0,0.93,29.5,129.5,87.69,Arena,8501,745435.0,"T-Mobile Center, Kansas City, United States"
5/12/2026,1,The Midnight,Live Nation,1460,67755.0,1500.0,0.97,40.0,165.0,46.41,Club,1460,67755.0,"McMenamins Crystal Ballroom, Portland, United States"
5/12/2026,1,"""Dancing With The Stars Live""","Live Nation, NS2",3032,307324.0,3032.0,1.0,59.5,129.5,101.36,Theater ,3032,307324.0,"The Met Philadelphia, Philadelphia, United States"
5/12/2026,1,PinkPantheress,"(In-House Promotion), Crossroads Presents, Live Nation",4997,218018.5,4997.0,1.0,25.5,65.5,43.63,Club,4997,218018.5,"MGM Music Hall at Fenway, Boston, United States"
5/12/2026,1,Don Toliver,Live Nation,10474,725665.0,10474.0,1.0,25.5,95.5,69.28,Arena,10474,725665.0,"BOK Center, Tulsa, United States"
5/12/2026,1,Mac Saturn,Live Nation,30,505.0,250.0,0.12,15.0,20.0,16.83,Theater ,30,505.0,"The Upstairs at Avondale, Birmingham, United States"
5/12/2026,1,Skizzy Mars,"Live Nation, Union Stage Presents",84,2339.0,150.0,0.56,25.0,33.0,27.85,Club,84,2339.0,"Pearl Street Warehouse, Washington, United States"
5/12/2026,1,"""The Road To The Great Escape""",Live Nation / Gaiety Investments (MCD Productions),83,1610.05,100.0,0.83,19.4,19.4,19.4,Club,83,1610.05,"Workman's Club, Dublin, Ireland"
5/12/2026,1,"Ne-Yo, Akon",Live Nation,15408,1369712.1,16050.0,0.96,65.13,169.88,88.9,Arena,15408,1369712.1,"Accor Arena, Paris, France"
5/12/2026,1,Elmiene,Live Nation,1109,41337.0,1150.0,0.96,35.0,50.0,37.27,Club,1109,41337.0,"Brooklyn Bowl Nashville, Nashville, United States"
5/12/2026,1,Bloodywood,"Live Nation, Marathon Live",466,16404.0,1500.0,0.31,29.5,59.5,35.2,Club,466,16404.0,"The Signal, Chattanooga, United States"
5/12/2026,1,Maddox Batson,Live Nation / Gaiety Investments (MCD Productions),864,28915.57,1000.0,0.86,33.47,33.47,33.47,Theater ,864,28915.57,"3Olympia Theatre, Dublin, Ireland"
5/12/2026,1,Florence + The Machine,Live Nation,14736,1752691.0,14736.0,1.0,49.5,165.0,118.94,Arena,14736,1752691.0,"Climate Pledge Arena, Seattle, United States"
5/13/2026,1,Karan Aujla,Live Nation,10521,700468.9,10521.0,1.0,43.46,145.72,66.58,Arena,10521,700468.9,"Canada Life Centre, Winnipeg, Canada"
5/13/2026,1,The Fray,"(In-House Promotion), evenko, Greenland Events Inc, Live Nation",2172,110376.2,2200.0,0.98,47.48,69.39,50.82,Club,2172,110376.2,"MTELUS, Montreal, Canada"
5/13/2026,1,Joe Jackson,"(In-House Promotion), evenko, Live Nation",1379,86684.5,1386.0,0.99,40.17,91.3,62.86,Theater ,1379,86684.5,"Théâtre Maisonneuve, Montreal, Canada"
5/13/2026,1,Tori Amos,Live Nation,2547,257633.19,3103.0,0.82,101.15,101.15,101.15,Theater ,2547,257633.19,"Tempodrom, Berlin, Germany"
5/13/2026,1,Alfie Boe,"Live Nation, SJM Concerts",981,96720.75,1118.0,0.87,50.77,94.76,98.59,Theater ,981,96720.75,"Cambridge Corn Exchange, Cambridge, United Kingdom"
5/13/2026,1,No Doubt,Live Nation,16080,3555443.38,16080.0,1.0,104.0,220.0,221.11,Arena,16080,3555443.38,"Sphere, Las Vegas, United States"
5/13/2026,1,Triumph,Live Nation,7698,600126.0,7698.0,1.0,48.5,128.5,77.96,Arena,7698,600126.0,"Allstate Arena, Rosemont, United States"
5/13/2026,1,"""Dancing With The Stars Live""","Live Nation, NS2",2383,243329.0,2383.0,1.0,59.5,129.5,102.11,Theater ,2383,243329.0,"Akron Civic Theatre, Akron, United States"
5/13/2026,1,Florence + The Machine,Live Nation,13554,1251418.5,13554.0,1.0,34.5,130.0,92.33,Arena,13554,1251418.5,"Moda Center, Portland, United States"
5/13/2026,1,Bush,"Live Nation, Ruth Eckerd Hall Presents",2639,156909.0,4200.0,0.62,49.5,109.5,59.46,Amphitheatre,2639,156909.0,"The BayCare Sound, Clearwater, United States"
5/13/2026,1,David The Medium,Live Nation,454,23050.79,454.0,1.0,48.06,65.66,50.77,Theater ,454,23050.79,"Sheffield City Hall, Sheffield, United Kingdom"
5/13/2026,1,Sting,Live Nation,5873,845564.75,6300.0,0.93,91.5,211.5,143.97,Amphitheatre,5873,845564.75,"The Cynthia Woods Mitchell Pavilion, The Woodlands, United States"
5/13/2026,1,Christopher MacArthur-Boyd,Live Nation / Gaiety Investments (MCD Productions),53,1299.83,65.0,0.81,24.53,24.53,24.53,Club,53,1299.83,"Whelans, Dublin, Ireland"
5/13/2026,1,Issue,Live Nation / Gaiety Investments (MCD Productions),42,460.81,50.0,0.84,10.97,10.97,10.97,Club,42,460.81,"The Grand Social, Dublin, Ireland"
5/13/2026,1,Arcángel,"Dale Play Live, Live Nation, Rimas Entertainment",4336,350709.82,4600.0,0.94,70.41,93.88,80.88,Arena,4336,350709.82,"Sant Jordi Club, Barcelona, Spain"
5/13/2026,1,Shinedown,"FPC Live (Frank Productions Concerts), Live Nation",5573,589336.0,6912.0,0.8,46.75,126.5,105.75,Arena,5573,589336.0,"Resch Center, Green Bay, United States"
5/13/2026,1,Herbie Hancock,Live Nation,1466,119462.66,2277.0,0.64,27.44,129.5,81.49,Theater ,1466,119462.66,"Ryman Auditorium, Nashville, United States"
5/13/2026,1,Sienna Spiro,Live Nation / Gaiety Investments (MCD Productions),1601,61979.54,1661.0,0.96,38.71,38.71,38.71,Theater ,1601,61979.54,"3Olympia Theatre, Dublin, Ireland"
5/13/2026,1,The New Pornographers,Live Nation,329,12406.97,500.0,0.65,40.0,55.0,37.71,Club,329,12406.97,"The Crescent Ballroom, Phoenix, United States"
5/13/2026,1,Rüfüs Du Sol,Live Nation,15781,1347415.42,15781.0,1.0,55.22,95.83,85.38,Arena,15781,1347415.42,"The O2 - London, London, United Kingdom"
5/13/2026,1,Demi Lovato,Live Nation,7153,606900.25,7153.0,1.0,39.5,129.5,84.85,Arena,7153,606900.25,"Climate Pledge Arena, Seattle, United States"
5/13/2026,1,Tame Impala,Live Nation / Gaiety Investments (MCD Productions),12475,1355752.37,13313.0,0.93,108.67,108.67,108.68,Arena,12475,1355752.37,"3Arena, Dublin, Ireland"
5/14/2026,1,PinkPantheress,"evenko, Live Nation",2312,117209.73,2312.0,1.0,50.7,50.7,50.7,Club,2312,117209.73,"L'Olympia, Montreal, Canada"
5/14/2026,1,Violent Vira,"Live Nation, NS2",676,16905.0,676.0,1.0,25.0,30.0,25.01,Club,676,16905.0,"Music Farm, Charleston, United States"
5/14/2026,1,Sam Harris,Live Nation,2059,185776.7,2751.0,0.74,49.5,250.0,90.23,Theater ,2059,185776.7,"Beacon Theatre, New York, United States"
5/14/2026,1,Scott Bennett,Live Nation,439,13361.56,439.0,1.0,30.44,30.44,30.44,Theater ,439,13361.56,"Sheffield City Hall, Sheffield, United Kingdom"
5/14/2026,1,"Ne-Yo, Akon",Live Nation,16720,1781754.0,16724.0,0.99,149.48,215.76,106.56,Arena,16720,1781754.0,"The O2 - London, London, United Kingdom"
5/14/2026,1,Alicia Villarreal,OCESA,7285,281177.98,9564.0,0.76,14.56,154.01,38.6,Theater ,7285,281177.98,"Auditorio Nacional, Mexico City, Mexico"
5/14/2026,1,Don Toliver,Live Nation,13013,1274165.5,13013.0,1.0,39.5,149.5,97.91,Arena,13013,1274165.5,"Toyota Center, Houston, United States"
5/14/2026,1,Elmiene,Live Nation,1270,55945.0,1310.0,0.96,35.0,50.0,44.05,Theater ,1270,55945.0,"Iron City, Birmingham, United States"
5/14/2026,1,Pitbull,Live Nation,17206,1838210.0,17206.0,1.0,59.95,499.95,106.84,Amphitheatre,17206,1838210.0,"iTHINK Financial Amphitheatre, West Palm Beach, United States"
5/14/2026,1,Black Label Society,Live Nation,2246,137102.15,2260.0,0.99,39.5,79.5,61.04,Theater ,2246,137102.15,"Ryman Auditorium, Nashville, United States"
5/15/2026,1,Electric Callboy ,"(In-House Promotion), evenko, Heavy Montreal, Live Nation",6051,425947.59,6051.0,1.0,42.94,76.42,70.39,Arena,6051,425947.59,"Place Bell, Laval, Canada"
5/15/2026,1,Curren$y,"Live Nation, NS2",612,22092.5,700.0,0.87,25.0,42.5,36.1,Club,612,22092.5,"Music Farm, Charleston, United States"
5/15/2026,1,No Doubt,Live Nation,16610,3895376.7,16610.0,1.0,104.0,220.0,234.52,Arena,16610,3895376.7,"Sphere, Las Vegas, United States"
5/15/2026,1,Noochie,Live Nation,2900,196589.0,2900.0,1.0,39.5,129.5,67.79,Theater ,2900,196589.0,"The Theater at MGM National Harbor, Oxon Hill, United States"
5/15/2026,2,"Ne-Yo, Akon",Live Nation,15188,1506988.0,15373.0,0.98,99.63,140.41,99.22,Arena,30376,3013976.0,"Ziggo Dome, Amsterdam, Netherlands"
5/15/2026,2,Rawayana,"Dale Play Live, Live Nation, Rimas Entertainment",14590,986962.34,14600.0,0.99,52.43,87.39,67.64,Arena,29181,1973924.67,"Movistar Arena, Madrid, Spain"
5/15/2026,1,Elmiene,Live Nation,3842,157712.6,3852.0,0.99,35.0,69.5,41.05,Theater ,3842,157712.6,"Coca-Cola Roxy, Atlanta, United States"
5/15/2026,1,Bilmuri,Live Nation,3585,183889.0,3585.0,1.0,49.99,79.99,51.29,Club,3585,183889.0,"The Rooftop at Pier 17, New York, United States"
5/15/2026,1,Rüfüs Du Sol,Live Nation,12291,857910.88,13305.0,0.92,51.79,89.55,69.8,Arena,12291,857910.88,"3Arena, Dublin, Ireland"
5/15/2026,1,Drew &amp; Ellie Holcomb,Live Nation,1410,69100.78,1987.0,0.7,15.5,66.0,49.01,Theater ,1410,69100.78,"Ryman Auditorium, Nashville, United States"
5/15/2026,1,Sam Barber,"FPC Live (Frank Productions Concerts), Live Nation",4054,16900.0,4600.0,0.88,25.0,48.5,4.17,Club,4054,16900.0,"Firefly Distillery, North Charleston, United States"
5/15/2026,2,Miguel Bosé,OCESA,9452,1208548.72,9564.0,0.98,72.4,289.6,127.85,Theater ,18905,2417097.43,"Auditorio Nacional, Mexico City, Mexico"
5/16/2026,1,Grupo Niche,"(In-House Promotion), evenko, Greenland Events Inc, Live Nation",2200,142480.1,2200.0,1.0,62.53,80.71,64.76,Club,2200,142480.1,"MTELUS, Montreal, Canada"
5/16/2026,1,Chelcie Lynn,"Live Nation, Omaha Performing Arts",1430,49650.0,1473.0,0.97,30.5,55.5,34.72,Theater ,1430,49650.0,"Steelhouse Omaha, Omaha, United States"
5/16/2026,1,Jason Bonham’s Led Zeppelin Evening,"Hard Rock International (HRI), Live Nation",1674,109594.0,1971.0,0.84,25.0,99.5,65.47,Club,1674,109594.0,"Hard Rock Live Sacramento, Wheatland, United States"
5/16/2026,1,Yungblud,Live Nation,6571,361909.5,6571.0,1.0,39.5,79.5,55.08,Arena,6571,361909.5,"Moda Center, Portland, United States"
5/16/2026,1,"""Gasolina Dance Party""","Live Nation, NS2",704,14667.2,704.0,1.0,9.2,25.0,20.83,Club,704,14667.2,"Music Farm, Charleston, United States"
5/16/2026,1,No Doubt,Live Nation,16762,3896322.98,16762.0,1.0,104.0,220.0,232.45,Arena,16762,3896322.98,"Sphere, Las Vegas, United States"
5/16/2026,1,Ari Lennox,Live Nation,3532,246574.33,3532.0,1.0,49.5,149.5,69.81,Theater ,3532,246574.33,"Chicago Theatre, Chicago, United States"
5/16/2026,1,Jason Mraz,"Live Nation, Ruth Eckerd Hall Presents",1796,181654.0,2000.0,0.89,64.0,150.0,101.14,Theater ,1796,181654.0,"Ruth Eckerd Hall, Clearwater, United States"
5/16/2026,1,Pitbull,Live Nation,17589,2007800.0,17589.0,1.0,59.95,499.95,114.15,Amphitheatre,17589,2007800.0,"MidFlorida Credit Union Amphitheatre, Tampa, United States"
5/16/2026,1,Bilmuri,Live Nation,4789,255272.0,4789.0,1.0,49.99,79.99,53.3,Theater ,4789,255272.0,"The Anthem, Washington, United States"
5/16/2026,1,Good Kid,"FPC Live (Frank Productions Concerts), Live Nation",1671,50386.0,2447.0,0.68,15.97,49.5,30.15,Club,1671,50386.0,"The Sylvee, Madison, United States"
5/16/2026,1,Drew &amp; Ellie Holcomb,Live Nation,1592,76368.2,2018.0,0.78,15.5,66.0,47.97,Theater ,1592,76368.2,"Ryman Auditorium, Nashville, United States"
5/16/2026,1,TWICE,Live Nation,15545,2916515.39,16963.0,0.91,97.63,449.21,187.62,Arena,15545,2916515.39,"Accor Arena, Paris, France"
5/17/2026,1,The Kid LAROI,"(In-House Promotion), evenko, Live Nation",3298,170957.58,3298.0,1.0,50.53,94.16,51.84,Arena,3298,170957.58,"Place Bell, Laval, Canada"
5/17/2026,1,Sooshi Mango,"evenko, Live Nation",1199,41891.15,1199.0,1.0,25.45,39.99,34.94,Club,1199,41891.15,"L'Olympia, Montreal, Canada"
5/17/2026,1,Sooshi Mango,"evenko, Live Nation",676,23623.07,832.0,0.81,25.45,39.99,34.95,Club,676,23623.07,"L'Olympia, Montreal, Canada"
5/17/2026,1,Bilmuri,"(In-House Promotion), Crossroads Presents, Live Nation",4209,198022.41,4969.0,0.84,25.0,65.99,47.05,Club,4209,198022.41,"MGM Music Hall at Fenway, Boston, United States"
5/17/2026,1,The Black Crowes,Live Nation,5936,417839.75,6958.0,0.85,33.95,124.0,70.39,Arena,5936,417839.75,"Moody Center, Austin, United States"
5/17/2026,1,Alex Elle,"Live Nation, Union Stage Presents",386,28090.0,600.0,0.64,45.0,80.0,72.77,Club,386,28090.0,"The Howard Theatre, Washington, United States"
5/17/2026,1,Don Toliver,Live Nation,11285,692986.5,11285.0,1.0,39.5,149.5,61.41,Arena,11285,692986.5,"Colonial Life Arena, Columbia, United States"
5/17/2026,1,"Ne-Yo, Akon",Live Nation,18174,1766787.99,18602.0,0.97,58.72,145.92,97.22,Arena,18174,1766787.99,"AFAS Dome, Merksem, Belgium"
5/17/2026,1,Rawayana,"Dale Play Live, Live Nation, Rimas Entertainment",16156,1006282.02,16156.0,1.0,52.32,87.2,62.29,Arena,16156,1006282.02,"Palau Sant Jordi, Barcelona, Spain"
5/17/2026,1,Elmiene,Live Nation,1722,78297.0,1725.0,0.99,35.0,55.0,45.47,Club,1722,78297.0,"House Of Blues, Houston, United States"
5/17/2026,1,Pitbull,Live Nation,11863,1562849.0,11863.0,1.0,59.95,499.95,131.74,Stadium,11863,1562849.0,"Credit One Stadium, Charleston, United States"
5/17/2026,1,TWICE,Live Nation,10670,1358260.39,16963.0,0.62,97.67,449.38,127.3,Arena,10670,1358260.39,"Accor Arena, Paris, France"
5/17/2026,1,mgk,Live Nation,10283,475905.0,10283.0,1.0,29.5,149.5,46.28,Amphitheatre,10283,475905.0,"North Island Credit Union Amphitheatre, Chula Vista, United States"
5/18/2026,1,Kraftwerk,Live Nation / Gaiety Investments (MCD Productions),1815,193128.56,1886.0,0.96,72.4,226.24,106.41,Theater ,1815,193128.56,"Waterfront Hall, Belfast, United Kingdom"
5/18/2026,1,Khalid,Live Nation,8428,607948.0,8910.0,0.94,60.95,130.95,72.13,Amphitheatre,8428,607948.0,"Red Rocks Amphitheatre, Morrison, United States"
5/18/2026,2,Split Enz,Live Nation,7190,894044.89,8100.0,0.88,71.18,508.41,124.34,Theater ,14381,1788089.77,"TikTok Entertainment Centre, Sydney, Australia"
5/19/2026,1,"Ne-Yo, Akon",Live Nation,11771,1557437.37,13000.0,0.9,96.72,166.72,132.31,Arena,11771,1557437.37,"Hallenstadion Zurich, Zurich, Switzerland"
5/19/2026,1,Bruce Springsteen &amp; The E Street Band,Live Nation,16225,3677364.0,16225.0,1.0,60.0,250.0,226.65,Arena,16225,3677364.0,"PPG Paints Arena, Pittsburgh, United States"
5/19/2026,1,Don Toliver,Live Nation,12236,1231945.0,12236.0,1.0,39.5,149.5,100.68,Arena,12236,1231945.0,"State Farm Arena, Atlanta, United States"
5/19/2026,1,Elmiene,Live Nation,894,33667.0,900.0,0.99,35.0,50.0,37.66,Club,894,33667.0,"Emo's, Austin, United States"
5/19/2026,1,Pitbull,Live Nation,19978,1373611.0,19978.0,1.0,35.0,499.95,68.76,Amphitheatre,19978,1373611.0,"Coastal Credit Union Music Park at Walnut Creek, Raleigh, United States"
5/20/2026,1,"Ne-Yo, Akon",Live Nation,15017,1411637.09,15247.0,0.98,73.5,153.56,94.0,Arena,15017,1411637.09,"Lanxess Arena, Cologne, Germany"
5/20/2026,1,Carly Pearce,Live Nation / Gaiety Investments (MCD Productions),1520,84848.68,2360.0,0.64,59.63,59.63,55.82,Theater ,1520,84848.68,"Waterfront Hall, Belfast, United Kingdom"
5/20/2026,1,Jonas Brothers,Live Nation,4034,508027.0,4666.0,0.86,49.0,399.0,125.94,Theater ,4034,508027.0,"Dolby Live at Park MGM Las Vegas, Las Vegas, United States"
5/20/2026,1,Yuri,OCESA,9487,785668.61,9564.0,0.99,11.48,200.97,82.82,Theater ,9487,785668.61,"Auditorio Nacional, Mexico City, Mexico"
5/20/2026,1,Elmiene,Live Nation,1625,69805.02,1625.0,1.0,35.0,59.5,42.96,Club,1625,69805.02,"House Of Blues, Dallas, United States"
5/20/2026,1,Pitbull,Live Nation,18859,1557045.0,18859.0,1.0,35.0,199.95,82.56,Amphitheatre,18859,1557045.0,"Truliant Amphitheater, Charlotte, United States"
5/20/2026,1,Charlie Puth,Live Nation,5994,402652.04,6060.0,0.98,32.71,108.69,67.18,Arena,5994,402652.04,"TD Coliseum, Hamilton, Canada"
5/21/2026,1,"""The Sixties Show""","(In-House Promotion), Live Nation",531,23240.5,896.0,0.59,36.0,61.5,43.77,Theater ,531,23240.5,"Lexington Opera House, Lexington, United States"
5/21/2026,1,Fobia,OCESA,4532,237988.38,4822.0,0.93,25.97,103.87,52.51,Theater ,4532,237988.38,"Auditorio Telmex, Zapopan, Mexico"
5/21/2026,1,HARDY,Live Nation,12318,724158.5,20322.0,0.6,28.75,158.75,58.79,Amphitheatre,12318,724158.5,"Riverbend Music Center, Cincinnati, United States"
5/21/2026,1,No Doubt,Live Nation,15713,2964589.1,15713.0,1.0,104.0,220.0,188.67,Arena,15713,2964589.1,"Sphere, Las Vegas, United States"
5/21/2026,1,Hannah Cohen,Live Nation,350,8770.0,350.0,1.0,25.0,27.5,25.06,Club,350,8770.0,"Swedish American Hall, San Francisco, United States"
5/21/2026,1,Don Toliver,Live Nation,14479,1422237.0,14479.0,1.0,39.5,149.5,98.23,Arena,14479,1422237.0,"Spectrum Center, Charlotte, United States"
5/22/2026,1,Alter Bridge,Live Nation,1327,69814.16,3000.0,0.44,25.0,67.5,52.61,Other,1327,69814.16,"Avondale Brewing Company, Birmingham, United States"
5/22/2026,1,Frei.Wild,Live Nation,7692,534248.23,8220.0,0.93,66.65,107.29,69.46,Arena,7692,534248.23,"Lanxess Arena, Cologne, Germany"
5/22/2026,1,Diljit Dosanjh,Live Nation,11081,1060428.0,11081.0,1.0,59.5,499.5,95.7,Arena,11081,1060428.0,"State Farm Arena, Atlanta, United States"
5/22/2026,1,Charlie Puth,"(In-House Promotion), Crossroads Presents, Live Nation",4819,271357.56,4970.0,0.96,27.98,75.95,56.31,Club,4819,271357.56,"MGM Music Hall at Fenway, Boston, United States"
5/22/2026,1,KWN,Live Nation,1687,94311.89,1900.0,0.88,55.91,55.91,55.91,Club,1687,94311.89,"Forum Melbourne, Melbourne, Australia"
5/22/2026,1,Split Enz,Live Nation,6776,827731.03,8309.0,0.81,71.33,147.62,122.16,Arena,6776,827731.03,"RAC Arena, Perth, Australia"
5/22/2026,1,José María Napoleón,"(In-House Promotion), ATG Entertainment, Live Nation",1171,90342.0,2264.0,0.51,49.5,129.5,77.15,Theater ,1171,90342.0,"Majestic Theatre, San Antonio, United States"
5/22/2026,1,Daniel Sloss,Live Nation,1401,61995.3,1923.0,0.72,19.8,47.66,44.25,Theater ,1401,61995.3,"Sheffield City Hall, Sheffield, United Kingdom"
5/22/2026,1,HARDY,Live Nation,5085,346079.75,7091.0,0.71,14.75,164.75,68.06,Amphitheatre,5085,346079.75,"The Orion Amphitheater, Huntsville, United States"
5/22/2026,1,Jonas Brothers,Live Nation,4447,551599.0,5049.0,0.88,49.0,399.0,124.04,Theater ,4447,551599.0,"Dolby Live at Park MGM Las Vegas, Las Vegas, United States"
5/22/2026,1,Jake Owen,Live Nation,1088,70598.0,1088.0,1.0,79.0,119.0,64.89,Other,1088,70598.0,"MGM Grand Detroit, Detroit, United States"
5/22/2026,1,Bruce Springsteen &amp; The E Street Band,Live Nation,18169,4998711.0,18169.0,1.0,60.0,350.0,275.12,Arena,18169,4998711.0,"Rocket Arena, Cleveland, United States"
5/22/2026,1,"Ne-Yo, Akon",Live Nation,21246,1892125.0,21246.0,1.0,8.16,11.94,89.06,Arena,21246,1892125.0,"Unity Arena, Fornebu, Norway"
5/22/2026,1,Pitbull,Live Nation,16155,1916134.0,16155.0,1.0,59.95,499.95,118.61,Amphitheatre,16155,1916134.0,"The Cynthia Woods Mitchell Pavilion, The Woodlands, United States"
5/22/2026,1,Russell Peters,Live Nation,1019,70389.0,2900.0,0.35,59.5,130.0,69.08,Theater ,1019,70389.0,"The Theater at MGM National Harbor, Oxon Hill, United States"
5/22/2026,1,mgk,Live Nation,7287,450713.0,7287.0,1.0,29.5,149.5,61.85,Amphitheatre,7287,450713.0,"Germania Insurance Amphitheater, Austin, United States"
5/22/2026,2,Belle and Sebastian,Live Nation,3600,223234.5,3600.0,1.0,59.5,125.0,62.01,Club,7200,446469.0,"The Rooftop at Pier 17, New York, United States"
5/22/2026,1,Bad Bunny,Live Nation,58092,9015689.5,58092.0,1.0,81.28,232.24,155.2,Stadium,58092,9015689.5,"Estadi Olimpic De Montjuic ""Lluis Companys"", Barcelona, Spain"
5/23/2026,1,Iron Maiden,Live Nation,41242,4417816.64,45000.0,0.91,52.24,179.93,107.12,Stadium,41242,4417816.64,"Olympic Stadium, Athens, Greece"
5/23/2026,1,Ari Lennox,"(In-House Promotion), Crossroads Presents, Live Nation",1512,66141.0,3523.0,0.42,25.0,78.5,43.74,Club,1512,66141.0,"MGM Music Hall at Fenway, Boston, United States"
5/23/2026,1,HARDY,Live Nation,9459,669723.75,9459.0,1.0,30.75,160.75,70.8,Amphitheatre,9459,669723.75,"The Wharf Amphitheater, Orange Beach, United States"
5/23/2026,1,Get The Led Out,Live Nation,2143,67378.0,2200.0,0.97,31.0,31.0,31.44,Club,2143,67378.0,"Hampton Beach Casino Ballroom, Hampton Beach, United States"
5/23/2026,1,No Doubt,Live Nation,15870,3533460.2,15870.0,1.0,104.0,220.0,222.65,Arena,15870,3533460.2,"Sphere, Las Vegas, United States"
5/23/2026,1,"""GOLDEN: A K-Pop Party!""","Live Nation, NS2",615,11047.0,700.0,0.87,15.0,60.0,17.96,Club,615,11047.0,"Music Farm, Charleston, United States"
5/23/2026,1,Godsmack,Live Nation,4045,272210.06,7103.0,0.56,14.88,120.0,67.3,Amphitheatre,4045,272210.06,"The Orion Amphitheater, Huntsville, United States"
5/23/2026,1,Doja Cat,Live Nation,14289,1577149.53,17059.0,0.83,60.48,154.56,110.38,Arena,14289,1577149.53,"Co-op Live, Manchester, United Kingdom"
5/23/2026,1,Shinedown,Live Nation,8108,606349.5,10263.0,0.79,43.5,123.5,74.78,Arena,8108,606349.5,"Paycom Center, Oklahoma City, United States"
5/23/2026,1,Jonas Brothers,Live Nation,4190,584041.0,4771.0,0.87,49.0,399.0,139.39,Theater ,4190,584041.0,"Dolby Live at Park MGM Las Vegas, Las Vegas, United States"
5/23/2026,1,Don Toliver,Live Nation,13856,1165836.5,13856.0,1.0,39.5,149.5,84.14,Arena,13856,1165836.5,"PPG Paints Arena, Pittsburgh, United States"
5/23/2026,1,"Ne-Yo, Akon",Live Nation,13505,1310724.61,13902.0,0.97,9.13,15.0,97.05,Arena,13505,1310724.61,"Avicii Arena, Stockholm, Sweden"
5/23/2026,1,Pitbull,Live Nation,19680,2087470.0,19680.0,1.0,59.95,499.95,106.07,Amphitheatre,19680,2087470.0,"Dos Equis Pavilion, Dallas, United States"
5/23/2026,1,Tom Keifer,"(In-House Promotion), Live Nation",1472,77988.0,1901.0,0.77,37.0,67.0,52.98,Theater ,1472,77988.0,"Springfield Symphony Hall, Springfield, United States"
5/23/2026,1,Russell Peters,Live Nation,1260,91639.0,2900.0,0.43,59.5,130.0,72.73,Theater ,1260,91639.0,"The Theater at MGM National Harbor, Oxon Hill, United States"
5/23/2026,1,Bad Bunny,Live Nation,58199,9028194.81,58199.0,1.0,81.26,232.17,155.13,Stadium,58199,9028194.81,"Estadi Olimpic De Montjuic ""Lluis Companys"", Barcelona, Spain"
5/24/2026,1,Bleood,"Live Nation, Union Stage Presents",500,10000.0,500.0,1.0,20.0,20.0,20.0,Club,500,10000.0,"Union Stage, Washington, United States"
5/24/2026,1,Em Beihold,Live Nation,596,11400.26,596.0,1.0,20.97,20.97,19.13,Club,596,11400.26,"Mod Club, Toronto, Canada"
5/24/2026,1,No Doubt,Live Nation,15759,2960067.5,15759.0,1.0,104.0,220.0,187.83,Arena,15759,2960067.5,"Sphere, Las Vegas, United States"
5/24/2026,2,Diljit Dosanjh,Live Nation,13441,2540109.49,13441.0,1.0,59.5,499.5,188.98,Arena,26882,5080218.97,"Madison Square Garden, New York, United States"
5/24/2026,1,Jonas Brothers,Live Nation,4395,530193.0,5102.0,0.86,49.0,399.0,120.64,Theater ,4395,530193.0,"Dolby Live at Park MGM Las Vegas, Las Vegas, United States"
5/24/2026,1,Arankai,Live Nation,313,5699.0,350.0,0.89,12.5,25.0,18.21,Club,313,5699.0,"Bronze Peacock at House Of Blues, Houston, United States"
5/24/2026,1,Bruce Springsteen &amp; The E Street Band,Live Nation,17061,5813065.0,17061.0,1.0,60.0,350.0,340.72,Arena,17061,5813065.0,"TD Garden, Boston, United States"
5/24/2026,1,Don Toliver,Live Nation,14259,1542465.0,14259.0,1.0,39.5,149.5,108.17,Arena,14259,1542465.0,"Xfinity Mobile Arena, Philadelphia, United States"
5/24/2026,1,"Ne-Yo, Akon",Live Nation,15716,1615231.0,15729.0,0.99,14.83,19.49,102.78,Arena,15716,1615231.0,"Royal Arena Copenhagen, Copenhagen, Denmark"
5/24/2026,1,mgk,Live Nation,12084,661600.0,12084.0,1.0,29.5,149.5,54.75,Amphitheatre,12084,661600.0,"Dos Equis Pavilion, Dallas, United States"
5/25/2026,1,Arankai,Live Nation,400,7960.0,400.0,1.0,20.0,25.0,19.9,Club,400,7960.0,"Cambridge Room at House of Blues, Dallas, United States"
5/25/2026,1,Alex Warren,Live Nation,12835,1011720.0,12835.0,1.0,34.5,129.5,78.83,Arena,12835,1011720.0,"Bridgestone Arena, Nashville, United States"
5/25/2026,1,Electric Callboy ,Live Nation,3994,233256.0,3994.0,1.0,69.5,89.5,58.4,Theater ,3994,233256.0,"The Theater at MGM National Harbor, Oxon Hill, United States"
5/26/2026,1,Em Beihold,Live Nation,510,14535.0,510.0,1.0,28.5,28.5,28.5,Club,510,14535.0,"Brighton Music Hall, Boston, United States"
5/26/2026,1,TWICE,Live Nation,15849,2670135.84,17109.0,0.92,86.98,475.04,168.47,Arena,15849,2670135.84,"Lanxess Arena, Cologne, Germany"
5/26/2026,2,TV Girl,Live Nation / Gaiety Investments (MCD Productions),2279,170174.12,2360.0,0.96,67.31,80.8,74.65,Theater ,4559,340348.24,"Waterfront Hall, Belfast, United Kingdom"
5/26/2026,1,"""Weird Al"" Yankovic","Live Nation, NS2",4045,303834.0,5802.0,0.69,43.5,169.0,75.11,Theater ,4045,303834.0,"Hard Rock Live Hollywood, Hollywood, United States"
5/26/2026,1,Dance Gavin Dance,Live Nation,1574,72652.5,2425.0,0.64,38.65,82.5,46.16,Club,1574,72652.5,"Citizens House of Blues Boston, Boston, United States"
5/26/2026,1,Charlie Puth,Live Nation,6593,367511.75,6691.0,0.98,34.95,99.95,55.74,Arena,6593,367511.75,"EagleBank Arena, Fairfax, United States"
5/26/2026,1,Split Enz,Live Nation,4399,513825.79,4813.0,0.91,71.64,160.77,116.81,Arena,4399,513825.79,"Brisbane Entertainment Centre, Boondall, Australia"
5/26/2026,1,Kali Uchis,Live Nation,7797,720224.0,8724.0,0.89,64.5,169.5,92.37,Amphitheatre,7797,720224.0,"Red Rocks Amphitheatre, Morrison, United States"
5/26/2026,1,Don Toliver,Live Nation,13728,1391336.0,13728.0,1.0,39.5,149.5,101.35,Arena,13728,1391336.0,"UBS Arena, Elmont, United States"
5/26/2026,1,"Ne-Yo, Akon",Live Nation,9827,978358.99,10734.0,0.91,104.14,146.03,99.56,Arena,9827,978358.99,"Barclays Arena, Hamburg, Germany"
5/26/2026,1,Elmiene,Live Nation,1050,39360.0,1050.0,1.0,35.0,50.0,37.49,Club,1050,39360.0,"Ace Of Spades, Sacramento, United States"
5/26/2026,1,Bad Bunny,Live Nation,60212,7418577.38,60212.0,1.0,69.82,232.72,123.21,Stadium,60212,7418577.38,"SL Benfica Stadium - Estádio da Luz, Lisbon, Portugal"
5/27/2026,1,Punch Brothers,Live Nation,596,25665.84,754.0,0.79,20.3,77.0,43.06,Other,596,25665.84,"Avondale Brewing Company, Birmingham, United States"
5/27/2026,1,"""Weird Al"" Yankovic","Live Nation, NS2",2867,179182.0,4979.0,0.57,35.0,175.5,62.5,Arena,2867,179182.0,"Hertz Arena, Estero, United States"
5/27/2026,1,No Doubt,Live Nation,14817,2751509.08,14817.0,1.0,104.0,220.0,185.7,Arena,14817,2751509.08,"Sphere, Las Vegas, United States"
5/27/2026,1,Electric Callboy ,"(In-House Promotion), Crossroads Presents, Live Nation",4755,273142.5,4987.0,0.95,35.5,80.5,57.44,Club,4755,273142.5,"MGM Music Hall at Fenway, Boston, United States"
5/27/2026,1,Bruce Springsteen &amp; The E Street Band,Live Nation,39871,7849849.0,39871.0,1.0,60.0,350.0,196.88,Stadium,39871,7849849.0,"Nationals Park, Washington, United States"
5/27/2026,2,Santana,Live Nation,7828,942761.0,8329.0,0.93,60.0,300.0,120.43,Amphitheatre,15656,1885522.0,"Red Rocks Amphitheatre, Morrison, United States"
5/27/2026,1,Don Toliver,Live Nation,13637,1422872.0,13637.0,1.0,39.5,149.5,104.34,Arena,13637,1422872.0,"Prudential Center, Newark, United States"
5/27/2026,1,"Ne-Yo, Akon",Live Nation,9237,839068.99,10423.0,0.88,1.19,5.54,90.84,Arena,9237,839068.99,"O2 Arena, Prague, Czech Republic"
5/27/2026,1,Elmiene,Live Nation,1266,59125.0,1350.0,0.93,35.0,99.5,46.7,Club,1266,59125.0,"The UC Theatre, Berkeley, United States"
5/27/2026,1,Pitbull,Live Nation,18973,1775853.0,18973.0,1.0,59.95,499.95,93.6,Amphitheatre,18973,1775853.0,"Talking Stick Resort Amphitheatre, Phoenix, United States"
5/27/2026,1,Naomi Watanabe,"Live Nation, Union Stage Presents",370,17485.0,600.0,0.61,39.5,59.5,47.26,Club,370,17485.0,"The Howard Theatre, Washington, United States"
5/27/2026,1,Bad Bunny,Live Nation,61850,7601413.17,61850.0,1.0,52.37,232.77,122.9,Stadium,61850,7601413.17,"SL Benfica Stadium - Estádio da Luz, Lisbon, Portugal"
5/27/2026,1,Alex Warren,Live Nation,7761,566617.0,8304.0,0.93,34.5,139.5,73.01,Arena,7761,566617.0,"Toyota Center, Houston, United States"
5/27/2026,1,mgk,Live Nation,8263,489495.0,8263.0,1.0,29.5,149.5,59.24,Amphitheatre,8263,489495.0,"iTHINK Financial Amphitheatre, West Palm Beach, United States"
5/28/2026,1,Em Beihold,Live Nation,485,15000.0,500.0,0.97,31.0,31.0,30.93,Club,485,15000.0,"The Foundry, Philadelphia, United States"
5/28/2026,1,Iron Maiden,Live Nation,30936,2759068.32,40000.0,0.77,54.56,168.99,89.19,Stadium,30936,2759068.32,"Arena Nationala, Bucharest, Romania"
5/28/2026,1,"""Comedy Bang! Bang!""",Live Nation,1526,88069.85,3553.0,0.42,34.5,95.0,57.71,Theater ,1526,88069.85,"Chicago Theatre, Chicago, United States"
5/28/2026,1,Ty Myers,Live Nation,5042,291934.0,5222.0,0.96,34.5,34.5,57.9,Theater ,5042,291934.0,"Leader Bank Pavilion, Boston, United States"
5/28/2026,1,SatchVai Band,Live Nation,2224,193746.16,2757.0,0.8,22.25,155.0,87.12,Theater ,2224,193746.16,"Beacon Theatre, New York, United States"
5/28/2026,1,HARDY,Live Nation,17008,858926.52,20377.0,0.83,24.0,157.75,50.5,Amphitheatre,17008,858926.52,"Blossom Music Center, Cuyahoga Falls, United States"
5/28/2026,1,Dayseeker,"Hard Rock International (HRI), Live Nation",2846,106725.0,2846.0,1.0,37.5,37.5,37.5,Club,2846,106725.0,"Hard Rock Live Sacramento, Wheatland, United States"
5/28/2026,1,Emmanuel &amp; Mijares,OCESA,9452,760152.54,9564.0,0.98,11.47,172.05,80.42,Theater ,9452,760152.54,"Auditorio Nacional, Mexico City, Mexico"
5/28/2026,1,Baby Keem,Live Nation,5498,398011.0,5498.0,1.0,69.5,99.5,72.39,Theater ,5498,398011.0,"The Anthem, Washington, United States"
5/28/2026,1,"Ne-Yo, Akon",Live Nation,9741,1013595.0,9741.0,1.0,103.7,145.42,104.05,Arena,9741,1013595.0,"Uber Arena, Berlin, Germany"
5/28/2026,1,Nate Smith ,Live Nation,3224,103038.0,3500.0,0.92,48.25,98.25,31.96,Club,3224,103038.0,"The Rooftop at Pier 17, New York, United States"
5/29/2026,1,Sam Yo,"Live Nation, Union Stage Presents",145,10425.0,600.0,0.24,50.0,75.0,71.9,Club,145,10425.0,"The Howard Theatre, Washington, United States"
5/29/2026,1,Charlie Puth,Live Nation,13834,935113.18,13834.0,1.0,30.0,129.95,67.6,Arena,13834,935113.18,"Madison Square Garden, New York, United States"
5/29/2026,1,Fortune Feimster,Live Nation,229,10146.19,410.0,0.55,44.31,44.31,44.31,Other,229,10146.19,"Maxim, Gavle, Sweden"
5/29/2026,1,"""Weird Al"" Yankovic","Live Nation, NS2",8015,565262.0,8386.0,0.95,30.5,175.0,70.53,Arena,8015,565262.0,"Kia Center, Orlando, United States"
5/29/2026,1,HARDY,Live Nation,14175,615885.84,21612.0,0.65,25.0,158.75,43.45,Amphitheatre,14175,615885.84,"Darien Lake Performing Arts Center, Darien Center, United States"
5/29/2026,1,No Doubt,Live Nation,14869,2936026.5,14869.0,1.0,104.0,220.0,197.46,Arena,14869,2936026.5,"Sphere, Las Vegas, United States"
5/29/2026,1,Khalid,"(In-House Promotion), Crossroads Presents, Live Nation",4451,333916.94,4921.0,0.9,18.49,106.95,75.02,Club,4451,333916.94,"MGM Music Hall at Fenway, Boston, United States"
5/29/2026,1,Nate Smith ,Live Nation,2120,61319.25,2425.0,0.87,12.5,84.75,28.92,Club,2120,61319.25,"Citizens House of Blues Boston, Boston, United States"
5/29/2026,2,Caifanes,OCESA,9505,592004.88,9564.0,0.99,23.08,115.42,62.28,Theater ,19011,1184009.75,"Auditorio Nacional, Mexico City, Mexico"
5/29/2026,1,Khamari,Live Nation,1376,74623.65,1376.0,1.0,54.23,54.23,54.23,Club,1376,74623.65,"Northcote Theatre, Northcote, Australia"
5/29/2026,1,Arankai,Live Nation,316,6076.0,325.0,0.97,20.0,25.0,19.23,Club,316,6076.0,"The Parish at House Of Blues, Anaheim, United States"
5/29/2026,1,Don Toliver,Live Nation,10557,925277.5,10557.0,1.0,39.5,149.5,87.65,Arena,10557,925277.5,"PeoplesBank Arena, Hartford, United States"
5/29/2026,1,Tom Keifer,Live Nation,1744,109464.9,2202.0,0.79,35.0,79.5,62.77,Theater ,1744,109464.9,"Ryman Auditorium, Nashville, United States"
5/29/2026,1,Pitbull,Live Nation,19370,2174698.0,19370.0,1.0,59.95,499.95,112.27,Amphitheatre,19370,2174698.0,"North Island Credit Union Amphitheatre, Chula Vista, United States"
5/29/2026,1,Iration,Live Nation,2438,86762.0,3500.0,0.69,30.0,99.0,35.59,Club,2438,86762.0,"The Rooftop at Pier 17, New York, United States"
5/29/2026,1,Theresa Caputo,"(In-House Promotion), Live Nation",1407,116211.0,1964.0,0.71,57.0,127.0,82.59,Theater ,1407,116211.0,"Springfield Symphony Hall, Springfield, United States"
5/29/2026,1,Alex Warren,Live Nation,10746,996198.0,10746.0,1.0,34.5,139.5,92.7,Arena,10746,996198.0,"Dickies Arena, Fort Worth, United States"
5/29/2026,1,Luke Combs,"evenko, Live Nation",20854,2582856.51,20854.0,1.0,108.78,108.78,123.85,Stadium,20854,2582856.51,"Parc Jean Drapeau, Montreal, Canada"
5/29/2026,1,mgk,Live Nation,10819,691362.0,10819.0,1.0,29.5,149.5,63.9,Amphitheatre,10819,691362.0,"Cellairis Amphitheatre At Lakewood, Atlanta, United States"
5/29/2026,1,Linkin Park,Live Nation,38880,4173226.8,38800.0,1.0,107.34,107.34,107.34,Stadium,38880,4173226.8,"3Arena, Stockholm, Sweden"
5/30/2026,1,Kids Table,"Live Nation, Union Stage Presents",254,4915.0,300.0,0.84,18.0,23.0,19.35,Club,254,4915.0,"Pearl Street Warehouse, Washington, United States"
5/30/2026,1,Kes,Live Nation,1116,37527.74,1116.0,1.0,34.77,34.77,33.63,Club,1116,37527.74,"Commodore Ballroom, Vancouver, Canada"
5/30/2026,1,Joanne McNally,Live Nation / Gaiety Investments (MCD Productions),1873,103344.76,1886.0,0.99,53.69,61.76,55.18,Theater ,1873,103344.76,"Waterfront Hall, Belfast, United Kingdom"
5/30/2026,2,John Mulaney,Live Nation,3216,288925.0,3216.0,1.0,59.0,269.0,89.84,Theater ,6432,577850.0,"Altria Theater, Richmond, United States"
5/30/2026,1,Iron Maiden,Live Nation,27288,3142779.3,27288.0,1.0,110.79,131.79,115.17,Stadium,27288,3142779.3,"Stadión Tehelné Pole, Bratislava, Slovakia"
5/30/2026,1,Kid Cudi,Live Nation,11271,1143216.65,12540.0,0.89,60.99,250.99,101.43,Arena,11271,1143216.65,"Madison Square Garden, New York, United States"
5/30/2026,1,Bobby Lee,Live Nation,3411,169065.63,3411.0,1.0,39.5,69.5,49.56,Theater ,3411,169065.63,"Chicago Theatre, Chicago, United States"
5/30/2026,1,"""Weird Al"" Yankovic","Live Nation, NS2",4986,317879.0,4986.0,1.0,35.5,175.5,63.75,Arena,4986,317879.0,"Bon Secours Wellness Arena, Greenville, United States"
5/30/2026,1,Buckethead,"Live Nation, NS2",468,17793.5,700.0,0.66,25.0,45.0,38.02,Club,468,17793.5,"Music Farm, Charleston, United States"
5/30/2026,1,HARDY,Live Nation,14982,864645.22,15931.0,0.94,25.0,169.75,57.71,Amphitheatre,14982,864645.22,"Bethel Woods Center for the Arts, Bethel, United States"
5/30/2026,1,No Doubt,Live Nation,15974,3459568.85,15974.0,1.0,104.0,220.0,216.57,Arena,15974,3459568.85,"Sphere, Las Vegas, United States"
5/30/2026,1,Bruce Springsteen &amp; The E Street Band,Live Nation,18211,4749954.0,18211.0,1.0,60.0,350.0,260.83,Arena,18211,4749954.0,"Xfinity Mobile Arena, Philadelphia, United States"
5/30/2026,1,Don Toliver,Live Nation,13339,1353711.5,13339.0,1.0,39.5,149.5,101.49,Arena,13339,1353711.5,"TD Garden, Boston, United States"
5/30/2026,1,Ari Lennox,Live Nation,2900,287463.0,2900.0,1.0,64.0,169.0,99.13,Theater ,2900,287463.0,"The Theater at MGM National Harbor, Oxon Hill, United States"
5/30/2026,1,"Ne-Yo, Akon",Live Nation,9085,1058274.0,9085.0,1.0,64.73,146.36,116.49,Arena,9085,1058274.0,"Wiener Stadthalle, Vienna, Austria"
5/30/2026,1,Pitbull,Live Nation,17380,3162576.0,17380.0,1.0,59.95,499.95,181.97,Amphitheatre,17380,3162576.0,"Hollywood Bowl, Los Angeles, United States"
5/30/2026,1,Alex Warren,Live Nation,10472,734218.0,10472.0,1.0,34.5,129.5,70.11,Arena,10472,734218.0,"Moody Center, Austin, United States"
5/30/2026,1,Chet Faker,Live Nation,3107,125554.0,3500.0,0.88,39.5,85.0,40.41,Club,3107,125554.0,"The Rooftop at Pier 17, New York, United States"
5/30/2026,1,Luke Combs,"evenko, Live Nation",44529,5718849.43,44529.0,1.0,108.67,108.67,128.43,Stadium,44529,5718849.43,"Parc Jean Drapeau, Montreal, Canada"
5/30/2026,1,mgk,Live Nation,8130,613430.0,8130.0,1.0,39.5,149.5,75.45,Stadium,8130,613430.0,"Credit One Stadium, Charleston, United States"
5/30/2026,1,Brad Williams,"(In-House Promotion), Live Nation",2227,108694.5,2571.0,0.86,28.0,58.0,48.81,Theater ,2227,108694.5,"Springfield Symphony Hall, Springfield, United States"
5/30/2026,1,Chelsea Handler,"Live Nation, MGM Resorts International",1712,115482.0,2246.0,0.76,53.96,184.76,67.45,Club,1712,115482.0,"The Chelsea, Las Vegas, United States"
5/30/2026,10,Bad Bunny,Live Nation,63965,8554713.26,63966.0,0.99,81.64,233.25,133.74,Stadium,639656,85547132.58,"Riyadh Air Metropolitano, Madrid, Spain"
5/30/2026,1,Terry Fator,Live Nation,1088,56230.0,1088.0,1.0,59.0,89.0,51.68,Other,1088,56230.0,"MGM Grand Detroit, Detroit, United States"
5/31/2026,1,Jason Bonham’s Led Zeppelin Evening,Live Nation,717,41097.56,1998.0,0.35,25.0,97.5,57.32,Other,717,41097.56,"Avondale Brewing Company, Birmingham, United States"
5/31/2026,1,Fortune Feimster,Live Nation,169,7305.42,500.0,0.33,43.23,43.23,43.23,Other,169,7305.42,"Cosmopolite, Oslo, Norway"
5/31/2026,1,Madison Beer,Live Nation,13368,959779.04,18169.0,0.73,53.81,90.8,71.8,Arena,13368,959779.04,"Co-op Live, Manchester, United Kingdom"
5/31/2026,1,"""Weird Al"" Yankovic","Live Nation, NS2",8897,460731.0,11721.0,0.75,25.0,168.5,51.78,Amphitheatre,8897,460731.0,"Ameris Bank Amphitheatre, Alpharetta, United States"
5/31/2026,1,John Oliver,Live Nation,2660,299557.5,2660.0,1.0,75.0,149.5,112.62,Theater ,2660,299557.5,"Beacon Theatre, New York, United States"
5/31/2026,1,CA7RIEL &amp; Paco Amoroso,Live Nation,4156,209829.0,8952.0,0.46,30.5,129.5,50.49,Amphitheatre,4156,209829.0,"Red Rocks Amphitheatre, Morrison, United States"
5/31/2026,1,Ari Lennox,Live Nation,2900,230285.0,2900.0,1.0,64.0,169.0,79.41,Theater ,2900,230285.0,"The Theater at MGM National Harbor, Oxon Hill, United States"
5/31/2026,1,"Ne-Yo, Akon",Live Nation,11295,597517.99,11631.0,0.97,27.42,34.58,52.9,Arena,11295,597517.99,"Atlas Arena, Lódz, Poland"
5/31/2026,1,Elmiene,Live Nation,2254,98910.8,2300.0,0.98,35.0,65.0,43.88,Theater ,2254,98910.8,"The Wiltern, Los Angeles, United States"
5/31/2026,1,Khalid,Live Nation,5097,387992.0,5097.0,1.0,50.95,130.95,76.12,Theater ,5097,387992.0,"The Anthem, Washington, United States"
5/31/2026,1,mgk,Live Nation,11433,603341.0,11433.0,1.0,29.5,149.5,52.77,Amphitheatre,11433,603341.0,"Truliant Amphitheater, Charlotte, United States"
6/1/2026,1,Don Toliver,Live Nation,13671,1740551.53,13671.0,1.0,59.5,189.5,127.32,Arena,13671,1740551.53,"Madison Square Garden, New York, United States"
6/1/2026,1,Arankai,Live Nation,450,9000.0,450.0,1.0,20.0,25.0,20.0,Club,450,9000.0,"Marquis Theater, Denver, United States"
6/1/2026,1,The Guess Who,Live Nation,8612,693888.63,9814.0,0.87,35.83,129.95,80.57,Arena,8612,693888.63,"TD Coliseum, Hamilton, Canada"
6/1/2026,2,Linkin Park,Live Nation,44107,6133820.54,88214.0,0.5,139.06,139.06,139.07,Stadium,88214,12267641.08,"Volksparkstadion, Hamburg, Germany"
6/2/2026,1,Jason Isbell,Live Nation / Gaiety Investments (MCD Productions),1089,72270.96,1669.0,0.65,65.95,74.02,66.36,Theater ,1089,72270.96,"Ulster Hall, Belfast, United Kingdom"
6/2/2026,1,Summer Walker,Live Nation,10846,1390067.05,10846.0,1.0,49.5,194.5,128.16,Arena,10846,1390067.05,"Barclays Center, Brooklyn, United States"
6/2/2026,1,"""Weird Al"" Yankovic","Live Nation, NS2",2082,137652.0,2082.0,1.0,25.0,175.5,66.12,Theater ,2082,137652.0,"Augusta Bell Auditorium, Augusta, United States"
6/2/2026,1,Don Toliver,Live Nation,13068,1229547.5,13068.0,1.0,39.5,149.5,94.09,Arena,13068,1229547.5,"CFG Bank Arena, Baltimore, United States"
6/2/2026,1,Spite,Live Nation,971,26238.5,1350.0,0.71,27.5,55.0,27.02,Club,971,26238.5,"Summit, Denver, United States"
6/2/2026,1,Alex Warren,Live Nation,8746,789438.0,8764.0,0.99,49.5,139.5,90.26,Amphitheatre,8746,789438.0,"Red Rocks Amphitheatre, Morrison, United States"
6/2/2026,1,The Guess Who,Live Nation,7816,561887.49,8000.0,0.97,35.75,129.65,71.89,Arena,7816,561887.49,"Canada Life Place, London, Canada"
6/2/2026,1,5 Seconds Of Summer,Live Nation,6633,404519.38,7999.0,0.82,28.53,144.1,60.99,Arena,6633,404519.38,"TD Coliseum, Hamilton, Canada"
6/3/2026,1,Kes,Live Nation,961,31538.0,1199.0,0.8,35.0,35.0,32.82,Theater ,961,31538.0,"The Fillmore, San Francisco, United States"
6/3/2026,1,"""Weird Al"" Yankovic","Live Nation, NS2",2372,148108.0,4050.0,0.58,45.5,175.5,62.44,Arena,2372,148108.0,"Enmarket Arena, Savannah, United States"
6/3/2026,1,No Doubt,Live Nation,15080,1854740.05,15080.0,1.0,104.0,220.0,122.99,Arena,15080,1854740.05,"Sphere, Las Vegas, United States"
6/3/2026,1,Rawayana,"OCESA, Rimas Entertainment",4841,297626.65,5309.0,0.91,34.71,91.39,61.48,Arena,4841,297626.65,"Foro GNP Seguros, Merida, Mexico"
6/3/2026,1,Pitbull,Live Nation,18501,1471539.0,18501.0,1.0,59.95,499.95,79.54,Amphitheatre,18501,1471539.0,"Utah First Credit Union Amphitheatre, West Valley City, United States"
6/3/2026,1,mgk,Live Nation,12696,676923.0,12696.0,1.0,29.5,149.5,53.32,Amphitheatre,12696,676923.0,"Jiffy Lube Live, Bristow, United States"
6/4/2026,1,Bailey Zimmerman,Live Nation,5265,444355.5,5265.0,1.0,29.75,89.75,84.4,Amphitheatre,5265,444355.5,"Northern Quest Resort & Casino, Airway Heights, United States"
6/4/2026,1,Kaytranada,Live Nation,3000,226334.42,4236.0,0.7,75.44,75.44,75.44,Theater ,3000,226334.42,"Tempodrom, Berlin, Germany"
6/4/2026,1,Theresa Caputo,Live Nation,1071,107020.9,1600.0,0.66,29.0,169.5,99.93,Theater ,1071,107020.9,"Dominion Energy Center - Carpenter Theatre, Richmond, United States"
6/4/2026,1,Xaviersobased,Live Nation,1317,67134.5,1317.0,1.0,50.97,64.15,50.98,Club,1317,67134.5,"Northcote Theatre, Northcote, Australia"
6/4/2026,1,Kali Uchis,Live Nation,8701,715051.0,15000.0,0.58,39.5,159.5,82.18,Amphitheatre,8701,715051.0,"Merriweather Post Pavilion, Columbia, United States"
6/4/2026,1,Jill Scott,Live Nation,1788,213412.33,2277.0,0.78,39.77,153.1,119.36,Theater ,1788,213412.33,"Ryman Auditorium, Nashville, United States"
6/4/2026,1,Don Toliver,Live Nation,13729,1334764.0,13729.0,1.0,39.5,149.5,97.22,Arena,13729,1334764.0,"Little Caesars Arena, Detroit, United States"
6/4/2026,1,Tyler Childers,Live Nation,8645,1133986.25,8645.0,1.0,44.5,209.5,131.17,Amphitheatre,8645,1133986.25,"Coca-Cola Amphitheater, Birmingham, United States"
6/4/2026,1,Guns N' Roses,Live Nation,12758,1613531.9,12758.0,1.0,90.26,171.23,126.47,Arena,12758,1613531.9,"PreZero Arena Gliwice, Gliwice, Poland"
6/5/2026,1,Bailey Zimmerman,Live Nation,10596,579122.25,10596.0,1.0,37.75,87.75,54.65,Amphitheatre,10596,579122.25,"Ford Idaho Center Amphitheater, Nampa, United States"
6/5/2026,1,Dance Gavin Dance,Live Nation,1229,52532.34,3000.0,0.4,25.0,63.0,42.74,Other,1229,52532.34,"Avondale Brewing Company, Birmingham, United States"
6/5/2026,1,Alex Warren,Live Nation,11160,893677.5,12145.0,0.91,29.5,269.5,80.08,Arena,11160,893677.5,"Mortgage Matchup Center, Phoenix, United States"
6/5/2026,1,Shelly Belly,Live Nation,331,9527.2,528.0,0.62,32.5,37.5,28.78,Club,331,9527.2,"Mars Music Hall, Huntsville, United States"
6/5/2026,2,Rüfüs Du Sol,Live Nation,21815,1871111.0,21816.0,0.99,65.0,200.0,85.77,Amphitheatre,43631,3742222.0,"Gorge Amphitheatre, George, United States"
6/5/2026,1,Morgan Jay,Live Nation,4103,241910.0,4557.0,0.9,35.0,75.0,58.96,Theater ,4103,241910.0,"Fox Theatre, Atlanta, United States"
6/5/2026,1,"""Weird Al"" Yankovic","Live Nation, NS2",4516,309846.25,5352.0,0.84,37.5,177.5,68.61,Arena,4516,309846.25,"First Horizon Coliseum, Greensboro, United States"
6/5/2026,1,No Doubt,Live Nation,15300,2111986.0,15300.0,1.0,104.0,220.0,138.04,Arena,15300,2111986.0,"Sphere, Las Vegas, United States"
6/5/2026,1,Jill Scott,Live Nation,2202,265093.97,2257.0,0.97,39.77,153.1,120.39,Theater ,2202,265093.97,"Ryman Auditorium, Nashville, United States"
6/5/2026,1,Don Toliver,Live Nation,14116,896784.82,14116.0,1.0,28.41,107.51,63.53,Arena,14116,896784.82,"Scotiabank Arena, Toronto, Canada"
6/5/2026,1,Theresa Caputo,Live Nation,1650,147778.0,2900.0,0.56,49.5,135.0,89.56,Theater ,1650,147778.0,"The Theater at MGM National Harbor, Oxon Hill, United States"
6/5/2026,1,Spite,Live Nation,830,24370.0,900.0,0.92,27.5,40.0,29.36,Theater ,830,24370.0,"Varsity Theater, Minneapolis, United States"
6/5/2026,1,Tyler Childers,Live Nation,10694,1326843.5,10694.0,1.0,49.5,209.5,124.07,Arena,10694,1326843.5,"Bon Secours Wellness Arena, Greenville, United States"
6/5/2026,1,Turnpike Troubadours,Live Nation,3554,243685.0,3554.0,1.0,65.0,149.5,68.57,Club,3554,243685.0,"The Rooftop at Pier 17, New York, United States"
6/5/2026,1,Sam Barber,"FPC Live (Frank Productions Concerts), Live Nation",4956,191963.63,5051.0,0.98,24.5,54.5,38.73,Amphitheatre,4956,191963.63,"Skyla Credit Union Amphitheatre, Charlotte, United States"
6/5/2026,1,Luke Combs,Live Nation,47744,6477802.67,47744.0,1.0,14.38,233.72,135.68,Stadium,47744,6477802.67,"Rogers Stadium, Toronto, Canada"
6/5/2026,1,mgk,Live Nation,9329,589163.0,9329.0,1.0,29.5,149.5,63.15,Amphitheatre,9329,589163.0,"Maine Savings Amphitheater, Bangor, United States"
6/6/2026,1,Bailey Zimmerman,Live Nation,7930,490487.51,7930.0,1.0,44.75,84.75,61.85,Amphitheatre,7930,490487.51,"Hayden Homes Amphitheater, Bend, United States"
6/6/2026,1,The Human League,"Hard Rock International (HRI), Live Nation",2120,189859.5,2321.0,0.91,49.5,149.5,89.56,Club,2120,189859.5,"Hard Rock Live Sacramento, Wheatland, United States"
6/6/2026,1,"""Weird Al"" Yankovic","Live Nation, NS2",4595,307228.75,7257.0,0.63,30.5,175.5,66.86,Arena,4595,307228.75,"Charleston Coliseum, Charleston, United States"
6/6/2026,1,No Doubt,Live Nation,15384,2692502.7,15384.0,1.0,104.0,220.0,175.02,Arena,15384,2692502.7,"Sphere, Las Vegas, United States"
6/6/2026,1,"""Hot Wheels Stunt Show""",Live Nation,3832,168619.94,6473.0,0.59,24.55,73.39,44.0,Arena,3832,168619.94,"Co-op Live, Manchester, United Kingdom"
6/6/2026,1,"""Hot Wheels Stunt Show""",Live Nation,5265,270442.45,10226.0,0.51,24.55,73.39,51.37,Arena,5265,270442.45,"Co-op Live, Manchester, United Kingdom"
6/6/2026,1,The Rare Occasions,"Live Nation, Union Stage Presents",331,7345.0,500.0,0.66,20.0,35.0,22.19,Club,331,7345.0,"Union Stage, Washington, United States"
6/6/2026,1,Twinsick,Live Nation,3584,129240.0,3584.0,1.0,30.0,65.0,36.06,Club,3584,129240.0,"The Rooftop at Pier 17, New York, United States"
6/6/2026,1,Christopher Cross,"Live Nation, MGM Resorts International",1835,160356.0,2443.0,0.75,32.7,152.55,87.39,Club,1835,160356.0,"The Chelsea, Las Vegas, United States"
6/6/2026,1,Zainab Johnson,"Live Nation, Union Stage Presents",1100,43050.0,1200.0,0.91,35.5,55.5,39.14,Club,1100,43050.0,"The Howard Theatre, Washington, United States"
6/6/2026,1,Pitbull,Live Nation,18572,1853753.0,18572.0,1.0,59.95,499.95,99.81,Amphitheatre,18572,1853753.0,"Toyota Amphitheatre, Wheatland, United States"
6/6/2026,1,Guns N' Roses,Live Nation,14075,1781223.51,14075.0,1.0,89.61,169.99,126.55,Arena,14075,1781223.51,"PreZero Arena Gliwice, Gliwice, Poland"
6/6/2026,1,Alex Warren,Live Nation,11484,1035301.0,11484.0,1.0,39.5,129.5,90.15,Arena,11484,1035301.0,"Crypto.com Arena, Los Angeles, United States"
6/6/2026,1,Luke Combs,Live Nation,50474,7957652.76,50474.0,1.0,14.35,233.27,157.66,Stadium,50474,7957652.76,"Rogers Stadium, Toronto, Canada"
6/6/2026,1,mgk,Live Nation,12102,623191.0,12102.0,1.0,29.5,149.5,51.49,Amphitheatre,12102,623191.0,"The Meadows Music Theatre, Hartford, United States"
6/7/2026,1,"The Temptations, The Four Tops",Live Nation,2310,181242.0,2900.0,0.79,55.0,125.0,78.46,Theater ,2310,181242.0,"The Theater at MGM National Harbor, Oxon Hill, United States"
6/7/2026,1,5 Seconds Of Summer,Live Nation,6917,473445.8,8173.0,0.84,33.5,193.5,68.45,Arena,6917,473445.8,"CFG Bank Arena, Baltimore, United States"
6/7/2026,1,Pour Minds,"Live Nation, Union Stage Presents",650,37525.0,650.0,1.0,50.0,75.5,57.73,Club,650,37525.0,"The Howard Theatre, Washington, United States"
6/7/2026,1,"Five For Fighting, Edwin McCain",Live Nation,547,21488.6,944.0,0.57,35.5,75.5,39.28,Theater ,547,21488.6,"Lexington Opera House, Lexington, United States"
6/7/2026,1,Baby Keem,"(In-House Promotion), Crossroads Presents, Live Nation",3648,259444.0,3648.0,1.0,35.5,95.5,71.12,Club,3648,259444.0,"MGM Music Hall at Fenway, Boston, United States"
6/7/2026,1,Jombriel,Live Nation,647,24205.0,647.0,1.0,26.25,59.5,37.41,Theater ,647,24205.0,"The Gramercy Theatre, New York, United States"
6/7/2026,1,"""Hot Wheels Stunt Show""",Live Nation,5344,243406.6,6559.0,0.81,24.55,73.38,45.55,Arena,5344,243406.6,"Co-op Live, Manchester, United Kingdom"
6/7/2026,1,Jill Scott,Live Nation,1635,143383.88,2178.0,0.75,39.77,153.1,87.7,Theater ,1635,143383.88,"Ryman Auditorium, Nashville, United States"
6/7/2026,1,Tash Sultana,Live Nation,2927,149566.0,3500.0,0.83,59.5,89.5,51.1,Club,2927,149566.0,"The Rooftop at Pier 17, New York, United States"
6/7/2026,1,Don Toliver,Live Nation,14690,862235.56,14690.0,1.0,28.35,107.3,58.7,Arena,14690,862235.56,"Bell Centre, Montreal, Canada"
6/7/2026,1,Rawayana,"OCESA, Rimas Entertainment",16877,1256402.5,16877.0,1.0,44.07,105.88,74.44,Arena,16877,1256402.5,"Palacio de los Deportes, Mexico City, Mexico"
6/7/2026,1,Pitbull,Live Nation,20112,1945630.0,20112.0,1.0,59.95,499.95,96.74,Amphitheatre,20112,1945630.0,"Shoreline Amphitheatre, Mountain View, United States"
6/7/2026,1,Spite,Live Nation,818,22602.5,1000.0,0.81,27.5,27.5,27.63,Club,818,22602.5,"St. Andrews Hall, Detroit, United States"
6/7/2026,1,Yungblud,Live Nation,6000,378200.0,6000.0,1.0,59.5,99.5,63.03,Theater ,6000,378200.0,"The Anthem, Washington, United States"
6/8/2026,1,A$AP Rocky,"(In-House Promotion), Live Nation",10025,710834.25,11723.0,0.85,33.5,153.5,70.91,Arena,10025,710834.25,"CFG Bank Arena, Baltimore, United States"
6/8/2026,1,Rod Stewart,Live Nation,7998,794839.1,7998.0,1.0,25.5,995.0,99.38,Arena,7998,794839.1,"Mortgage Matchup Center, Phoenix, United States"
6/8/2026,1,Em Beihold,Live Nation,580,17152.0,600.0,0.96,29.5,29.5,29.57,Club,580,17152.0,"SoundWell SLC, Salt Lake City, United States"
6/8/2026,1,Baby Keem,"(In-House Promotion), Crossroads Presents, Live Nation",2425,140637.5,2425.0,1.0,45.5,95.5,57.99,Club,2425,140637.5,"MGM Music Hall at Fenway, Boston, United States"
6/8/2026,1,Mumford &amp; Sons,Live Nation,11834,1241575.0,12030.0,0.98,55.5,165.5,104.92,Arena,11834,1241575.0,"Dickies Arena, Fort Worth, United States"
6/8/2026,1,Alex Warren,Live Nation,7320,657736.0,7320.0,1.0,34.5,129.5,89.85,Arena,7320,657736.0,"Viejas Arena, San Diego, United States"
6/9/2026,1,Jools Holland &amp; His Rhythm &amp; Blues Orchestra,Live Nation / Gaiety Investments (MCD Productions),1916,148287.46,1996.0,0.95,69.88,84.37,77.39,Theater ,1916,148287.46,"Waterfront Hall, Belfast, United Kingdom"
6/9/2026,1,Summer Walker,Live Nation,11889,1146072.5,11889.0,1.0,39.5,144.5,96.4,Arena,11889,1146072.5,"CFG Bank Arena, Baltimore, United States"
6/9/2026,1,Kaytranada,Live Nation,4370,407213.21,7800.0,0.56,102.82,121.62,93.18,Arena,4370,407213.21,"Hallenstadion Zurich, Zurich, Switzerland"
6/9/2026,1,"""Weird Al"" Yankovic","Live Nation, NS2",3338,199530.5,3762.0,0.88,31.5,176.5,59.78,Arena,3338,199530.5,"North Charleston Coliseum, North Charleston, United States"
6/9/2026,1,Jim Gaffigan,Live Nation,5064,254336.0,6827.0,0.74,25.0,144.5,50.22,Amphitheatre,5064,254336.0,"Hayden Homes Amphitheater, Bend, United States"
6/9/2026,1,CA7RIEL &amp; Paco Amoroso,Live Nation,648,47123.2,1739.0,0.37,39.5,99.5,72.72,Theater ,648,47123.2,"Ryman Auditorium, Nashville, United States"
6/9/2026,1,Don Toliver,Live Nation,14720,1321410.1,14720.0,1.0,39.5,149.5,89.77,Arena,14720,1321410.1,"Nationwide Arena, Columbus, United States"
6/9/2026,1,mgk,Live Nation,11628,659057.0,11628.0,1.0,29.5,149.5,56.68,Amphitheatre,11628,659057.0,"PNC Bank Arts Center, Holmdel, United States"
6/10/2026,1,Bailey Zimmerman,Live Nation,5752,460916.65,5752.0,1.0,28.5,85.87,80.13,Arena,5752,460916.65,"Rogers Forum, Abbotsford, Canada"
6/10/2026,1,Joe Russo's Almost Dead,Live Nation,2205,115422.0,3000.0,0.73,25.0,73.0,52.35,Other,2205,115422.0,"Avondale Brewing Company, Birmingham, United States"
6/10/2026,1,"""Weird Al"" Yankovic","Live Nation, NS2",1991,128420.0,2750.0,0.72,31.5,176.5,64.5,Arena,1991,128420.0,"Appalachian Wireless Arena, Pikeville, United States"
6/10/2026,1,No Doubt,Live Nation,16783,2142737.85,16783.0,1.0,104.0,220.0,127.67,Arena,16783,2142737.85,"Sphere, Las Vegas, United States"
6/10/2026,1,Jim Gaffigan,Live Nation,3440,270225.0,5025.0,0.68,39.5,199.5,78.55,Amphitheatre,3440,270225.0,"Northern Quest Resort & Casino, Airway Heights, United States"
6/10/2026,1,Yungblud,Live Nation,5794,540530.1,5794.0,1.0,49.5,129.5,93.29,Theater ,5794,540530.1,"Radio City Music Hall, New York, United States"
6/10/2026,1,Rüfüs Du Sol,Live Nation,13474,821860.0,15107.0,0.89,25.0,130.0,61.0,Amphitheatre,13474,821860.0,"Morton Amphitheater, Riverside, United States"
6/10/2026,1,Lupe Fiasco,Live Nation,3561,150765.0,3561.0,1.0,40.0,95.0,42.34,Club,3561,150765.0,"The Rooftop at Pier 17, New York, United States"
6/10/2026,1,Rawayana,"OCESA, Rimas Entertainment",6516,398659.3,7912.0,0.82,20.07,102.65,61.18,Theater ,6516,398659.3,"Auditorio Telmex, Zapopan, Mexico"
6/10/2026,1,Guns N' Roses,Live Nation,12366,1902635.52,12366.0,1.0,103.95,184.8,153.86,Arena,12366,1902635.52,"3Arena, Dublin, Ireland"
6/10/2026,1,Rod Stewart,Live Nation,17258,2564973.75,17258.0,1.0,20.0,500.0,148.63,Amphitheatre,17258,2564973.75,"Hollywood Bowl, Los Angeles, United States"
6/10/2026,1,mgk,Live Nation,20019,838568.0,20019.0,1.0,29.5,149.5,41.89,Amphitheatre,20019,838568.0,"The Pavilion at Star Lake, Burgettstown, United States"
6/11/2026,1,Bailey Zimmerman,Live Nation,4552,344020.27,4552.0,1.0,26.37,98.11,75.58,Arena,4552,344020.27,"Prospera Place, Kelowna, Canada"
6/11/2026,3,Martin Garrix,Live Nation,11020,806405.67,11912.0,0.92,20.5,161.0,73.17,Arena,33062,2419217.0,"Barclays Center, Brooklyn, United States"
6/11/2026,1,Big K.R.I.T.,Live Nation,1000,34300.75,1000.0,1.0,30.0,30.0,34.3,Club,1000,34300.75,"The Echo Lounge & Music Hall, Dallas, United States"
6/11/2026,1,Jill Scott,Live Nation,2900,456317.0,2900.0,1.0,99.0,249.0,157.35,Theater ,2900,456317.0,"The Theater at MGM National Harbor, Oxon Hill, United States"
6/11/2026,1,The Warning,Live Nation,3552,181091.0,3552.0,1.0,49.5,84.5,50.98,Club,3552,181091.0,"The Rooftop at Pier 17, New York, United States"
6/11/2026,1,Don Toliver,Live Nation,14731,1532971.75,14731.0,1.0,39.5,149.5,104.06,Arena,14731,1532971.75,"United Center, Chicago, United States"
6/11/2026,2,Noah Kahan,Live Nation,13342,2184530.5,13342.0,1.0,49.95,299.95,163.73,Arena,26684,4369061.0,"Kia Center, Orlando, United States"
6/11/2026,1,Luke Bryan,Live Nation,10523,826578.0,11403.0,0.92,64.75,194.75,78.55,Arena,10523,826578.0,"Dickies Arena, Fort Worth, United States"
6/11/2026,1,HARDY,Live Nation,9465,757401.0,15000.0,0.63,39.75,149.75,80.02,Amphitheatre,9465,757401.0,"Merriweather Post Pavilion, Columbia, United States"
6/11/2026,2,Linkin Park,Live Nation,50670,7091550.01,50671.0,0.99,139.95,139.95,139.95,Stadium,101341,14183100.02,"Allianz Arena, Munich, Germany"
6/12/2026,2,Jim Jefferies,"Live Nation, Outback Presents, LLC",2406,145222.84,2788.0,0.86,28.45,189.47,60.35,Theater ,4813,290445.68,"Queen Elizabeth Theatre, Vancouver, Canada"
6/12/2026,1,Taylorville: A Tribute to Taylor Swift,Live Nation,438,10219.0,3000.0,0.14,23.0,28.0,23.33,Other,438,10219.0,"Avondale Brewing Company, Birmingham, United States"
6/12/2026,1,Dave Chappelle,Live Nation,12387,1526685.0,12387.0,1.0,53.5,293.5,123.25,Arena,12387,1526685.0,"CFG Bank Arena, Baltimore, United States"
6/12/2026,1,Ty Myers,"(In-House Promotion), Live Nation",6877,318149.45,8210.0,0.83,39.5,39.5,46.26,Amphitheatre,6877,318149.45,"BankNH Pavilion, Gilford, United States"
6/12/2026,1,Josh Groban,Live Nation,10268,1170594.21,10268.0,1.0,29.92,310.5,114.0,Arena,10268,1170594.21,"Madison Square Garden, New York, United States"
6/12/2026,1,Big K.R.I.T.,Live Nation,765,20981.0,900.0,0.85,30.0,30.0,27.43,Club,765,20981.0,"Emo's, Austin, United States"
6/12/2026,1,Matt Rife,Live Nation,9600,813301.0,10263.0,0.93,34.5,155.0,84.72,Arena,9600,813301.0,"Denny Sanford PREMIER Center, Sioux Falls, United States"
6/12/2026,1,Alex Warren,Live Nation,12253,861341.5,12796.0,0.95,29.5,124.5,70.3,Arena,12253,861341.5,"Moda Center, Portland, United States"
6/12/2026,1,Khalid,Live Nation,5411,615110.48,5906.0,0.91,60.95,200.95,113.68,Theater ,5411,615110.48,"Radio City Music Hall, New York, United States"
6/12/2026,1,No Doubt,Live Nation,15795,2464818.85,15795.0,1.0,104.0,220.0,156.05,Arena,15795,2464818.85,"Sphere, Las Vegas, United States"
6/12/2026,1,moe.,Live Nation,1659,72631.0,3500.0,0.47,47.0,117.0,43.78,Club,1659,72631.0,"The Rooftop at Pier 17, New York, United States"
6/12/2026,1,Rüfüs Du Sol,Live Nation,40390,4914025.5,40390.0,1.0,40.0,240.0,121.66,Stadium,40390,4914025.5,"Wrigley Field, Chicago, United States"
6/12/2026,1,A$AP Rocky,Live Nation,10017,912556.5,11894.0,0.84,43.0,153.5,91.1,Arena,10017,912556.5,"Spectrum Center, Charlotte, United States"
6/12/2026,1,mgk,Live Nation,10800,566531.0,10800.0,1.0,29.5,149.5,52.46,Amphitheatre,10800,566531.0,"The Pavilion At Montage Mountain, Moosic, United States"
6/13/2026,1,What's Love Got To Do With It - Tina Turner Tribute,Live Nation / Gaiety Investments (MCD Productions),1399,68073.44,1886.0,0.74,46.93,50.95,48.66,Theater ,1399,68073.44,"Waterfront Hall, Belfast, United Kingdom"
6/13/2026,1,Bailey Zimmerman,Live Nation,13188,795794.37,13188.0,1.0,24.83,81.99,60.34,Arena,13188,795794.37,"Rogers Place, Edmonton, Canada"
6/13/2026,1,Ty Myers,"(In-House Promotion), Live Nation",3547,221047.5,3547.0,1.0,59.5,59.5,62.32,Club,3547,221047.5,"The Rooftop at Pier 17, New York, United States"
6/13/2026,1,"""Braves Country Fest""",Live Nation,38155,5530311.25,38155.0,1.0,49.75,229.75,144.94,Stadium,38155,5530311.25,"Truist Park, Atlanta, United States"
6/13/2026,2,5 Seconds Of Summer,Live Nation,12180,1078264.77,12180.0,1.0,29.5,199.5,88.53,Arena,24360,2156529.53,"Madison Square Garden, New York, United States"
6/13/2026,1,Big K.R.I.T.,Live Nation,1052,33430.0,1200.0,0.87,35.0,35.0,31.78,Club,1052,33430.0,"House Of Blues, Houston, United States"
6/13/2026,4,Jim Gaffigan,Live Nation,2000,147265.38,2233.0,0.89,41.0,140.5,73.63,Theater ,8000,589061.5,"The Masonic, San Francisco, United States"
6/13/2026,1,Matt Rife,Live Nation,12080,968348.0,12670.0,0.95,26.5,156.5,80.16,Arena,12080,968348.0,"Fargodome, Fargo, United States"
6/13/2026,1,No Doubt,Live Nation,16670,3341860.85,16670.0,1.0,104.0,220.0,200.47,Arena,16670,3341860.85,"Sphere, Las Vegas, United States"
6/13/2026,1,IVE,Live Nation,10423,1251866.02,10844.0,0.96,42.19,165.46,120.11,Arena,10423,1251866.02,"Qudos Bank Arena, Sydney, Australia"
6/13/2026,1,Jill Scott,Live Nation,2900,463190.0,2900.0,1.0,99.0,249.0,159.72,Theater ,2900,463190.0,"The Theater at MGM National Harbor, Oxon Hill, United States"
6/13/2026,1,Don Toliver,Live Nation,14123,1392803.33,14123.0,1.0,39.5,149.5,98.62,Arena,14123,1392803.33,"American Airlines Center, Dallas, United States"
6/13/2026,1,Spite,Live Nation,630,18585.0,630.0,1.0,29.5,49.5,29.5,Theater ,630,18585.0,"The Gramercy Theatre, New York, United States"
6/13/2026,1,Alex Warren,Live Nation,13197,1095425.0,13344.0,0.98,49.5,169.5,83.01,Arena,13197,1095425.0,"Climate Pledge Arena, Seattle, United States"
6/13/2026,1,mgk,Live Nation,16487,696784.0,16487.0,1.0,29.5,149.5,42.26,Amphitheatre,16487,696784.0,"Darien Lake Performing Arts Center, Darien Center, United States"
6/13/2026,1,Def Leppard,Live Nation,6161,923671.74,6161.0,1.0,136.34,157.48,149.92,Amphitheatre,6161,923671.74,"Dalhalla, Rattvik, Sweden"
6/14/2026,1,Wyatt Flores,Live Nation,1404,39040.57,3000.0,0.46,25.0,39.0,27.81,Other,1404,39040.57,"Avondale Brewing Company, Birmingham, United States"
6/14/2026,1,Big K.R.I.T.,Live Nation,841,24722.5,850.0,0.98,30.0,30.0,29.4,Club,841,24722.5,"House Of Blues, New Orleans, United States"
6/14/2026,1,"""Weird Al"" Yankovic","Live Nation, NS2",5244,333169.0,7789.0,0.67,30.5,174.5,63.53,Arena,5244,333169.0,"KFC Yum! Center, Louisville, United States"
6/14/2026,1,John Oliver,Live Nation,2424,276041.5,2772.0,0.87,75.0,149.5,113.88,Theater ,2424,276041.5,"Beacon Theatre, New York, United States"
6/14/2026,1,"Wale, Smino","Hard Rock International (HRI), Live Nation",2388,140091.0,2913.0,0.81,52.52,52.52,58.66,Club,2388,140091.0,"Hard Rock Live Orlando, Orlando, United States"
6/14/2026,1,Jill Scott,Live Nation,2900,468389.0,2900.0,1.0,99.0,249.0,161.51,Theater ,2900,468389.0,"The Theater at MGM National Harbor, Oxon Hill, United States"
6/14/2026,1,Spite,Live Nation,683,19122.5,1000.0,0.68,18.5,30.0,28.0,Club,683,19122.5,"Theatre Of Living Arts , Philadelphia, United States"
6/14/2026,1,Alex Warren,Live Nation,13504,968484.0,13504.0,1.0,34.5,139.49,71.72,Arena,13504,968484.0,"Rogers Arena, Vancouver, Canada"
6/14/2026,1,mgk,Live Nation,14367,1050999.0,14367.0,1.0,49.49,179.49,73.15,Amphitheatre,14367,1050999.0,"RBC Amphitheatre, Toronto, Canada"
6/15/2026,1,Don Toliver,Live Nation,12927,1186366.25,12927.0,1.0,39.5,149.5,91.77,Arena,12927,1186366.25,"Frost Bank Center, San Antonio, United States"
6/15/2026,1,Spite,Live Nation,665,20190.0,1413.0,0.47,27.5,65.0,30.36,Theater ,665,20190.0,"Roxian Theatre Presented by Citizens, McKees Rocks, United States"
6/16/2026,2,Rosalía,Live Nation,12248,1904891.92,12248.0,1.0,49.5,199.5,155.53,Arena,24496,3809783.83,"Madison Square Garden, New York, United States"
6/16/2026,1,Jill Scott,Live Nation,1998,322275.6,2118.0,0.94,68.6,397.2,161.3,Theater ,1998,322275.6,"Belk Theater, Charlotte, United States"
6/16/2026,1,Lenny Pearce,Live Nation,1113,46600.73,1184.0,0.94,37.86,37.86,41.87,Theater ,1113,46600.73,"Burton Cummings Theatre, Winnipeg, Canada"
6/16/2026,1,"""Weird Al"" Yankovic","Live Nation, NS2",2721,192857.5,5209.0,0.52,35.5,175.5,70.88,Arena,2721,192857.5,"Ford Center, Evansville, United States"
6/16/2026,1,Bleachers,"(In-House Promotion), Crossroads Presents, Live Nation",4911,282817.5,4945.0,0.99,38.5,78.5,57.59,Club,4911,282817.5,"MGM Music Hall at Fenway, Boston, United States"
6/16/2026,1,Rüfüs Du Sol,Live Nation,18927,1294520.0,18927.0,1.0,35.0,195.0,68.4,Amphitheatre,18927,1294520.0,"Truliant Amphitheater, Charlotte, United States"
6/16/2026,1,The Black Crowes,Live Nation,5466,442893.0,15000.0,0.36,39.95,129.95,81.03,Amphitheatre,5466,442893.0,"Merriweather Post Pavilion, Columbia, United States"
6/16/2026,1,mgk,Live Nation,14842,711949.0,14842.0,1.0,29.5,149.5,47.97,Amphitheatre,14842,711949.0,"Pine Knob Music Theatre, Clarkston, United States"
6/16/2026,1,Def Leppard,Live Nation,10618,1263613.15,10618.0,1.0,42.75,142.98,119.01,Arena,10618,1263613.15,"Veikkaus Arena, Helsinki, Finland"
6/16/2026,1,Linkin Park,Live Nation,53006,6365438.64,53006.0,1.0,120.11,120.11,120.09,Stadium,53006,6365438.64,"Groupama Stadium, Decines-Charpieu, France"
6/17/2026,1,Kodaline,Live Nation / Gaiety Investments (MCD Productions),1619,117461.29,1669.0,0.97,72.51,80.56,72.55,Theater ,1619,117461.29,"Ulster Hall, Belfast, United Kingdom"
6/17/2026,1,Christopher Cross,"Live Nation, Omaha Performing Arts",1002,54928.0,1850.0,0.54,30.5,79.5,54.82,Theater ,1002,54928.0,"Peter Kiewit Concert Hall, Omaha, United States"
6/17/2026,1,Don Toliver,Live Nation,12599,1171716.0,13279.0,0.94,39.5,149.5,93.0,Arena,12599,1171716.0,"T-Mobile Center, Kansas City, United States"
6/17/2026,1,Lenny Pearce,Live Nation,1579,57513.97,1590.0,0.99,36.42,36.42,36.42,Theater ,1579,57513.97,"MacEwan Hall, Calgary, Canada"
6/17/2026,1,Big K.R.I.T.,Live Nation,900,26550.0,900.0,1.0,29.5,29.5,29.5,Club,900,26550.0,"The Underground, Charlotte, United States"
6/17/2026,1,"""Weird Al"" Yankovic","Live Nation, NS2",2998,209260.5,4554.0,0.65,31.5,176.5,69.8,Arena,2998,209260.5,"Great Southern Bank Arena, Springfield, United States"
6/17/2026,1,Bleachers,"(In-House Promotion), Crossroads Presents, Live Nation",2431,139545.0,4513.0,0.53,38.5,78.5,57.4,Club,2431,139545.0,"MGM Music Hall at Fenway, Boston, United States"
6/17/2026,1,CA7RIEL &amp; Paco Amoroso,Live Nation,1934,145243.0,2500.0,0.77,69.5,99.5,75.1,Theater ,1934,145243.0,"The Anthem, Washington, United States"
6/17/2026,1,Fulton Lee,"Live Nation, Union Stage Presents",195,6467.5,250.0,0.78,30.0,47.5,33.17,Club,195,6467.5,"Union Stage, Washington, United States"
6/17/2026,1,Jimmy Eat World,Live Nation,3555,220523.0,3555.0,1.0,59.5,119.5,62.03,Club,3555,220523.0,"The Rooftop at Pier 17, New York, United States"
6/17/2026,1,Spite,Live Nation,764,21380.0,1000.0,0.76,27.5,27.5,27.98,Club,764,21380.0,"Baltimore Soundstage, Baltimore, United States"
6/17/2026,1,Alex Warren,Live Nation,18108,893016.0,18108.0,1.0,34.5,129.5,49.32,Amphitheatre,18108,893016.0,"Utah First Credit Union Amphitheatre, West Valley City, United States"
6/17/2026,1,mgk,Live Nation,11601,713171.0,11601.0,1.0,29.5,149.5,61.47,Amphitheatre,11601,713171.0,"Acrisure Amphitheater, Grand Rapids, United States"
6/18/2026,1,Bailey Zimmerman,Live Nation,15825,946341.76,15825.0,1.0,28.19,84.93,59.8,Amphitheatre,15825,946341.76,"RBC Amphitheatre, Toronto, Canada"
6/18/2026,1,The String Cheese Incident,Live Nation,2042,94262.16,3000.0,0.68,25.0,54.0,46.16,Other,2042,94262.16,"Avondale Brewing Company, Birmingham, United States"
6/18/2026,1,Lenny Pearce,Live Nation,1249,46504.79,1250.0,0.99,37.23,37.23,37.23,Theater ,1249,46504.79,"Midway Music Hall, Edmonton, Canada"
6/18/2026,1,Big K.R.I.T.,"FPC Live (Frank Productions Concerts), Live Nation, NS2",621,18930.0,700.0,0.88,30.0,35.0,30.48,Club,621,18930.0,"Music Farm, Charleston, United States"
6/18/2026,1,Pradabagshawty,"Live Nation, Union Stage Presents",300,7820.0,300.0,1.0,25.0,33.0,26.07,Club,300,7820.0,"Pearl Street Warehouse, Washington, United States"
6/18/2026,2,Young The Giant,Live Nation,3172,206095.0,3500.0,0.9,55.0,110.0,64.96,Club,6345,412190.0,"The Rooftop at Pier 17, New York, United States"
6/18/2026,1,Rüfüs Du Sol,Live Nation,19944,2636003.0,19944.0,1.0,50.0,242.0,132.17,Stadium,19944,2636003.0,"Audi Field, Washington, United States"
6/18/2026,1,Fuerza Regida,Live Nation,37770,5147292.15,37770.0,1.0,49.5,309.5,136.28,Stadium,37770,5147292.15,"Petco Park, San Diego, United States"
6/18/2026,1,Spite,Live Nation,804,22270.0,900.0,0.89,27.5,27.5,27.7,Club,804,22270.0,"The Underground, Charlotte, United States"
6/18/2026,1,Guns N' Roses,Live Nation,14748,2098530.36,14748.0,1.0,97.95,178.61,142.29,Arena,14748,2098530.36,"Ziggo Dome, Amsterdam, Netherlands"
6/19/2026,1,Jonathan Van Ness,"Live Nation, Omaha Performing Arts",911,28387.5,1391.0,0.65,12.5,60.5,31.16,Theater ,911,28387.5,"Steelhouse Omaha, Omaha, United States"
6/19/2026,1,Bailey Zimmerman,Live Nation,8104,573773.2,8229.0,0.98,25.97,82.5,70.8,Arena,8104,573773.2,"Canada Life Place, London, Canada"
6/19/2026,1,"""Weird Al"" Yankovic","Live Nation, NS2",6848,359099.37,12689.0,0.53,26.5,171.5,52.44,Amphitheatre,6848,359099.37,"Morton Amphitheater, Riverside, United States"
6/19/2026,1,CA7RIEL &amp; Paco Amoroso,Live Nation,5040,341863.43,5917.0,0.85,44.5,129.5,67.83,Theater ,5040,341863.43,"Radio City Music Hall, New York, United States"
6/19/2026,1,House Party Rave,"Live Nation, NS2",394,9373.0,700.0,0.56,17.0,32.0,23.79,Club,394,9373.0,"Music Farm, Charleston, United States"
6/19/2026,1,The Human League,Live Nation,2108,198410.0,4543.0,0.46,55.0,125.0,94.12,Theater ,2108,198410.0,"Fox Theatre, Atlanta, United States"
6/19/2026,1,Alex Warren,Live Nation,14400,1068163.5,14951.0,0.96,30.5,125.5,74.18,Arena,14400,1068163.5,"CHI Health Center Omaha, Omaha, United States"
6/19/2026,1,Tye Tribbett,Live Nation,2900,201154.0,2900.0,1.0,49.5,99.5,69.36,Theater ,2900,201154.0,"The Theater at MGM National Harbor, Oxon Hill, United States"
6/19/2026,1,Louis Tomlinson,Live Nation,5984,546259.0,8895.0,0.67,69.5,135.0,91.29,Amphitheatre,5984,546259.0,"Red Rocks Amphitheatre, Morrison, United States"
6/19/2026,1,mgk,Live Nation,18951,878057.0,18951.0,1.0,29.5,149.5,46.33,Amphitheatre,18951,878057.0,"Hollywood Casino Amphitheatre, Maryland Heights, United States"
6/20/2026,1,"""Detroit Gospel Legends""",Live Nation,1486,135903.0,1884.0,0.78,69.0,199.0,91.46,Theater ,1486,135903.0,"The Theater at MGM National Harbor, Oxon Hill, United States"
6/20/2026,1,"""Reggae Fest Blaze""",Live Nation,2423,111175.0,3500.0,0.69,40.0,85.0,45.88,Club,2423,111175.0,"The Rooftop at Pier 17, New York, United States"
6/20/2026,1,Ben Folds,"Live Nation, Omaha Performing Arts",910,53033.0,1925.0,0.47,32.0,80.0,58.28,Theater ,910,53033.0,"Peter Kiewit Concert Hall, Omaha, United States"
6/20/2026,1,Bailey Zimmerman,Live Nation,11689,587625.21,11831.0,0.98,25.24,25.24,50.27,Arena,11689,587625.21,"Canadian Tire Centre, Ottawa, Canada"
6/20/2026,1,Night Ranger,"Hard Rock International (HRI), Live Nation",1902,108251.0,2043.0,0.93,25.0,79.5,56.91,Club,1902,108251.0,"Hard Rock Live Sacramento, Wheatland, United States"
6/20/2026,1,Lenny Pearce,Live Nation,1305,51024.74,1305.0,1.0,37.42,37.42,39.1,Theater ,1305,51024.74,"The Vogue Theatre, Vancouver, Canada"
6/20/2026,1,"""Weird Al"" Yankovic","Live Nation, NS2",3437,191075.5,3979.0,0.86,30.5,175.5,55.59,Arena,3437,191075.5,"Simmons Bank Arena, North Little Rock, United States"
6/20/2026,1,"""Bop To The Top""","Live Nation, NS2",416,9419.0,700.0,0.59,18.0,25.0,22.64,Club,416,9419.0,"Music Farm, Charleston, United States"
6/20/2026,1,Jimmy Eat World,"(In-House Promotion), Crossroads Presents, Live Nation",4937,305893.5,4937.0,1.0,35.5,115.5,61.96,Club,4937,305893.5,"MGM Music Hall at Fenway, Boston, United States"
6/20/2026,1,Dave,Live Nation,15218,1744483.38,15982.0,0.95,78.54,171.44,114.63,Arena,15218,1744483.38,"Qudos Bank Arena, Sydney, Australia"
6/20/2026,1,Rüfüs Du Sol,Live Nation,45000,3990886.01,45000.0,1.0,77.31,352.64,88.69,Stadium,45000,3990886.01,"Parc Jean Drapeau, Montreal, Canada"
6/20/2026,1,Kenny Mason,"Live Nation, Union Stage Presents",414,11364.67,600.0,0.69,25.0,40.0,27.45,Club,414,11364.67,"The Howard Theatre, Washington, United States"
6/20/2026,1,Fuerza Regida,Live Nation,35058,6485610.48,35058.0,1.0,49.5,309.5,185.0,Stadium,35058,6485610.48,"Oracle Park, San Francisco, United States"
6/20/2026,1,Don Toliver,Live Nation,14644,1123542.03,14644.0,1.0,39.5,149.5,76.72,Arena,14644,1123542.03,"Target Center, Minneapolis, United States"
6/20/2026,1,The Wallflowers,"Live Nation, Omaha Performing Arts",1104,54648.5,1454.0,0.75,25.0,75.5,49.5,Theater ,1104,54648.5,"Steelhouse Omaha, Omaha, United States"
6/20/2026,1,Guns N' Roses,Live Nation,14880,2108829.54,14880.0,1.0,97.56,177.9,141.72,Arena,14880,2108829.54,"Ziggo Dome, Amsterdam, Netherlands"
6/20/2026,1,mgk,Live Nation,23775,1002650.0,23775.0,1.0,29.5,149.5,42.17,Amphitheatre,23775,1002650.0,"Ruoff Music Center, Noblesville, United States"
6/20/2026,2,Bad Bunny,Live Nation,53336,6315419.72,53366.0,0.99,63.13,229.55,118.41,Stadium,106672,12630839.43,"Merkur Spiel-Arena, Dusseldorf, Germany"
6/20/2026,1,Ben Lapidus,"Live Nation, Union Stage Presents",38,947.0,150.0,0.25,22.0,28.0,24.92,Club,38,947.0,"Pearl Street Warehouse, Washington, United States"
6/21/2026,1,Alex Warren,Live Nation,12759,943844.0,12997.0,0.98,34.5,129.5,73.97,Arena,12759,943844.0,"T-Mobile Center, Kansas City, United States"
6/21/2026,1,"""Weird Al"" Yankovic","Live Nation, NS2",3237,206693.0,5330.0,0.6,34.5,174.5,63.85,Arena,3237,206693.0,"INTRUST Bank Arena, Wichita, United States"
6/21/2026,1,Flawed Mangoes,"Live Nation, Union Stage Presents",481,12550.0,500.0,0.96,25.0,40.0,26.09,Club,481,12550.0,"Union Stage, Washington, United States"
6/21/2026,1,"Five For Fighting, Edwin McCain","Live Nation, Omaha Performing Arts",582,23874.2,1238.0,0.47,14.0,74.5,41.02,Theater ,582,23874.2,"Steelhouse Omaha, Omaha, United States"
6/22/2026,1,mgk,Live Nation,15427,830713.0,15427.0,1.0,29.5,149.5,53.85,Amphitheatre,15427,830713.0,"Mystic Lake Amphitheater, Shakopee, United States"
6/23/2026,1,A$AP Rocky,Live Nation,12308,1459500.5,12308.0,1.0,34.5,1154.5,118.58,Arena,12308,1459500.5,"Mortgage Matchup Center, Phoenix, United States"
6/23/2026,1,Bleachers,Live Nation,10933,917379.0,10933.0,1.0,22.35,135.0,83.91,Arena,10933,917379.0,"Madison Square Garden, New York, United States"
6/23/2026,1,Jill Scott,Live Nation,2900,464947.0,2900.0,1.0,99.0,249.0,160.33,Theater ,2900,464947.0,"The Theater at MGM National Harbor, Oxon Hill, United States"
6/23/2026,1,mgk,Live Nation,9578,468038.0,9578.0,1.0,29.5,149.5,48.87,Amphitheatre,9578,468038.0,"Morton Amphitheater, Riverside, United States"
6/23/2026,1,Rüfüs Du Sol,Live Nation,35317,3896750.0,35317.0,1.0,40.0,210.0,110.34,Stadium,35317,3896750.0,"Fenway Park, Boston, United States"
6/23/2026,1,Yächtley Crëw,"Live Nation, Omaha Performing Arts",1329,38912.8,2761.0,0.48,19.1,50.5,29.28,Theater ,1329,38912.8,"Steelhouse Omaha, Omaha, United States"
6/23/2026,1,Guns N' Roses,Live Nation,11230,1437375.57,11230.0,1.0,68.58,160.02,127.99,Arena,11230,1437375.57,"Uber Arena, Berlin, Germany"
6/23/2026,1,Alex Warren,Live Nation,13520,1062203.0,13520.0,1.0,34.5,129.5,78.57,Arena,13520,1062203.0,"PPG Paints Arena, Pittsburgh, United States"
6/23/2026,1,5 Seconds Of Summer,Live Nation,10893,915045.0,11799.0,0.92,54.5,214.5,84.0,Arena,10893,915045.0,"Dickies Arena, Fort Worth, United States"
6/23/2026,1,Def Leppard,Live Nation,8914,1031438.52,8914.0,1.0,62.86,142.87,115.71,Arena,8914,1031438.52,"Westfalenhalle, Dortmund, Germany"
6/23/2026,2,Bad Bunny,Live Nation,33083,4713853.06,33084.0,0.99,91.44,228.59,142.48,Stadium,66167,9427706.11,"GelreDome, Arnhem, Netherlands"
6/24/2026,1,"""Weird Al"" Yankovic","Live Nation, NS2",3391,196072.5,3391.0,1.0,31.5,176.5,57.82,Arena,3391,196072.5,"Summit Arena at The Monument, Rapid City, United States"
6/24/2026,1,The Breeders,Live Nation,3314,156755.0,3500.0,0.94,45.0,99.5,47.3,Club,3314,156755.0,"The Rooftop at Pier 17, New York, United States"
6/24/2026,1,Connor Price,"Live Nation, Omaha Performing Arts",1715,60595.0,2981.0,0.57,25.0,65.0,35.33,Theater ,1715,60595.0,"Steelhouse Omaha, Omaha, United States"
6/24/2026,1,Don Toliver,Live Nation,15126,1369141.7,15126.0,1.0,39.5,149.5,90.52,Arena,15126,1369141.7,"Climate Pledge Arena, Seattle, United States"
6/25/2026,1,"""Stuff You Should Know""","evenko, Live Nation",486,26066.39,603.0,0.8,28.99,66.76,53.63,Club,486,26066.39,"L'Olympia, Montreal, Canada"
6/25/2026,4,Rüfüs Du Sol,Live Nation,14335,1968599.63,14335.0,1.0,50.0,270.0,137.33,Arena,57340,7874398.5,"Madison Square Garden, New York, United States"
6/25/2026,1,Fuerza Regida,Live Nation,37545,4115160.55,37545.0,1.0,49.5,309.5,109.61,Stadium,37545,4115160.55,"T-Mobile Park, Seattle, United States"
6/25/2026,2,Dark Star Orchestra,Live Nation,3205,149210.0,3504.0,0.91,45.0,125.0,46.55,Club,6411,298420.0,"The Rooftop at Pier 17, New York, United States"
6/25/2026,1,Don Toliver,Live Nation,14342,725439.21,14342.0,1.0,27.76,105.07,50.58,Arena,14342,725439.21,"Rogers Arena, Vancouver, Canada"
6/25/2026,1,Alex Warren,Live Nation,10271,882953.0,10271.0,1.0,34.5,129.5,85.97,Arena,10271,882953.0,"State Farm Arena, Atlanta, United States"
6/25/2026,1,Guns N' Roses,Live Nation,12656,1631201.36,12656.0,1.0,68.22,159.18,128.89,Arena,12656,1631201.36,"Uber Arena, Berlin, Germany"
6/26/2026,2,Matt Rife,Live Nation,5970,846230.0,6521.0,0.91,73.0,283.0,141.75,Theater ,11940,1692460.0,"Hard Rock Live Hollywood, Hollywood, United States"
6/26/2026,1,Kevin Langue,Live Nation,2579,111825.5,2582.0,0.99,34.5,64.5,43.36,Theater ,2579,111825.5,"Celebrity Theatre, Phoenix, United States"
6/26/2026,1,Kes,Live Nation,3734,162013.5,3964.0,0.94,35.0,35.0,43.39,Amphitheatre,3734,162013.5,"Pier Six Pavilion, Baltimore, United States"
6/26/2026,1,Dance Gavin Dance,Live Nation,1450,84484.39,1500.0,0.96,49.99,209.98,58.27,Club,1450,84484.39,"McMenamins Crystal Ballroom, Portland, United States"
6/26/2026,1,Joji,Live Nation,10770,1111877.0,10770.0,1.0,33.5,153.5,103.24,Arena,10770,1111877.0,"Barclays Center, Brooklyn, United States"
6/26/2026,1,"""Weird Al"" Yankovic","Live Nation, NS2",4538,329001.5,4538.0,1.0,35.5,175.5,72.5,Arena,4538,329001.5,"AMSOIL Arena, Duluth, United States"
6/26/2026,1,Yung Bleu,"Live Nation, NS2",392,12395.0,700.0,0.56,30.0,35.0,31.62,Club,392,12395.0,"Music Farm, Charleston, United States"
6/26/2026,1,"Chris Brown, Usher",Live Nation,50276,7456411.0,50276.0,1.0,148.31,148.31,148.31,Stadium,50276,7456411.0,"Empower Field at Mile High, Denver, United States"
6/26/2026,1,Noah Kahan,Live Nation,48206,7936154.0,48206.0,1.0,49.95,299.95,164.63,Stadium,48206,7936154.0,"Citizens Bank Park, Philadelphia, United States"
6/26/2026,1,Summer Walker,Live Nation,5367,419664.0,7246.0,0.74,45.5,150.5,78.19,Arena,5367,419664.0,"T-Mobile Arena, Las Vegas, United States"
6/26/2026,1,A$AP Rocky,Live Nation,9664,1110263.0,12104.0,0.79,39.5,159.5,114.89,Arena,9664,1110263.0,"MGM Grand Garden Arena, Las Vegas, United States"
6/26/2026,1,Sammy Hagar,Live Nation,2019,296375.0,2900.0,0.69,99.0,299.0,146.79,Theater ,2019,296375.0,"The Theater at MGM National Harbor, Oxon Hill, United States"
6/26/2026,1,Alex Warren,Live Nation,13648,1102843.0,13917.0,0.98,43.0,153.5,80.81,Arena,13648,1102843.0,"Spectrum Center, Charlotte, United States"
6/26/2026,1,Rush,Live Nation,11575,2918254.0,11771.0,0.98,99.0,273.5,252.12,Arena,11575,2918254.0,"Dickies Arena, Fort Worth, United States"
6/26/2026,1,mgk,Live Nation,18361,858836.0,18361.0,1.0,29.5,149.5,46.78,Amphitheatre,18361,858836.0,"Utah First Credit Union Amphitheatre, West Valley City, United States"
6/27/2026,1,Kes,Live Nation,13284,938908.0,13284.0,1.0,30.0,30.0,70.68,Stadium,13284,938908.0,"Forest Hills Stadium, Queens, United States"
6/27/2026,1,Dave,Live Nation,8600,873427.24,9000.0,0.95,79.29,170.69,101.56,Arena,8600,873427.24,"RAC Arena, Perth, Australia"
6/27/2026,1,Voyage - Celebrating the Music of Journey,Live Nation,1778,61689.25,1778.0,1.0,25.0,99.0,34.7,Club,1778,61689.25,"Hampton Beach Casino Ballroom, Hampton Beach, United States"
6/27/2026,1,Morbid,Live Nation,5333,321854.0,5946.0,0.89,39.0,139.0,60.35,Theater ,5333,321854.0,"Radio City Music Hall, New York, United States"
6/27/2026,1,CA7RIEL &amp; Paco Amoroso,"(In-House Promotion), Crossroads Presents, Live Nation",1621,91859.7,3461.0,0.46,28.25,105.5,56.67,Club,1621,91859.7,"MGM Music Hall at Fenway, Boston, United States"
6/27/2026,1,"""Weird Al"" Yankovic","Live Nation, NS2",8970,769525.0,8970.0,1.0,34.5,194.5,85.79,Arena,8970,769525.0,"United Center, Chicago, United States"
6/27/2026,1,Bayou,"Live Nation, Union Stage Presents",447,11920.0,500.0,0.89,25.0,40.0,26.67,Club,447,11920.0,"Union Stage, Washington, United States"
6/27/2026,1,The Strokes,Live Nation,15000,1340703.0,15000.0,1.0,49.5,169.5,89.38,Amphitheatre,15000,1340703.0,"Merriweather Post Pavilion, Columbia, United States"
6/27/2026,1,Don Toliver,Live Nation,14917,1460815.89,14917.0,1.0,39.5,149.5,97.93,Arena,14917,1460815.89,"Oakland Arena, Oakland, United States"
6/27/2026,1,Sammy Hagar,Live Nation,2180,358925.0,2900.0,0.75,99.0,299.0,164.64,Theater ,2180,358925.0,"The Theater at MGM National Harbor, Oxon Hill, United States"
6/27/2026,1,Rosalía,Live Nation,13795,1221853.0,13795.0,1.0,39.5,149.5,88.57,Arena,13795,1221853.0,"T-Mobile Arena, Las Vegas, United States"
6/27/2026,1,Alex Warren,Live Nation,14440,1213980.0,14490.0,0.99,34.5,129.5,84.07,Arena,14440,1213980.0,"Rocket Arena, Cleveland, United States"
6/27/2026,2,Bad Bunny,Live Nation,53504,8687131.28,53504.0,1.0,124.98,270.15,162.36,Stadium,107008,17374262.56,"Tottenham Hotspur Stadium, London, United Kingdom"
6/28/2026,1,Daniel Tosh,"evenko, Live Nation",868,41603.43,1082.0,0.8,32.05,56.71,47.93,Club,868,41603.43,"L'Olympia, Montreal, Canada"
6/28/2026,1,Summer Walker,Live Nation,10960,871207.57,11799.0,0.92,34.0,143.33,79.49,Arena,10960,871207.57,"Oakland Arena, Oakland, United States"
6/28/2026,1,Matt Rife,Live Nation,14330,1280235.0,14454.0,0.99,25.0,160.0,89.34,Arena,14330,1280235.0,"Spectrum Center, Charlotte, United States"
6/28/2026,1,"""Weird Al"" Yankovic","Live Nation, NS2",5261,324838.0,5261.0,1.0,34.0,174.0,61.74,Arena,5261,324838.0,"Baxter Arena, Omaha, United States"
6/28/2026,1,Charley Crockett,"Live Nation, Omaha Performing Arts",1016,53997.0,2607.0,0.38,25.75,96.0,53.15,Theater ,1016,53997.0,"Steelhouse Omaha, Omaha, United States"
6/28/2026,1,Don Toliver,Live Nation,13427,1500031.25,13427.0,1.0,39.5,149.5,111.72,Arena,13427,1500031.25,"Crypto.com Arena, Los Angeles, United States"
6/28/2026,1,Noah Kahan,Live Nation,53506,7172260.58,53506.0,1.0,35.19,246.54,134.05,Stadium,53506,7172260.58,"Rogers Stadium, Toronto, Canada"
6/28/2026,1,Guns N' Roses,Live Nation,18134,2151777.67,18134.0,1.0,79.73,148.06,118.66,Arena,18134,2151777.67,"AFAS Dome, Merksem, Belgium"
6/28/2026,1,Rush,Live Nation,11482,2918334.0,11703.0,0.98,99.0,273.5,254.17,Arena,11482,2918334.0,"Dickies Arena, Fort Worth, United States"
6/28/2026,1,Def Leppard,Live Nation,12489,1209961.37,12489.0,1.0,72.61,122.11,96.88,Arena,12489,1209961.37,"The OVO Hydro, Glasgow, United Kingdom"
6/29/2026,1,Joji,Live Nation,6434,637595.5,7434.0,0.86,43.0,153.5,99.1,Arena,6434,637595.5,"Spectrum Center, Charlotte, United States"
6/29/2026,1,Don Toliver,Live Nation,13186,1414921.9,13186.0,1.0,39.5,149.5,107.3,Arena,13186,1414921.9,"Crypto.com Arena, Los Angeles, United States"
6/29/2026,1,Alex Warren,Live Nation,14633,1215786.0,14633.0,1.0,34.5,149.5,83.09,Arena,14633,1215786.0,"United Center, Chicago, United States"
6/29/2026,1,mgk,Live Nation,8095,632058.0,8095.0,1.0,49.49,169.5,78.08,Arena,8095,632058.0,"Rogers Arena, Vancouver, Canada"
6/30/2026,1,Rod Stewart,Live Nation,11172,1134561.39,11172.0,1.0,116.32,116.32,101.55,Arena,11172,1134561.39,"Roig Arena, Valencia, Spain"
6/30/2026,1,"""Weird Al"" Yankovic","Live Nation, NS2",4430,290650.3,4430.0,1.0,34.5,174.5,65.61,Arena,4430,290650.3,"Denny Sanford PREMIER Center, Sioux Falls, United States"
6/30/2026,1,Def Leppard,Live Nation,13021,1354540.46,13317.0,0.97,72.8,125.75,104.03,Arena,13021,1354540.46,"Utilita Arena Sheffield, Sheffield, United Kingdom"
6/30/2026,1,"Chris Brown, Usher",Live Nation,36941,4877053.0,36941.0,1.0,132.02,132.02,132.02,Stadium,36941,4877053.0,"U.S. Bank Stadium, Minneapolis, United States"
6/30/2026,1,Rüfüs Du Sol,Live Nation,7513,489892.92,9078.0,0.82,30.0,130.0,65.21,Amphitheatre,7513,489892.92,"Coca-Cola Amphitheater, Birmingham, United States"
6/30/2026,1,Don Toliver,Live Nation,10915,1078037.28,10915.0,1.0,39.5,149.5,98.77,Arena,10915,1078037.28,"Pechanga Arena San Diego, San Diego, United States"
6/30/2026,1,Linkin Park,Live Nation,46036,8288898.54,46036.0,1.0,180.05,180.05,180.05,Stadium,46036,8288898.54,"Stadion Letzigrund, Zurich, Switzerland"
6/30/2026,1,mgk,Live Nation,9460,453717.0,9460.0,1.0,29.5,149.5,47.96,Amphitheatre,9460,453717.0,"White River Amphitheatre, Auburn, United States"
7/1/2026,1,"""Weird Al"" Yankovic","Live Nation, NS2",4816,360438.0,5244.0,0.91,35.5,175.5,74.84,Arena,4816,360438.0,"Alliant Energy PowerHouse, Cedar Rapids, United States"
7/1/2026,1,Don Toliver,Live Nation,13367,1181408.6,13367.0,1.0,39.5,149.5,88.38,Arena,13367,1181408.6,"Mortgage Matchup Center, Phoenix, United States"
7/1/2026,1,Noah Kahan,Live Nation,42709,7120603.0,42709.0,1.0,49.95,299.95,166.72,Stadium,42709,7120603.0,"Great American Ballpark, Cincinnati, United States"
7/1/2026,1,Guns N' Roses,Live Nation,13563,2036068.1,13563.0,1.0,85.53,205.28,150.12,Arena,13563,2036068.1,"Accor Arena, Paris, France"
7/1/2026,1,mgk,Live Nation,11393,538230.0,11393.0,1.0,29.5,149.5,47.24,Amphitheatre,11393,538230.0,"Cascades Amphitheater, Ridgefield, United States"
7/1/2026,1,Bad Bunny,Live Nation,64238,8074132.1,64238.0,1.0,62.72,228.08,125.69,Stadium,64238,8074132.1,"Orange Vélodrome, Marseille, France"
7/2/2026,3,"Chris Brown, Usher",Live Nation,41002,7421585.17,41002.0,1.0,181.0,181.0,181.01,Stadium,123006,22264755.5,"Ford Field, Detroit, United States"
7/2/2026,1,Alex Warren,Live Nation,15099,1251436.0,15099.0,1.0,34.5,149.5,82.88,Arena,15099,1251436.0,"Grand Casino Arena, Saint Paul, United States"
7/2/2026,1,Def Leppard,Live Nation,15957,1685303.83,15957.0,1.0,73.08,126.23,105.62,Arena,15957,1685303.83,"The O2 - London, London, United Kingdom"
7/3/2026,1,ILLENIUM,Live Nation,15915,2612094.1,15915.0,1.0,56.25,298.0,164.13,Arena,15915,2612094.1,"Sphere, Las Vegas, United States"
7/3/2026,1,Don Toliver,Live Nation,12714,1195137.0,12714.0,1.0,39.5,149.5,94.0,Arena,12714,1195137.0,"MGM Grand Garden Arena, Las Vegas, United States"
7/3/2026,1,Noah Kahan,Live Nation,42633,6360916.0,42633.0,1.0,49.95,299.95,149.2,Stadium,42633,6360916.0,"PNC Park, Pittsburgh, United States"
7/3/2026,1,Guns N' Roses,Live Nation,13824,2072597.28,13824.0,1.0,85.81,205.94,149.93,Arena,13824,2072597.28,"Accor Arena, Paris, France"
7/4/2026,1,ILLENIUM,Live Nation,16217,2370224.48,16217.0,1.0,56.25,298.0,146.16,Arena,16217,2370224.48,"Sphere, Las Vegas, United States"
7/4/2026,1,Kes,Live Nation,15742,669382.73,15782.0,0.99,35.92,35.92,42.52,Amphitheatre,15742,669382.73,"RBC Amphitheatre, Toronto, Canada"
7/4/2026,1,Rüfüs Du Sol,Live Nation,64979,6509567.23,64979.0,1.0,45.22,152.94,100.18,Stadium,64979,6509567.23,"Estadio GNP Seguros, Mexico City, Mexico"
7/4/2026,1,Def Leppard,Live Nation,14371,1425940.26,14371.0,1.0,73.46,123.54,99.22,Arena,14371,1425940.26,"bp pulse LIVE, Birmingham, United Kingdom"
7/4/2026,2,Bad Bunny,Live Nation,43446,6291588.53,43446.0,1.0,74.37,228.83,144.81,Arena,86892,12583177.05,"Paris La Défense Arena, Nanterre, France"
7/5/2026,1,Don Toliver,Live Nation,13828,1301535.33,13828.0,1.0,39.5,149.5,94.12,Arena,13828,1301535.33,"Ball Arena, Denver, United States"
7/5/2026,1,Alex Warren,Live Nation,14091,1148058.0,14091.0,1.0,34.5,129.5,81.47,Arena,14091,1148058.0,"Little Caesars Arena, Detroit, United States"
7/6/2026,1,Rosalía,Live Nation,12985,1596427.35,12985.0,1.0,47.14,192.0,122.94,Arena,12985,1596427.35,"Oakland Arena, Oakland, United States"
7/6/2026,1,Def Leppard,Live Nation,16823,1758106.56,17802.0,0.94,73.38,150.1,104.51,Arena,16823,1758106.56,"Co-op Live, Manchester, United Kingdom"
7/6/2026,1,Madison Beer,Live Nation,5462,321610.0,5462.0,1.0,55.0,95.0,58.88,Theater ,5462,321610.0,"The Anthem, Washington, United States"
7/7/2026,3,Bon Jovi,Live Nation,13985,3558542.68,13985.0,1.0,82.0,276.5,254.45,Arena,41955,10675628.03,"Madison Square Garden, New York, United States"
7/7/2026,1,Jinjer,Live Nation,915,37012.5,1500.0,0.61,28.5,59.5,40.45,Club,915,37012.5,"McMenamins Crystal Ballroom, Portland, United States"
7/7/2026,1,"""idobi Radio Summer School""",Live Nation,750,24572.8,2425.0,0.3,24.5,56.5,32.76,Club,750,24572.8,"Citizens House of Blues Boston, Boston, United States"
7/7/2026,1,"Chris Brown, Usher",Live Nation,46416,8289199.5,46416.0,1.0,178.58,178.58,178.58,Stadium,46416,8289199.5,"Huntington Bank Field, Cleveland, United States"
7/7/2026,4,Noah Kahan,Live Nation,38445,6393740.75,38446.0,0.99,49.95,299.95,166.31,Stadium,153783,25574963.0,"Fenway Park, Boston, United States"
7/7/2026,1,Alex Warren,Live Nation,15702,1062296.0,15702.0,1.0,63.02,169.5,67.65,Amphitheatre,15702,1062296.0,"RBC Amphitheatre, Toronto, Canada"
7/8/2026,1,Koe Wetzel,Live Nation,3552,178744.96,7645.0,0.46,17.43,77.13,50.32,Arena,3552,178744.96,"Rogers Place, Edmonton, Canada"
7/9/2026,1,Memphis May Fire,Live Nation,1200,39000.0,1200.0,1.0,32.5,37.5,32.5,Club,1200,39000.0,"The Mill & Mine, Knoxville, United States"
7/9/2026,1,Tyler Childers,Live Nation,18617,1570769.8,18617.0,1.0,44.5,209.5,84.37,Amphitheatre,18617,1570769.8,"Hollywood Casino Amphitheatre, Maryland Heights, United States"
7/10/2026,1,Poppy,Live Nation,2398,126237.0,3500.0,0.68,50.0,149.5,52.64,Club,2398,126237.0,"The Rooftop at Pier 17, New York, United States"
7/10/2026,1,Jill Scott,Live Nation,4268,602241.0,4543.0,0.93,48.0,197.6,141.11,Theater ,4268,602241.0,"Fox Theatre, Atlanta, United States"
7/10/2026,1,Koe Wetzel,Live Nation,1649,84657.04,4264.0,0.38,17.67,77.4,51.34,Arena,1649,84657.04,"South Okanagan Events Centre, Penticton, Canada"
7/10/2026,3,"Chris Brown, Usher",Live Nation,38267,7289007.0,38267.0,1.0,190.48,190.48,190.48,Stadium,114801,21867021.0,"Northwest Stadium, Landover, United States"
7/10/2026,1,Fuerza Regida,Live Nation,41957,4604718.1,41957.0,1.0,49.5,309.5,109.75,Stadium,41957,4604718.1,"Allegiant Stadium, Las Vegas, United States"
7/10/2026,2,Bad Bunny,Live Nation,51654,5893765.84,51654.0,1.0,60.19,207.02,114.1,Stadium,103308,11787531.68,"Strawberry Arena, Solna, Sweden"
7/11/2026,3,Matt Rife,Live Nation,5443,439847.27,17460.0,0.31,21.6,159.5,80.81,Amphitheatre,16329,1319541.8,"Greek Theatre, Los Angeles, United States"
7/11/2026,1,"Lionel Richie, Earth, Wind &amp; Fire",Live Nation,13744,1874069.78,13744.0,1.0,60.95,500.95,136.36,Arena,13744,1874069.78,"Madison Square Garden, New York, United States"
7/11/2026,1,Koe Wetzel,Live Nation,1963,86241.66,5635.0,0.34,17.46,77.26,43.93,Arena,1963,86241.66,"Rogers Forum, Abbotsford, Canada"
7/11/2026,1,Jill Scott,Live Nation,4292,643870.9,4543.0,0.94,48.0,197.6,150.02,Theater ,4292,643870.9,"Fox Theatre, Atlanta, United States"
7/11/2026,1,Alex Warren,Live Nation,15000,971005.0,15000.0,1.0,34.5,129.5,64.73,Amphitheatre,15000,971005.0,"Merriweather Post Pavilion, Columbia, United States"
7/12/2026,1,Madison Beer,"(In-House Promotion), Crossroads Presents, Live Nation",4739,269540.35,4739.0,1.0,35.95,85.95,56.88,Club,4739,269540.35,"MGM Music Hall at Fenway, Boston, United States"
7/12/2026,1,FLYLEAF with Lacey Sturm,Live Nation,2425,117651.5,2425.0,1.0,45.0,120.0,48.52,Club,2425,117651.5,"Citizens House of Blues Boston, Boston, United States"
7/12/2026,1,Fuerza Regida,Live Nation,44624,4430289.4,44624.0,1.0,49.5,309.5,99.28,Stadium,44624,4430289.4,"Chase Field, Phoenix, United States"
7/12/2026,1,Tyler Childers,Live Nation,36522,3862129.0,36522.0,1.0,49.5,209.5,105.75,Stadium,36522,3862129.0,"Wrigley Field, Chicago, United States"
7/13/2026,1,Madison Beer,Live Nation,12030,1050795.9,12030.0,1.0,38.48,149.95,87.35,Arena,12030,1050795.9,"Madison Square Garden, New York, United States"
7/14/2026,3,Bon Jovi,Live Nation,14002,3528626.86,14002.0,1.0,82.0,276.5,252.01,Arena,42006,10585880.58,"Madison Square Garden, New York, United States"
7/14/2026,2,Noah Kahan,Live Nation,43645,7788906.5,43645.0,1.0,49.95,299.95,178.46,Stadium,87290,15577813.0,"Wrigley Field, Chicago, United States"
7/14/2026,1,Bad Bunny,Live Nation,65039,7238114.19,65039.0,1.0,53.37,224.77,111.29,Stadium,65039,7238114.19,"PGE Narodowy, Warsaw, Poland"
7/15/2026,1,Trombone Shorty &amp; Orleans Avenue,Live Nation,3548,178739.0,3548.0,1.0,49.5,149.5,50.38,Club,3548,178739.0,"The Rooftop at Pier 17, New York, United States"
7/15/2026,1,Alex Warren,Live Nation,14731,1354328.33,14731.0,1.0,36.5,156.5,91.94,Arena,14731,1354328.33,"Madison Square Garden, New York, United States"
7/16/2026,1,Backstreet Boys,Live Nation,16598,2966244.25,16598.0,1.0,85.0,375.0,178.71,Arena,16598,2966244.25,"Sphere, Las Vegas, United States"
7/16/2026,1,"""The Lovable Reunion Live""",Live Nation,3246,383775.93,3536.0,0.91,59.5,179.5,118.23,Theater ,3246,383775.93,"Chicago Theatre, Chicago, United States"
7/17/2026,1,Backstreet Boys,Live Nation,16631,3075404.25,16631.0,1.0,85.0,375.0,184.92,Arena,16631,3075404.25,"Sphere, Las Vegas, United States"
7/17/2026,1,"Billy Currington, Kip Moore",Live Nation,3321,231690.0,3500.0,0.94,69.75,129.75,69.77,Club,3321,231690.0,"The Rooftop at Pier 17, New York, United States"
7/17/2026,1,Work It,"Live Nation, NS2",391,8322.5,700.0,0.55,15.0,25.0,21.29,Club,391,8322.5,"Music Farm, Charleston, United States"
7/17/2026,2,"Chris Brown, Usher",Live Nation,49656,10669004.25,49657.0,0.99,214.86,214.86,214.86,Stadium,99313,21338008.5,"Bank of America Stadium, Charlotte, United States"
7/17/2026,1,Train,"I.M.P., Live Nation",14696,829295.0,15000.0,0.97,29.5,149.5,56.43,Amphitheatre,14696,829295.0,"Merriweather Post Pavilion, Columbia, United States"
7/17/2026,1,Bad Bunny,Live Nation,78375,7726899.16,78375.0,1.0,89.97,232.96,98.59,Stadium,78375,7726899.16,"Ippodromo Snai La Maura, Milan, Italy"
7/18/2026,1,Backstreet Boys,Live Nation,16742,3142727.5,16742.0,1.0,85.0,375.0,187.72,Arena,16742,3142727.5,"Sphere, Las Vegas, United States"
7/18/2026,1,Golden Era Rave,"Live Nation, NS2",415,11832.0,700.0,0.59,17.0,67.0,28.51,Club,415,11832.0,"Music Farm, Charleston, United States"
7/18/2026,1,Fuerza Regida,Live Nation,49784,9237664.0,49784.0,1.0,49.5,309.5,185.55,Stadium,49784,9237664.0,"Dodger Stadium, Los Angeles, United States"
7/19/2026,1,Gary Owen,"Hard Rock International (HRI), Live Nation",2175,132092.5,2195.0,0.99,39.5,89.5,60.73,Club,2175,132092.5,"Hard Rock Live Sacramento, Wheatland, United States"
7/19/2026,1,BRESH,Live Nation,3700,137525.0,3700.0,1.0,35.0,85.0,37.17,Club,3700,137525.0,"The Rooftop at Pier 17, New York, United States"
7/19/2026,1,Cat Power,Live Nation,299,12185.0,1202.0,0.24,40.0,55.0,40.75,Theater ,299,12185.0,"Charleston Music Hall, Charleston, United States"
7/19/2026,1,Noah Kahan,Live Nation,46560,7914018.0,46560.0,1.0,49.95,299.95,169.97,Stadium,46560,7914018.0,"Citi Field, New York, United States"
7/22/2026,1,Creed,Live Nation,6910,588444.0,7121.0,0.97,44.5,245.0,85.16,Amphitheatre,6910,588444.0,"The Orion Amphitheater, Huntsville, United States"
7/22/2026,1,Noah Kahan,Live Nation,43002,7534659.0,43002.0,1.0,49.95,299.95,175.22,Stadium,43002,7534659.0,"Nationals Park, Washington, United States"
7/22/2026,1,Bad Bunny,Live Nation,57016,6419788.81,57016.0,1.0,62.74,228.15,112.6,Stadium,57016,6419788.81,"King Baudouin Stadium, Brussels, Belgium"
7/23/2026,1,"""idobi Radio Summer School"", Honey Revenge",Live Nation,612,20544.6,1500.0,0.4,24.4,46.5,33.57,Club,612,20544.6,"McMenamins Crystal Ballroom, Portland, United States"
